train_window,forecast_year,calendar_year,month,information_date,target_quarter_end,months_before_quarter_end,latest_released_monthly_period,latest_released_gdp_quarter_end,bridge_gdp_raw,actual_gdp_raw,bridge_nowcast_error_raw,bridge_abs_error_raw,bridge_squared_error_raw,model_loading_gdp_raw,macro_S_target_nowcast,real_S_target_nowcast,nominal_S_target_nowcast
200501_201412,2015,2015,2015-01,2015-01-31,2015-03,2,2015-01,2015-01,7.829980867695679,7.1,0.7299808676956792,0.7299808676956792,0.5328720672017366,7.547790471147094,-160.63474506368038,144.24208113090862,-23.848345780002603
200501_201412,2015,2015,2015-02,2015-02-28,2015-03,1,2015-02,2015-01,7.740815377611628,7.1,0.6408153776116281,0.6408153776116281,0.4106443481835335,7.381937853214083,-322.30921464850053,140.4023147094118,-33.12971015983857
200501_201412,2015,2015,2015-03,2015-03-31,2015-03,0,2015-03,2015-01,6.838114016501809,7.1,-0.2618859834981908,0.2618859834981908,0.0685842683528146,6.425550903794054,-243.6186243196343,207.684091558118,-30.11502216053915
200501_201412,2015,2015,2015-04,2015-04-30,2015-06,2,2015-04,2015-04,6.998953551553386,7.1,-0.1010464484466133,0.1010464484466133,0.010210384743674,6.610409572456531,-223.3302407396318,197.8192007159136,-24.935261207654435
200501_201412,2015,2015,2015-05,2015-05-31,2015-06,1,2015-05,2015-04,6.315929629416662,7.1,-0.7840703705833381,0.7840703705833381,0.6147663460266931,5.87188029444671,-199.12118291982935,246.541207004838,-30.129795392412063
200501_201412,2015,2015,2015-06,2015-06-30,2015-06,0,2015-06,2015-04,6.13253504598136,7.1,-0.9674649540186396,0.9674649540186396,0.9359884372542888,5.649333362963612,-250.18149146350692,256.0613362659662,-30.37027646129055
200501_201412,2015,2015,2015-07,2015-07-31,2015-09,2,2015-07,2015-07,7.169428441858997,7.0,0.1694284418589973,0.1694284418589973,0.0287059969107676,6.835242782040736,-133.22487959567388,191.60848989892656,-25.698067079450595
200501_201412,2015,2015,2015-08,2015-08-31,2015-09,1,2015-08,2015-07,6.700065345773348,7.0,-0.2999346542266519,0.2999346542266519,0.0899607968060612,6.324540411692713,-124.17735180501109,224.6198829433393,-31.39730594635577
200501_201412,2015,2015,2015-09,2015-09-30,2015-09,0,2015-09,2015-07,6.11116745356187,7.0,-0.8888325464381301,0.8888325464381301,0.7900232956076908,5.67432040592461,-135.26878349019205,264.64962520337656,-31.61208574880504
200501_201412,2015,2015,2015-10,2015-10-31,2015-12,2,2015-10,2015-10,7.074626645674801,6.9,0.1746266456748006,0.1746266456748006,0.0304944653796323,6.716539123458573,-168.3141730507832,195.9916666490417,-24.571650341552697
200501_201412,2015,2015,2015-11,2015-11-30,2015-12,1,2015-11,2015-10,6.404225194412999,6.9,-0.4957748055870015,0.4957748055870015,0.2457926578548291,5.929645536811043,-291.7537460772114,234.70427656412832,-34.05861132733526
200501_201412,2015,2015,2015-12,2015-12-31,2015-12,0,2015-12,2015-10,5.933424780028378,6.9,-0.966575219971622,0.966575219971622,0.9342676558631894,5.443202845035116,-221.38018895978445,271.6099778383642,-34.21140760391724
200601_201512,2016,2016,2016-01,2016-01-31,2016-03,2,2016-01,2016-01,6.672180112004596,6.8,-0.127819887995404,0.127819887995404,0.0163379237671576,6.297781862464608,27.19415918471813,23.649171888217133,-10.836941455124052
200601_201512,2016,2016,2016-02,2016-02-29,2016-03,1,2016-02,2016-01,6.860113490915211,6.8,0.060113490915211,0.060113490915211,0.0036136317900131,6.500579452430126,34.37825514493005,24.04713128789266,-10.662002075279542
200601_201512,2016,2016,2016-03,2016-03-31,2016-03,0,2016-03,2016-01,6.814461770522668,6.8,0.0144617705226677,0.0144617705226677,0.0002091428066503,6.444249370080328,39.64699352183823,25.448514629409395,-11.682669467968084
200601_201512,2016,2016,2016-04,2016-04-30,2016-06,2,2016-04,2016-04,5.333092157640098,6.7,-1.366907842359902,1.366907842359902,1.8684370495050031,4.816760377915162,11.752094696249117,28.44859630762108,-7.234220847585664
200601_201512,2016,2016,2016-05,2016-05-31,2016-06,1,2016-05,2016-04,6.362044325991665,6.7,-0.3379556740083353,0.3379556740083353,0.1142140375944282,5.946147292565415,32.178766621655626,26.589233842188506,-7.890962107637845
200601_201512,2016,2016,2016-06,2016-06-30,2016-06,0,2016-06,2016-04,6.62947434425466,6.7,-0.0705256557453397,0.0705256557453397,0.0049738681183101,6.21710263162554,59.89417491372734,30.891643894746256,-10.242705251527145
200601_201512,2016,2016,2016-07,2016-07-31,2016-09,2,2016-07,2016-07,6.18105237357837,6.7,-0.51894762642163,0.51894762642163,0.2693066389686436,5.712331265075541,63.47591395328237,34.3683065074836,-9.37942937910968
200601_201512,2016,2016,2016-08,2016-08-31,2016-09,1,2016-08,2016-07,6.303537687585929,6.7,-0.3964623124140711,0.3964623124140711,0.1571823651647125,5.844576223631493,68.08676948971714,34.61243268414917,-8.426484552803467
200601_201512,2016,2016,2016-09,2016-09-30,2016-09,0,2016-09,2016-07,6.491213943975998,6.7,-0.2087860560240022,0.2087860560240022,0.0435916171900578,6.052248486010591,70.14810396700669,33.91780307963829,-8.171226174721387
200601_201512,2016,2016,2016-10,2016-10-31,2016-12,2,2016-10,2016-10,6.345425715532431,6.8,-0.4545742844675686,0.4545742844675686,0.206637780099202,5.907400698468843,52.19870206878221,30.965681818611404,-3.522528864507261
200601_201512,2016,2016,2016-11,2016-11-30,2016-12,1,2016-11,2016-10,6.636891150138763,6.8,-0.1631088498612367,0.1631088498612367,0.0266044969030554,6.213435384991281,71.75957156240588,33.381061701732435,-4.337745550092328
200601_201512,2016,2016,2016-12,2016-12-31,2016-12,0,2016-12,2016-10,6.528598227741595,6.8,-0.2714017722584048,0.2714017722584048,0.073658921985003,6.094924277437507,69.26027603534133,33.50210961650879,-2.209538760119764
200701_201612,2017,2017,2017-01,2017-01-31,2017-03,2,2017-01,2017-01,7.183721426290576,7.0,0.1837214262905764,0.1837214262905764,0.0337535624782437,7.07079066193429,0.8360490973211656,15.126897726185856,9.429726211562372
200701_201612,2017,2017,2017-02,2017-02-28,2017-03,1,2017-02,2017-01,7.015737548169952,7.0,0.0157375481699517,0.0157375481699517,0.0002476704224015,6.892910618227472,0.887382838676412,16.486885962802766,9.859770127211512
200701_201612,2017,2017,2017-03,2017-03-31,2017-03,0,2017-03,2017-01,7.318748972442761,7.0,0.3187489724427612,0.3187489724427612,0.1016009074333161,7.170678663983878,3.6082859854690823,15.891740202432976,9.65799477059935
200701_201612,2017,2017,2017-04,2017-04-30,2017-06,2,2017-04,2017-04,7.421064866100833,7.0,0.4210648661008331,0.4210648661008331,0.1772956214645125,7.2772732128446815,3.6912014501392334,15.13880139193126,8.22887776958442
200701_201612,2017,2017,2017-05,2017-05-31,2017-06,1,2017-05,2017-04,6.765583331083651,7.0,-0.2344166689163493,0.2344166689163493,0.0549511746658373,6.700419547877276,-3.762971085351828,15.390572101219323,7.118002694831819
200701_201612,2017,2017,2017-06,2017-06-30,2017-06,0,2017-06,2017-04,7.144678545781279,7.0,0.1446785457812787,0.1446785457812787,0.0209318816093855,7.021493039267143,1.3673182432355755,15.785954494111214,6.865397805743736
200701_201612,2017,2017,2017-07,2017-07-31,2017-09,2,2017-07,2017-07,7.573509491099722,6.9,0.6735094910997219,0.6735094910997219,0.4536150346014064,7.422661340584222,4.691641568086377,14.596067223921445,4.734176162229495
200701_201612,2017,2017,2017-08,2017-08-31,2017-09,1,2017-08,2017-07,7.166985722067559,6.9,0.2669857220675586,0.2669857220675586,0.0712813757879356,7.0523664386960485,0.887033784356007,15.292681645878083,6.117294145064965
200701_201612,2017,2017,2017-09,2017-09-30,2017-09,0,2017-09,2017-07,6.906878674467897,6.9,0.006878674467897,0.006878674467897,4.731616243529846e-05,6.803966948468375,-0.7982475872632688,16.233052716950862,7.789648148700956
200701_201612,2017,2017,2017-10,2017-10-31,2017-12,2,2017-10,2017-10,7.555581567173791,6.8,0.7555815671737909,0.7555815671737909,0.5709035046528018,7.361022255641766,7.481945305422952,16.58029237125832,7.964760921923224
200701_201612,2017,2017,2017-11,2017-11-30,2017-12,1,2017-11,2017-10,7.144241908014505,6.8,0.3442419080145056,0.3442419080145056,0.1185024912334673,6.981397956462436,3.9549607110452025,17.498264759557706,8.014803073412766
200701_201612,2017,2017,2017-12,2017-12-31,2017-12,0,2017-12,2017-10,7.059398684128015,6.8,0.2593986841280147,0.2593986841280147,0.0672876773273455,6.899494522854567,3.4626364823054927,17.842900857376883,7.167392763710496
200801_201712,2018,2018,2018-01,2018-01-31,2018-03,2,2018-01,2018-01,6.475056602275653,6.9,-0.4249433977243475,0.4249433977243475,0.180576891269513,6.346633659108984,12.513344497899624,26.697505242548797,-3.022177337087187
200801_201712,2018,2018,2018-02,2018-02-28,2018-03,1,2018-02,2018-01,7.070654195063196,6.9,0.1706541950631956,0.1706541950631956,0.0291228542926672,6.95468521768543,26.086120959562948,24.53901141608342,-4.408238430301078
200801_201712,2018,2018,2018-03,2018-03-31,2018-03,0,2018-03,2018-01,6.667192400348677,6.9,-0.2328075996513234,0.2328075996513234,0.0541993784554109,6.547137064613207,14.271760669405833,25.032924547254822,-1.4857034831616152
200801_201712,2018,2018,2018-04,2018-04-30,2018-06,2,2018-04,2018-04,6.114398255105746,6.9,-0.7856017448942545,0.7856017448942545,0.6171701015808974,5.989659250020769,-2.466631870503001,25.50594466678931,0.116838212378857
200801_201712,2018,2018,2018-05,2018-05-31,2018-06,1,2018-05,2018-04,6.839418552420735,6.9,-0.0605814475792652,0.0605814475792652,0.0036701117907992,6.713288082785069,24.024716037211803,26.562606609018395,-2.8064052515024014
200801_201712,2018,2018,2018-06,2018-06-30,2018-06,0,2018-06,2018-04,7.311531460201548,6.9,0.411531460201548,0.411531460201548,0.1693581427356183,7.186520278219056,40.05524013574209,26.799853045829657,-3.879119700087655
200801_201712,2018,2018,2018-07,2018-07-31,2018-09,2,2018-07,2018-07,6.330288403894591,6.7,-0.3697115961054091,0.3697115961054091,0.1366866642948092,6.200750018494066,8.062880080361964,26.796643927910903,-3.890379086319114
200801_201712,2018,2018,2018-08,2018-08-31,2018-09,1,2018-08,2018-07,6.6692133821332815,6.7,-0.0307866178667186,0.0307866178667186,0.0009478158396713,6.541549187109381,18.92615592667329,26.728643926363524,-2.718402416017454
200801_201712,2018,2018,2018-09,2018-09-30,2018-09,0,2018-09,2018-07,6.970076813219411,6.7,0.2700768132194104,0.2700768132194104,0.0729414850387523,6.843684566847434,28.805443097238037,26.755483198986823,-2.135256237266548
200801_201712,2018,2018,2018-10,2018-10-31,2018-12,2,2018-10,2018-10,6.185423592786711,6.5,-0.3145764072132895,0.3145764072132895,0.0989583159752213,6.056929535008242,2.308147612507682,26.41494521277181,0.2092881222217972
200801_201712,2018,2018,2018-11,2018-11-30,2018-12,1,2018-11,2018-10,6.4692666591888806,6.5,-0.0307333408111194,0.0307333408111194,0.0009445382374124,6.341448121962045,11.944440678355877,26.557007023183616,-0.2600950921446578
200801_201712,2018,2018,2018-12,2018-12-31,2018-12,0,2018-12,2018-10,6.574186206940335,6.5,0.0741862069403351,0.0741862069403351,0.0055035933001942,6.446342084261288,15.67219950928753,26.67079352408512,-1.3541691163896217
200901_201812,2019,2019,2019-01,2019-01-31,2019-03,2,2019-01,2019-01,6.149439028404915,6.4,-0.2505609715950854,0.2505609715950854,0.0627808004866731,6.156830940585734,-228.13035917268823,387.7120701460408,11.25727588078996
200901_201812,2019,2019,2019-02,2019-02-28,2019-03,1,2019-02,2019-01,6.199477651811906,6.4,-0.2005223481880946,0.2005223481880946,0.0402092121228674,6.208130089606197,-221.9022597393896,379.0002913734984,9.598518571400223
200901_201812,2019,2019,2019-03,2019-03-31,2019-03,0,2019-03,2019-01,5.9085075275512935,6.4,-0.4914924724487068,0.4914924724487068,0.2415648504737428,5.928037215028194,-257.2721226576828,451.5761048610937,10.485855794509089
200901_201812,2019,2019,2019-04,2019-04-30,2019-06,2,2019-04,2019-04,6.1449483442147965,6.1,0.0449483442147968,0.0449483442147968,0.0020203536476518,6.17103416855738,-227.8154412158201,411.1337103880917,10.900161717868595
200901_201812,2019,2019,2019-05,2019-05-31,2019-06,1,2019-05,2019-04,6.08064890260243,6.1,-0.0193510973975694,0.0193510973975694,0.0003744649704902,6.123886507397415,-234.94631949269024,444.9254023542894,15.05453895440662
200901_201812,2019,2019,2019-06,2019-06-30,2019-06,0,2019-06,2019-04,5.964160420330879,6.1,-0.1358395796691205,0.1358395796691205,0.0184523914046833,5.98958922453221,-250.136281238514,447.3005340922597,17.583373171784636
200901_201812,2019,2019,2019-07,2019-07-31,2019-09,2,2019-07,2019-07,6.041730849841402,6.0,0.0417308498414019,0.0417308498414019,0.0017414638284856,6.0255018555437285,-242.50780531641976,381.2956991921508,17.45627979620032
200901_201812,2019,2019,2019-08,2019-08-31,2019-09,1,2019-08,2019-07,5.832735211078795,6.0,-0.1672647889212051,0.1672647889212051,0.0279775096128553,5.892112562637067,-264.76300611181045,515.034329031274,20.44899249668784
200901_201812,2019,2019,2019-09,2019-09-30,2019-09,0,2019-09,2019-07,5.548372337661144,6.0,-0.451627662338856,0.451627662338856,0.2039675453896597,5.595092303671425,-300.4117446738207,557.9285855361553,22.789551933952445
200901_201812,2019,2019,2019-10,2019-10-31,2019-12,2,2019-10,2019-10,5.598216821455816,5.9,-0.3017831785441842,0.3017831785441842,0.0910730868522309,5.6734961732774485,-292.9391608778549,582.1187106332964,22.07351531668985
200901_201812,2019,2019,2019-11,2019-11-30,2019-12,1,2019-11,2019-10,5.306629810992424,5.9,-0.5933701890075769,0.5933701890075769,0.3520881812028875,5.375495317818452,-329.1885006285311,634.005707663551,30.452633398478515
200901_201812,2019,2019,2019-12,2019-12-31,2019-12,0,2019-12,2019-10,4.858781966753277,5.9,-1.0412180332467234,1.0412180332467234,1.0841349927581747,5.017288967439852,-380.240937451033,833.4673570669192,38.82676718321909
201001_201912,2020,2020,2020-01,2020-01-31,2020-03,2,2020-01,2020-01,6.028061608142737,-6.8,12.828061608142736,12.828061608142736,164.5591646223056,5.998570422354851,-7.939523007592587,63.85967571379345,13.007061269175876
201001_201912,2020,2020,2020-02,2020-02-29,2020-03,1,2020-02,2020-01,5.791920407942386,-6.8,12.591920407942386,12.591920407942386,158.55645955995593,5.758934911635773,-9.656413093166645,71.45720383440343,16.637676015787275
201001_201912,2020,2020,2020-03,2020-03-31,2020-03,0,2020-03,2020-01,1.447769741628072,-6.8,8.247769741628073,8.247769741628073,68.0257057109156,1.3160979572891192,-12.82310249459311,284.2156836171033,17.039096445145173
201001_201912,2020,2020,2020-04,2020-04-30,2020-06,2,2020-04,2020-04,-0.9599750188439052,3.2,-4.159975018843905,4.159975018843905,17.30539215740535,-1.1503412622905378,-11.276148658882065,410.6184295591213,11.62712485985052
201001_201912,2020,2020,2020-05,2020-05-31,2020-06,1,2020-05,2020-04,1.1739866838188808,3.2,-2.02601331618112,2.02601331618112,4.104729957343216,1.041187223683619,-17.22865300931723,286.82142754243773,5.163000665924342
201001_201912,2020,2020,2020-06,2020-06-30,2020-06,0,2020-06,2020-04,2.8234330722306487,3.2,-0.3765669277693515,0.3765669277693515,0.141802651089648,2.7252607409685137,-13.677558671562265,212.07106116298155,1.829353053978952
201001_201912,2020,2020,2020-07,2020-07-31,2020-09,2,2020-07,2020-07,2.076368158757276,4.9,-2.823631841242724,2.823631841242724,7.972896774879777,1.9580538481926053,-11.602940476153409,255.3865832926864,-2.3319196512788336
201001_201912,2020,2020,2020-08,2020-08-31,2020-09,1,2020-08,2020-07,2.927336130996469,4.9,-1.9726638690035312,1.9726638690035312,3.891402740071981,2.831301194916036,-13.417635981298387,207.45539054415565,0.5357789535786592
201001_201912,2020,2020,2020-09,2020-09-30,2020-09,0,2020-09,2020-07,4.209033407144913,4.9,-0.6909665928550872,0.6909665928550872,0.4774348324417679,4.137983313209743,-9.070610444294031,153.4487354890307,0.4435018859060823
201001_201912,2020,2020,2020-10,2020-10-31,2020-12,2,2020-10,2020-10,6.774020670643967,6.5,0.2740206706439672,0.2740206706439672,0.0750873279401695,6.759316144174985,-5.612106801949025,31.90697560032044,-3.94811397685216
201001_201912,2020,2020,2020-11,2020-11-30,2020-12,1,2020-11,2020-10,6.8269037884354296,6.5,0.3269037884354295,0.3269037884354295,0.106866086893436,6.816500790693418,-8.134362572952845,22.739571452420307,-7.556425889163562
201001_201912,2020,2020,2020-12,2020-12-31,2020-12,0,2020-12,2020-10,6.548079195027155,6.5,0.0480791950271548,0.0480791950271548,0.0023116089944591,6.5284467853645545,-5.9460099833449735,42.53805765788397,-7.864103854380148
201101_202012,2021,2021,2021-01,2021-01-31,2021-03,2,2021-01,2021-01,6.491099539617643,18.9,-12.408900460382355,12.408900460382355,153.98081063567744,6.0400590442106274,5.129997860578975,47.47003499473706,-12.68251932894168
201101_202012,2021,2021,2021-02,2021-02-28,2021-03,1,2021-02,2021-01,8.695839053450335,18.9,-10.204160946549663,10.204160946549663,104.12490062308932,9.885060355260464,8.26279431518985,-31.08686809667533,-16.190554396144254
201101_202012,2021,2021,2021-03,2021-03-31,2021-03,0,2021-03,2021-01,10.820162660122438,18.9,-8.07983733987756,8.07983733987756,65.28377143887968,13.613745509550624,9.191177132179336,-117.14602098460485,-16.999202871785254
201101_202012,2021,2021,2021-04,2021-04-30,2021-06,2,2021-04,2021-04,7.405728148749558,8.1,-0.6942718512504413,0.6942718512504413,0.4820134034387149,7.419945729354906,25.22849687649349,108.12705481324774,-13.561902847627618
201101_202012,2021,2021,2021-05,2021-05-31,2021-06,1,2021-05,2021-04,5.635251581283694,8.1,-2.4647484187163053,2.4647484187163053,6.074984767564528,4.186498684337656,35.44815411499795,234.38081901680616,-13.878590453571432
201101_202012,2021,2021,2021-06,2021-06-30,2021-06,0,2021-06,2021-04,8.443211259584935,8.1,0.343211259584935,0.343211259584935,0.1177939687058776,9.064567525814674,41.09180495185871,142.53338281333376,-13.719778032387786
201101_202012,2021,2021,2021-07,2021-07-31,2021-09,2,2021-07,2021-07,9.067853999360253,5.5,3.5678539993602527,3.5678539993602527,12.729582160750953,10.284734667750325,30.552507666705992,63.59724071105484,-11.67957268816929
201101_202012,2021,2021,2021-08,2021-08-31,2021-09,1,2021-08,2021-07,5.974034784322855,5.5,0.4740347843228552,0.4740347843228552,0.2247089767480158,4.821131545558266,32.10293642886121,203.3289373411352,-13.564769787224124
201101_202012,2021,2021,2021-09,2021-09-30,2021-09,0,2021-09,2021-07,5.914984296170744,5.5,0.4149842961707435,0.4149842961707435,0.1722119660683273,4.641955686624176,38.67497558012793,238.44776027515147,-15.429312677923308
201101_202012,2021,2021,2021-10,2021-10-31,2021-12,2,2021-10,2021-10,9.706776160029785,4.5,5.206776160029783,5.206776160029783,27.11051798065449,11.17260591353342,51.23688278915312,138.92721037612364,-14.552008342875949
201101_202012,2021,2021,2021-11,2021-11-30,2021-12,1,2021-11,2021-10,6.911808714480892,4.5,2.411808714480892,2.411808714480892,5.816821275245973,6.441608815576824,34.743438803847745,176.40304675461607,-11.603972793364273
201101_202012,2021,2021,2021-12,2021-12-31,2021-12,0,2021-12,2021-10,5.976302357991541,4.5,1.4763023579915409,1.4763023579915409,2.1794686522113835,4.767782388892151,37.111971865154686,228.0779584145629,-9.076447445447126
201201_202112,2022,2022,2022-01,2022-01-31,2022-03,2,2022-01,2022-01,3.5004269832030923,4.8,-1.2995730167969075,1.2995730167969075,1.6888900259866153,3.229485314704635,-51.912598372274985,-12.519821395015803,-0.476172666620928
201201_202112,2022,2022,2022-02,2022-02-28,2022-03,1,2022-02,2022-01,3.4760652003904355,4.8,-1.3239347996095645,1.3239347996095645,1.7528033536172172,3.1998140038171883,-43.905017584806615,-14.819714873604404,-5.430350429609115
201201_202112,2022,2022,2022-03,2022-03-31,2022-03,0,2022-03,2022-01,5.927399254073352,4.8,1.1273992540733522,1.1273992540733522,1.271029078085151,5.863556789444149,-19.433391969869252,-1.3107040566540586,-6.332919170332167
201201_202112,2022,2022,2022-04,2022-04-30,2022-06,2,2022-04,2022-04,0.4166698648669191,0.8,-0.3833301351330809,0.3833301351330809,0.146941992501146,-0.1107077361200525,-110.48537198006774,-22.220422145253103,-1.0117056729456282
201201_202112,2022,2022,2022-05,2022-05-31,2022-06,1,2022-05,2022-04,3.026923525837743,0.8,2.226923525837744,2.226923525837744,4.959188389929606,2.747240441589266,-139.92655715855818,6.731649646647152,4.35220819300964
201201_202112,2022,2022,2022-06,2022-06-30,2022-06,0,2022-06,2022-04,3.349027979395108,0.8,2.549027979395108,2.549027979395108,6.497543639739106,3.0841621286071463,-102.93681870302972,-0.3582051062710487,3.949152188320739
201201_202112,2022,2022,2022-07,2022-07-31,2022-09,2,2022-07,2022-07,8.68312177177628,4.0,4.68312177177628,4.68312177177628,21.931629529285004,8.864659632808735,-8.938232148907922,18.341841295239448,5.174893259366879
201201_202112,2022,2022,2022-08,2022-08-31,2022-09,1,2022-08,2022-07,4.9275210047354205,4.0,0.9275210047354204,0.9275210047354204,0.860295214225404,4.783541770122699,-46.18962327557541,-2.4180083446954046,6.443593278936241
201201_202112,2022,2022,2022-09,2022-09-30,2022-09,0,2022-09,2022-07,5.55875515203932,4.0,1.5587551520393197,1.5587551520393197,2.429717624009122,5.473565216271324,-50.445215662126174,3.831665008627004,5.191967468079374
201201_202112,2022,2022,2022-10,2022-10-31,2022-12,2,2022-10,2022-10,3.377422984149149,3.0,0.3774229841491494,0.3774229841491494,0.1424481089640491,3.101045424880416,-66.61192811870721,-9.661757654764656,5.295402233552933
201201_202112,2022,2022,2022-11,2022-11-30,2022-12,1,2022-11,2022-10,3.8837941792244575,3.0,0.8837941792244584,0.8837941792244584,0.781092151231034,3.6572686177550375,-76.96895590364998,-2.8258830016444447,2.6784477212834434
201201_202112,2022,2022,2022-12,2022-12-31,2022-12,0,2022-12,2022-10,3.3671589663190336,3.0,0.3671589663190335,0.3671589663190335,0.1348057065484612,3.111828217824927,-123.29923816162592,5.133881950232699,2.0724605470848507
201301_202212,2023,2023,2023-01,2023-01-31,2023-03,2,2023-01,2023-01,3.925837629050308,4.7,-0.7741623709496923,0.7741623709496923,0.599327376594449,3.6891640430012607,-159.8499990537407,-54.42017240934416,70.4294646380792
201301_202212,2023,2023,2023-02,2023-02-28,2023-03,1,2023-02,2023-01,4.0449542924570085,4.7,-0.6550457075429916,0.6550457075429916,0.4290848789704985,3.813756134195144,-159.36850917685592,-36.35016898690896,49.90870123491195
201301_202212,2023,2023,2023-03,2023-03-31,2023-03,0,2023-03,2023-01,5.431358378764019,4.7,0.7313583787640185,0.7313583787640185,0.5348850781883336,5.3427987258191685,-61.004032035617854,-14.140816203272756,-32.900372481485384
201301_202212,2023,2023,2023-04,2023-04-30,2023-06,2,2023-04,2023-04,5.341968052336999,6.5,-1.1580319476630008,1.1580319476630008,1.341037991808163,5.2717569560808615,-34.96594480463591,-81.23654413763373,-103.86779156458738
201301_202212,2023,2023,2023-05,2023-05-31,2023-06,1,2023-05,2023-04,5.538257910463947,6.5,-0.9617420895360532,0.9617420895360532,0.924947846785174,5.464590067220168,-48.842577510709134,-21.71002276538708,-136.60204559061202
201301_202212,2023,2023,2023-06,2023-06-30,2023-06,0,2023-06,2023-04,5.718213054852134,6.5,-0.7817869451478661,0.7817869451478661,0.6111908276036325,5.643420016587264,-59.16178949355511,27.990553892863065,-152.28065943519022
201301_202212,2023,2023,2023-07,2023-07-31,2023-09,2,2023-07,2023-07,5.33336046420281,5.0,0.3333604642028103,0.3333604642028103,0.1111291990935131,5.187843630423696,-123.05940104620402,96.03128342952836,-153.62363255845173
201301_202212,2023,2023,2023-08,2023-08-31,2023-09,1,2023-08,2023-07,5.76453619945879,5.0,0.7645361994587896,0.7645361994587896,0.5845156002828901,5.67676141673505,-76.73799252534172,71.04016185000236,-170.95256679132456
201301_202212,2023,2023,2023-09,2023-09-30,2023-09,0,2023-09,2023-07,5.712814881586322,5.0,0.712814881586322,0.712814881586322,0.5081050554109222,5.627915667142165,-70.7719806798628,50.67163385645944,-171.88211274553666
201301_202212,2023,2023,2023-10,2023-10-31,2023-12,2,2023-10,2023-10,7.435845471804686,5.3,2.1358454718046858,2.1358454718046858,4.561835879428581,7.504707172094652,23.83816123399833,134.31999384964186,-128.26210768399733
201301_202212,2023,2023,2023-11,2023-11-30,2023-12,1,2023-11,2023-10,6.985963924456373,5.3,1.6859639244563729,1.6859639244563729,2.8424743545683344,7.022308975093318,8.1050041383819,94.29039023783514,-144.9420879543611
201301_202212,2023,2023,2023-12,2023-12-31,2023-12,0,2023-12,2023-10,6.369147980224812,5.3,1.0691479802248125,1.0691479802248125,1.143077403618796,6.344862187138038,-32.331521184622886,77.6642565694604,-164.80164990869503
201401_202312,2024,2024,2024-01,2024-01-31,2024-03,2,2024-01,2024-01,6.587506067679991,5.3,1.287506067679991,1.287506067679991,1.6576718743127936,6.757778232092582,130.10502362498028,-5.649100022640084,-15.63183207447823
201401_202312,2024,2024,2024-02,2024-02-29,2024-03,1,2024-02,2024-01,7.39839240374493,5.3,2.0983924037449304,2.0983924037449304,4.403250680094427,7.802991601949323,296.7422540816551,-17.111517537723557,-18.88097598384871
201401_202312,2024,2024,2024-03,2024-03-31,2024-03,0,2024-03,2024-01,5.337677619520016,5.3,0.0376776195200161,0.0376776195200161,0.0014196030126951,5.149257445484841,-156.57825357345723,2.505316876868747,-14.967978788453522
201401_202312,2024,2024,2024-04,2024-04-30,2024-06,2,2024-04,2024-04,7.249642473444524,4.7,2.549642473444524,2.549642473444524,6.500676742392311,7.580962734486044,630.9207429506079,101.25606560749252,-11.625860119006983
201401_202312,2024,2024,2024-05,2024-05-31,2024-06,1,2024-05,2024-04,5.314375844714164,4.7,0.6143758447141634,0.6143758447141634,0.3774576785682418,5.103561731254891,27.188273405078235,62.93761595427547,-11.033122681061045
201401_202312,2024,2024,2024-06,2024-06-30,2024-06,0,2024-06,2024-04,5.119978236918322,4.7,0.4199782369183218,0.4199782369183218,0.176381719485022,4.864036102046859,-145.7857934422735,23.283028834912265,-12.466315381906352
201401_202312,2024,2024,2024-07,2024-07-31,2024-09,2,2024-07,2024-07,3.233749912019359,4.6,-1.3662500879806403,1.3662500879806403,1.866639302907108,2.45594941029857,-812.9482926128303,-39.15948261959635,-17.43801788391694
201401_202312,2024,2024,2024-08,2024-08-31,2024-09,1,2024-08,2024-07,4.093106261877845,4.6,-0.5068937381221543,0.5068937381221543,0.2569412617474512,3.5640267887435284,-641.0137351799331,-52.79349663964783,-17.284576112927738
201401_202312,2024,2024,2024-09,2024-09-30,2024-09,0,2024-09,2024-07,4.534731416830387,4.6,-0.0652685831696127,0.0652685831696127,0.0042599879489686,4.1262672718012805,-465.9300200251845,-32.15562675470022,-18.29231553664465
201401_202312,2024,2024,2024-10,2024-10-31,2024-12,2,2024-10,2024-10,7.012263069612493,5.4,1.6122630696124922,1.6122630696124922,2.599392205636296,7.308207527332678,182.1441323689246,-22.888968068466,-16.758815987412415
201401_202312,2024,2024,2024-11,2024-11-30,2024-12,1,2024-11,2024-10,5.974373402255349,5.4,0.5743734022553486,0.5743734022553486,0.3299048052183845,5.961365339472554,77.5443449568038,26.426735090535768,-14.226972705775935
201401_202312,2024,2024,2024-12,2024-12-31,2024-12,0,2024-12,2024-10,5.107706175051991,5.4,-0.2922938249480094,0.2922938249480094,0.0854356801027375,4.848896069163366,-156.47545514323818,20.852988751695307,-15.267654070544708
201501_202412,2025,2025,2025-01,2025-01-31,2025-03,2,2025-01,2025-01,5.067331174897598,5.4,-0.3326688251024023,0.3326688251024023,0.1106685471950127,5.008523989558023,-6.798223688246219,3.67901432503064,-8.389642318809337
201501_202412,2025,2025,2025-02,2025-02-28,2025-03,1,2025-02,2025-01,4.61515454814313,5.4,-0.7848454518568699,0.7848454518568699,0.6159823833004143,4.538808375389657,-12.959348393471473,-0.3865710306482871,-7.149188533054945
201501_202412,2025,2025,2025-03,2025-03-31,2025-03,0,2025-03,2025-01,5.110834352175482,5.4,-0.2891656478245181,0.2891656478245181,0.0836167718817732,5.067539507187323,-7.555317439170681,-0.4768278613178154,-12.129289101750398
201501_202412,2025,2025,2025-04,2025-04-30,2025-06,2,2025-04,2025-04,5.448585048894583,5.2,0.2485850488945828,0.2485850488945828,0.0617945265339221,5.396440795585635,-0.8101328500929995,9.779249155263422,-9.197253236848194
201501_202412,2025,2025,2025-05,2025-05-31,2025-06,1,2025-05,2025-04,5.2592944244328805,5.2,0.0592944244328803,0.0592944244328803,0.0035158287688265,5.199996878100031,-3.4077523600784407,8.0151827209205,-9.621652259803254
201501_202412,2025,2025,2025-06,2025-06-30,2025-06,0,2025-06,2025-04,5.476180695105093,5.2,0.2761806951050927,0.2761806951050927,0.0762757763487321,5.417196899785546,0.3381831580375944,12.628916275483236,-10.358618367117192
201501_202412,2025,2025,2025-07,2025-07-31,2025-09,2,2025-07,2025-07,5.074693559954816,4.8,0.2746935599548159,0.2746935599548159,0.07545655188065,4.991120479872785,-4.251922147678925,11.984568652619677,-8.282717358420348
201501_202412,2025,2025,2025-08,2025-08-31,2025-09,1,2025-08,2025-07,4.814547468851805,4.8,0.0145474688518048,0.0145474688518048,0.0002116288499942,4.704513909505871,-6.198201629994561,15.029590705517936,-9.84369985317452
201501_202412,2025,2025,2025-09,2025-09-30,2025-09,0,2025-09,2025-07,4.817953751924386,4.8,0.0179537519243861,0.0179537519243861,0.0003223372081624,4.694845462400342,-4.862293190505893,19.40391448773215,-11.751037716053334
201501_202412,2025,2025,2025-10,2025-10-31,2025-12,2,2025-10,2025-10,4.841302892679742,4.5,0.3413028926797423,0.3413028926797423,0.1164876645515597,4.703046776920022,-2.976712479423869,24.893798717252626,-10.36359856163527
201501_202412,2025,2025,2025-11,2025-11-30,2025-12,1,2025-11,2025-10,4.614679738262737,4.5,0.1146797382627369,0.1146797382627369,0.0131514423680098,4.430216666417902,-2.4112533109668246,35.16245207095656,-8.072299138027185
201501_202412,2025,2025,2025-12,2025-12-31,2025-12,0,2025-12,2025-10,4.412000049395077,4.5,-0.0879999506049227,0.0879999506049227,0.0077439913064688,4.215914394713384,-4.805637839934587,34.5771322270274,-6.7886821601868
