month,中债-新综合净价(3-5年)指数,中债-综合净价(3-5年)指数,中债-新综合净价(5-7年)指数,中债-综合净价(5-7年)指数
2002-01,0.00303904347478956,0.003772690658284228,0.0053286426710554835,0.0053286426710554835
2002-03,0.0011149741524214551,0.0018528925165148813,0.0037094755178521677,0.0037090181372161357
2002-04,-0.0006131798287419832,0.00016018328851430397,0.0018706366585370393,0.0007046167758308908
2002-05,-0.005079461070554792,-0.004269879601968007,0.0029407670023819943,0.002940120878016428
2002-06,-0.00034745158007032373,0.00036629860083570165,0.0006591204361623415,-0.001140464681951836
2002-07,0.004618641795580247,0.005252716511745303,-0.01324634564584426,-0.01394165316982321
2002-08,-0.003691641678416069,-0.002939147153107058,-0.006109402351066495,-0.0073504351075242
2002-09,-0.0005250970482968409,0.00020744313731579922,0.002634495381668822,0.002560281512617557
2002-10,-0.003780447481538496,-0.0029836506437533883,-0.0003327925053198122,-0.0003321741736058703
2002-11,0.0010908787455596869,0.001772636096468716,0.00156585297831624,0.0008379630959467477
2002-12,0.00016060451539590126,0.0008300136013883463,0.009253996087631666,0.00925407620023111
2003-01,0.0014537710821871386,0.0021031233742461186,0.005906988524032819,0.0059075549358043045
2003-02,0.0008644751902648906,0.0015179031774004148,-0.001613379470325138,-0.0016126071143265364
2003-03,-0.005578680512950407,-0.004815315668568632,-0.0011231980442241163,-0.001122567933022789
2003-04,-0.0014139717205654545,-0.0007354818549385467,-0.002880564510760575,-0.0034920342861392006
2003-05,0.000594418064714608,0.0012205620090108837,-0.0015394368329422203,-0.0015401868721029999
2003-06,-0.002311271980356744,-0.0017221791255958019,0.0003400957762758061,-0.0009720161160858831
2003-07,0.0019204078685577386,0.0024432244117733593,-0.00026039422739143614,-0.0006264767301639163
2003-08,-0.005216160198208031,-0.004586368915637129,-0.0061214509462570454,-0.007525786410921165
2003-09,-0.017532597106017955,-0.01667569985066819,-0.003056936873304106,-0.004188388096160067
2003-10,0.0028353647310086494,0.0034088380408676677,0.011058101692542843,0.010212686217558442
2003-11,-0.003844568845221774,-0.0031738430307099996,0.0030239241491765156,0.002002731921332712
2003-12,0.0006714397645171122,0.0012865696006596483,0.0053924557304652065,0.0031519133445796488
2004-02,0.0008603246604315107,0.001478734679637439,0.000725003362679999,0.0007261187335598773
2004-03,-0.0009373146498694584,-0.000280457600685069,-0.004541669964988393,-0.00454073466680549
2004-04,0.0012949187840547438,0.001926604544922883,-0.005536080524807696,-0.005535593091167801
2004-05,-0.002752501170123045,-0.0020266302829680116,0.003838172564626152,0.0032824676396776553
2004-06,0.006523774852165598,0.007056702817429761,0.008025015070795893,0.008024202231639688
2004-07,0.0012800517445530346,0.0019242633589933167,0.00642989199182642,0.006429425371405673
2004-08,-0.002778585203174311,-0.0020518225235233167,0.010567713911526555,0.00974906983761148
2004-09,0.007369746772502683,0.007881612767100199,0.00765504542368145,0.005077959905144702
2004-10,-0.0016412140585118085,-0.0010930857821109807,-0.001239632296578863,-0.0024246968871383112
2004-11,0.00514327081719923,0.00572086513704595,0.0010653395470148208,0.0006209161221497617
2004-12,-0.0022169378232597126,-0.0015127067365873215,-0.00037510511446847694,-0.0003760273789140678
2005-01,-0.0004408247487144301,0.00022571249285863182,0.0019559134124984556,0.0019552434777645455
2005-02,0.01175697613106541,0.012217487458870524,0.00310571105755586,0.003107144916146609
2005-03,-0.0023412095806669697,-0.0016598260882275673,-0.0016532260273097732,-0.0024635028322818053
2005-04,0.004036158610454699,0.004570466804264317,0.00799846330456866,0.007562772605204993
2005-05,0.0013970097315232355,0.00200930359731899,0.0006922767318098266,-0.002674019240801684
2005-06,-0.002687787521743812,-0.0020109622725027476,6.35672903912532e-05,6.407051639878425e-05
2005-07,0.001160133275792008,0.0017542730653852256,0.004017457151940906,0.004017522601574619
2005-08,0.002534039334342042,0.0031108567496112016,0.0009383928127997265,-0.0017669554418682232
2005-09,-0.0008644259002618115,-0.00026164015234431126,0.0004884180097441959,-0.0011812258733420178
2005-10,0.001703449880324781,0.002234521848657911,0.0024523163087137867,0.0015080887104326202
2005-11,-0.0031864073182782393,-0.002662080519654886,0.0005411999249582689,-0.0030960140023831295
2005-12,0.0030632732582593913,0.0035989605889994447,-0.00424985960590496,-0.0047394906530431324
2006-02,-0.0024733371101237633,-0.0017022918765945416,-0.0012283850662145879,-0.001196992202531888
2006-03,-0.0005469885953373055,1.8006554385774365e-05,-0.0006331032160296068,-0.0014742733635045857
2006-04,0.0013143951642995422,0.0018488120801674057,0.0002012841591059189,-0.0005778297740096638
2006-05,-0.0016187457101254354,-0.0010480126685482594,-0.0011091643229469428,-0.0053105422168695515
2006-06,0.002985659438911936,0.0035038530342643703,0.002001126270558151,0.0013869492303584252
2006-07,-0.002960744678196181,-0.002350386704163099,-0.0025250274025754305,-0.0025254855815634025
2006-08,0.0007241412075353892,0.0012844830169937982,0.00025088785482418885,-0.0032064478297213483
2006-09,0.0016255057904284165,0.002126283175295063,0.0031393784921069923,0.001351403159024711
2006-10,0.0014126061689760938,0.0018577135312636273,0.0009492228290173266,-0.0007108004508723509
2006-11,-0.0013070114099907881,-0.0007296653347244053,-0.002004966906772765,-0.0035490119217281846
2006-12,-0.0014910140490201895,-0.0008670329726047088,0.0029543330914532095,0.002580482708843812
2007-01,-0.00036181361316245386,0.00029064624560870556,-0.00022287824468059103,-9.35338520962059e-05
2007-03,-0.0011109230077264165,-0.0004970442714804513,-0.001356028590503433,-0.0013552204802531609
2007-04,0.0006523249426437783,0.0012414985717683624,0.0024240997881854742,0.001992859164477556
2007-05,-0.0013992130314524065,-0.000763640528948395,-0.000822269734896186,-0.003851483654224941
2007-06,-0.003968444727644904,-0.0032820806753852683,-0.003908532148018562,-0.0043471691210825725
2007-07,0.004137442568405758,0.004694015750593028,0.005958427538428346,0.005958384362317881
2007-08,0.002249154262690123,0.002832873221490839,0.005648526316147429,0.00564865280374538
2007-09,0.005468443342629747,0.006027455752684707,0.006700837861273179,0.006700506191511968
2007-10,-0.001062978378896129,-0.00039481292235421517,-0.00022169860202470026,-0.0021158318510248186
2007-11,0.001173625509999221,0.0019186736588607811,0.0027024076698869415,9.584999778011749e-05
2007-12,0.001995308103956539,0.0026675855016726757,0.0014331786844137273,0.0014332098062146414
2008-01,0.0034376432351348463,0.004123337734282417,0.006699318137076471,0.0066931442289608345
2008-02,0.0006467502095470756,0.001365704719643146,0.0024230238497775503,0.0013220465678478455
2008-03,0.0016918899868429982,0.0023943595801230177,0.004713109615947175,0.004712397015481873
2008-04,-0.0006316006388130679,0.00012087271769378738,-0.00019298191850536384,-0.002182565916056145
2008-05,0.00011561636425772015,0.0008809061510228755,0.0008190218657286863,-0.0006650847363548484
2008-06,-0.0020321331704589163,-0.0012407536392526897,-0.002972153730368965,-0.0037889203718980413
2008-07,0.0003178448044840465,0.0010726015622204432,0.00066810758526481,0.0005600342796783231
2008-08,0.0015914103187997242,0.002329127069301773,0.003472179236087447,0.002094870101167823
2008-10,0.000623634236017967,0.0013642955046582195,0.0013551033003271762,0.0003993557438308759
2008-11,0.005372841436521725,0.006031851173719183,0.006985954691071994,0.0043119533473567895
2008-12,-0.00013116082149100539,0.0005851290479668148,-0.0008934008347296629,-0.0009571906003521535
2009-02,0.0010002088240863571,0.0016687439889637723,0.0010816641334807642,0.0003445851500474273
2009-03,-0.0011975313329690707,-0.0004895384938659042,-0.0014651678703494486,-0.0015771316835252458
2009-04,-0.0013800904312096796,-0.0006693230744546641,-0.0001697493142126527,-0.002311336027084776
2009-05,-0.00011812345756134768,0.0005637958103066332,0.0001561601052026962,-4.564457593403404e-05
2009-06,-0.0010500182505501776,-0.0003601349558361999,-0.00045404510878410687,-0.00045394550416844037
2009-07,0.0017583075818461413,0.0024048056275056684,0.0021677666859794,0.002037249042587508
2009-08,-0.00014988098853963017,0.0005259605086223029,0.0008865248226950229,0.0008834123007350758
2009-09,-0.0023362884601058065,-0.001620686209981459,-0.002012459302176528,-0.0029535773050075598
2009-10,-6.699283176692106e-05,0.0006100959006454243,0.0010424005515028423,0.0009850732320413336
2009-11,0.0010642948096621918,0.0017262441020629016,0.002448058904295669,0.00041731109068399164
2009-12,0.00018475316976518386,0.0008656212333315594,0.0007222016188728198,0.0005830765359176038
2010-01,0.0015660542519519982,0.0022311184219494518,0.0030656965985509377,0.003048384574188212
2010-03,-7.693369893269075e-05,0.0006175590643162643,-0.0007340765522309001,-0.002353812308647729
2010-04,0.003318844825018541,0.003954909139467722,0.004556590157794416,0.003753716608865698
2010-05,-0.0012644353102369,-0.000551275604769863,-0.0007221866254206732,-0.0009026803514730064
2010-06,0.00024040995809571086,0.0009303230054957812,0.0013445409755914461,0.000517848127579823
2010-07,-0.00114079526931965,-0.0004369280819295218,-0.001439175340363863,-0.00239333069554748
2010-08,5.3793361116660776e-05,0.0007306232179700167,0.0005269526662450286,0.00045828164628014534
2010-09,-0.0007909474785359194,0.0001556170105390109,0.0005759713345148132,-0.0012435947933598923
2010-10,-0.003884213629770983,-0.0031224692065477955,-0.004112029078902624,-0.00466926142814128
2010-11,-0.005114619202353787,-0.004307600773464371,-0.005057034867002375,-0.00604043298068746
2010-12,-0.0017895685634139458,-0.0010405487689558734,-0.0023619395346413663,-0.0030814361840195703
2011-01,-0.0009516828587744497,-0.00020887790345835988,-0.00040687613307266446,-0.001169574958643449
2011-02,0.0014768089129282291,0.0021876158694846826,0.0031381385588453714,0.002006008408695026
2011-03,-0.0005557906501637566,0.00020902163889147118,0.00015262504116853037,-0.0008392786223198057
2011-04,-0.00019734684872496633,0.0005690851809045938,0.0006566417899052102,-0.0004906026681531506
2011-05,0.00020728657824453656,0.0009742652294670862,0.001224409161070028,0.0003803908969313152
2011-06,0.0002453303255767203,0.0010213120122852803,0.0026560376740460967,0.0012075032348981551
2011-07,-0.003339691723916016,-0.0024790431216840103,-0.0015779391851736824,-0.0034811502091200985
2011-08,-0.004762925486471725,-0.003866973757779668,-0.005835353850019098,-0.006327012433954726
2011-09,0.003165546592662327,0.003924370169183566,0.005308655940855944,0.0031772469379307555
2011-10,-0.0009400635487042397,-0.0001158972657663293,-0.0013813910765281268,-0.0019438901324390079
2011-11,0.0004466961162703509,0.0012400235282852279,0.0030688065791375507,0.0013673345109177504
2011-12,-6.43387434844378e-05,0.0007369969641393137,0.0003835033694008505,-0.0005266951007046883
2012-02,-0.0009142519943438066,-9.904933710691566e-05,-0.0007549940575329872,-0.0014509503117253741
2012-03,0.00029028888263904484,0.0010812735061362932,0.0006854966326359513,-0.0010527056505523769
2012-04,0.0006841242056585539,0.0014749046542132938,0.0018012914998197793,0.0011084675857633286
2012-05,0.005148592671690766,0.0058508323116666094,0.007139639822977495,0.0066619033163284325
2012-06,0.0009335195762512072,0.001824797600953998,0.0037412732892405653,0.0020231701370869715
2012-07,-0.0016968236565415573,-0.0008712663286098987,-0.00036123953325173375,-0.0011988614943483356
2012-08,-0.0018704142713504845,-0.0010378816555269843,-0.00041467491438917925,-0.0021169440572110787
2012-09,0.0031768670893088657,0.0035966323193323824,0.004150672533782762,0.0013810643639575737
2012-10,-0.0012400450268776897,-0.0004942546312479701,-0.0011291677642815134,-0.002208682193409972
2012-11,-0.001511944057066561,-0.00039343467793162556,-0.0002853375442442019,-0.001403531037726391
2012-12,0.0006543613181857477,0.0012999902721817502,0.0010927736649601894,7.401244908145088e-05
2013-01,0.0003720767902308797,0.0014607971064877212,0.0018552244708243126,0.0015854881204970805
2013-02,-0.0005368894007834468,0.000367923750650867,0.0013933246181596637,0.0004374453193352057
2013-03,-0.00016825861348901405,0.0006758348232926981,0.00047704414736760015,-0.0006017573543478649
2013-05,0.0005626940796614743,0.0013953525247158982,0.0020180566380878506,0.0015694475967145127
2013-06,0.0054375235617598605,0.0055207242421269065,0.007065992055589998,0.006914536698160001
2013-07,-0.0033021803077319944,-0.002397002351136268,-0.002561623153001902,-0.003212301657321115
2013-08,0.0018276487355268767,0.0024244756074427443,0.003495397484001961,0.0021178782333270973
2013-09,0.0006026257263793688,0.0011796287548393458,0.0007289558565726217,7.295079326885556e-05
2013-10,-0.006035012316561339,-0.005340972526315491,-0.00626399186216442,-0.007397899760882676
2013-11,0.0021359708235024755,0.002552099094674354,0.00218198324677199,0.0009339147410398763
2013-12,-0.00022998764607640165,0.0005057820706391158,0.00014392210826885687,-0.0007144822706187659
2014-01,0.006303761173890976,0.006899593842144558,0.007004426022438226,0.005630693718370772
2014-02,0.008976265844224507,0.009903373083657518,0.011485998084888926,0.009646177472979023
2014-03,-0.00020887695900084768,0.0005552518791225314,0.000547125115223368,-0.0008219537967311119
2014-04,0.0003641039061521578,0.00140137702241927,0.0018015232370294232,0.00017693141311458938
2014-05,0.0007220550323023822,0.0015645816208518237,0.0018912867511402531,0.001136834480123472
2014-06,0.00035964662935716873,0.001318995659726152,0.0014325437084650172,0.0011512755439260225
2014-07,0.0023316309214864717,0.003323713302008535,0.0038543836981754787,0.0030789086243505626
2014-08,0.0011957288687343137,0.002151718530157609,0.003415654334010698,0.0017081663491229637
2014-09,0.0005063178113271505,0.0014522160209280432,0.0015580987833383464,0.0005639565781307976
2014-10,0.0014710250214733378,0.0023563513955773274,0.0028754790935971997,0.0015684492507723746
2014-11,0.004026334295157641,0.004824399135461732,0.006294928898074925,0.005704492129445127
2014-12,0.0054417851793393535,0.006245297262626792,0.006107395500733803,0.005478702925541423
2015-01,0.0014874062298178004,0.002341991809434285,0.0035987702263053922,0.003045463648386093
2015-03,-0.00617694213961939,-0.004647737193242296,-0.006606602344980228,-0.008163243254924568
2015-04,-0.00015438908240095195,0.0012520016942751955,0.0008898695133061629,-0.0008599422133269696
2015-05,-0.0025297689550070057,-0.0015488943442141245,-0.0024635305439340005,-0.00367565069496123
2015-06,-0.00024240931010710565,0.0006735993752813307,-0.0005502511140687005,-0.0011320190135932773
2015-07,0.00169184648719245,0.002666335444872381,0.0035859676202594226,0.002619925967583203
2015-08,0.000680456864071477,0.0016190266792550645,0.003699163126935412,0.0019261327207384937
2015-09,0.00041861865716219526,0.001510548399830336,0.0016764330338820965,0.001177175596545288
2015-10,0.003586155142709435,0.004777099583350708,0.006728844286249647,0.005320967247271602
2015-11,0.0018600520105596097,0.0029534670003525942,0.004210908053887907,0.003019935446789468
2015-12,0.0028883861750892414,0.003958297061745331,0.005212024382158065,0.005039025200315628
2016-01,-0.003758420783979588,-0.0025778274097690845,-0.00267019273936675,-0.003433920670757984
2016-02,-0.00010614481073589754,0.0009946691597300106,0.00027137722305892176,-0.0010262732848664857
2016-03,0.00021559949771132736,0.0011661758613354944,0.001554825048334374,0.0008655357228639637
2016-04,-0.006250606296072436,-0.004803955205831545,-0.004625810237365191,-0.0061461177657053945
2016-05,-0.0001533225286817208,0.0007634479759921486,0.0006745813196376016,9.621819165284151e-05
2016-06,0.001952685458438852,0.0027348799846949046,0.0056620312624973135,0.004736546891121796
2016-07,0.0008081348989197323,0.0016395959654187386,0.0015226414812188338,0.0007920387661357609
2016-08,-0.001492750816682653,-0.0005679712594447439,-0.00127416541108627,-0.0018488505120940468
2016-09,0.0003181381695540608,0.001161500779825575,0.0014492241162291641,0.0011152080642578
2016-10,-0.0018577628992390016,-0.0007991281048718157,-0.00016222119540276747,-0.0015505777657468522
2016-11,-0.0010517913874995566,-0.00015414871236463235,0.0006101506497286913,-0.0009237780469278922
2016-12,0.008588248312043856,0.009387327812503843,0.009615170275776075,0.009000984565693093
2017-02,-0.0005779135801594615,0.0007711799667309283,0.0009036588466526663,-0.0015049758595166995
2017-03,-3.2604852621020974e-05,0.0010029344497919368,0.0022700842028369195,0.0011465655957381138
2017-04,-0.0037724479097809294,-0.0018235418242021906,-0.0017411766499392245,-0.002826025287001266
2017-05,0.0004197501288936145,0.0021388088045177778,0.0033078468557501406,0.0022691314086520364
2017-06,0.0016059747213799103,0.0025466646727836384,0.0028106245301140476,0.001953535628790304
2017-07,-0.000892216721190997,5.430885334067881e-05,0.0008328904214360833,0.00027178877512357147
2017-08,-0.0027384868930565576,-0.0015627733330970672,-0.0013932632512387855,-0.0025420766838780695
2017-09,8.383392189581507e-05,0.0010408874283560632,0.0015335072957201046,0.0011975594657207544
2017-10,-0.0028260887595066286,-0.0020012606453113646,-0.0032017035641515035,-0.0038783066350416284
2017-11,-0.0028343409713234013,-0.0019995503641938583,-0.002162630928491449,-0.0033444816053512794
2017-12,-0.0008798413558994689,-7.588934557900551e-05,8.720190219313473e-05,-6.126588112220777e-05
2018-01,0.0007770228056194206,0.0015422803645772643,0.001455633241074672,0.0012607311140186983
2018-03,0.0030345434984280217,0.003740615034827588,0.004281674869119234,0.003377713618850642
2018-04,-0.0017498791505747846,-0.000941826683555469,-0.00247344128080651,-0.00302962028224818
2018-05,0.0011798946773524666,0.0019260075977456381,0.0036990793449112047,0.002579232738773918
2018-06,0.0007348996722409407,0.0014884990566417233,0.0018122784210539145,0.0005548613563717275
2018-07,0.0014666538389893624,0.0022011477035626115,-0.0003646924238621674,-0.0012647105809682202
2018-08,0.0008286098814545007,0.0015771906508903477,0.001515501481292203,-0.0005670362342384827
2018-09,0.0017725446158700642,0.0026110373856425007,0.003201942624802223,0.0021220211203094586
2018-10,0.002296895979055691,0.003014872747050701,0.004370989512977985,0.003720613348197954
2018-11,-0.00011129806938314779,0.0006454050715847259,0.0007323053713399474,0.0004577682574404829
2018-12,0.00040846500866842383,0.001154539815488853,0.0021528066100091614,0.0015900665970578487
2019-01,-0.0018386063363969862,-0.0010536762831276913,-0.0012433478447578805,-0.001400269592627068
2019-02,-0.002897389051687238,-0.0020914625259036423,-0.0029436587324480623,-0.0035121306355054838
2019-03,0.0014212912239790487,0.002132793443657466,0.002714244372092889,0.0023057832632742414
2019-04,-0.0006678390953006597,9.53474501657059e-05,0.000309825965484567,-0.00018235230989771534
2019-05,-0.0013387663001596106,-0.0005653574337706191,-0.001352021249812263,-0.0022573519737981718
2019-06,0.000708177539304522,0.0014336123724605354,0.0011918985781520508,0.0008474086295884309
2019-07,0.00010929290498551403,0.0008457907845145218,0.0009638639852005415,0.0003868491862872858
2019-08,-0.0003087579337799351,0.00043278673605096074,0.00010570900026429797,-0.002162174139817674
2019-09,-0.00034385901780265016,0.00039701464712793566,-0.0003722983407762337,-0.0007944103643159339
2019-10,-0.0015473059262017808,-0.0007815972244438196,-0.0022762585567515092,-0.0030868534143014825
2019-11,0.00034514012689146334,0.0010715779758112554,0.00039877018331635483,9.47821164078988e-05
2019-12,0.001814245974610662,0.002506204515267063,0.003877010551452731,0.003519874788407762
2020-02,0.001417614126815847,0.0020973321187942595,0.0033185713701804342,0.0011621388367415442
2020-03,0.003523511737163254,0.0041411075853552415,0.004197421935243861,0.0037615995821740356
2020-04,0.0033406407833174168,0.003964544058725927,0.005766199138612427,0.00487943531195234
2020-05,-0.005588214160175409,-0.0047842907681704405,-0.0056198670911495885,-0.0061894724732005635
2020-07,0.0037805370280823425,0.004408947305290178,0.006274752662047467,0.00583943827749267
2020-08,-0.0035014425943488137,-0.002727562838172659,-0.002219978069335271,-0.003556120448368616
2020-09,-0.0009655632519286472,-0.00024065814272078434,1.8752767176666296e-05,-0.00046893577111861706
2020-10,0.002066325837027927,0.0027435208772395026,0.0031376532110847233,0.0024242072952955773
2020-11,0.0007732367224857484,0.001468968575229157,0.0026470349468814547,0.0023824800799614465
2020-12,0.0013627721644222657,0.002041177086685275,0.0028168045043523993,0.0026319603909032985
2021-01,-0.0008771182405508116,-0.00016048425771797437,-0.0008962550018440929,-0.0012561372724357867
2021-03,0.0008125135125622851,0.001494889645144326,0.0015373155973328334,0.000987955584363709
2021-04,-0.0007660676164968905,-5.645102220674936e-05,-1.4262156259770009e-05,-0.0009825013556832296
2021-05,0.0005444480807705876,0.0012308363744415463,0.0014154400923405142,0.0010407613291119056
2021-06,0.0012278006131987151,0.0018896626138804606,0.0013977338040527254,0.0012520165296492358
2021-07,0.001795510626917629,0.00244159431294233,0.00277016057666879,0.0025008604259879608
2021-08,-0.00044366761256198206,0.0002359602509667269,-0.00044642431047181574,-0.0025377258658952906
2021-09,-0.0009075627913172069,-0.0002241755057277306,-0.00020481031447261433,-0.0007163579762139438
2021-10,0.0012202556440570334,0.0018684270995934504,0.0014473081632351281,0.0010852053124974503
2021-11,0.001442922465307639,0.002077866010746776,0.002410969956400777,0.00220743959405012
2021-12,0.0005621537440829716,0.001206696284070663,0.0018983802661076687,0.0016557701771144906
2022-01,0.0007836527087770051,0.0014150458650008524,0.0015893587360202854,0.0011451003374731705
2022-02,-0.0005108312023998085,0.0001428911432943547,0.00033310914424800053,-0.0002566188330259678
2022-03,-0.00031468517584642974,0.0003355736228394246,0.0005543333495665603,-0.0002917977627190371
2022-04,-6.93595340625075e-05,0.0005776588116352954,-0.00013105033259819265,-0.0005988751990089192
2022-05,0.001660878308039404,0.0022747668397227194,0.003678570440095008,0.002120151200256659
2022-06,-0.0011818388779458733,-0.0005216334071909134,-0.0006662032694626507,-0.0010352026409169435
2022-07,0.0016491518435797214,0.0022570189720052536,0.0023788875087369377,0.0019493991673280586
2022-08,-0.0017061290918596317,-0.0010479886175942532,-0.0010169819118683865,-0.00240928486975589
2022-09,-0.0010860818220990165,-0.00044267394251074066,-0.0010671459577891174,-0.001568672074386046
2022-10,0.00017516805800621427,0.0007966671380243984,0.0017178788259328837,0.00123056151994283
2022-11,0.00042472663184844883,0.0010446153099135103,0.0006911704011012265,-0.0001250679494986251
2022-12,0.0008364425439830736,0.0014494127311359684,0.00078115199492923,0.0004954015418143776
2023-02,-0.0006971479676641801,-5.7042184219202596e-05,-2.4604482936618766e-06,-0.0009937605274714656
2023-03,-0.0003063030809316025,0.00032616182137101823,0.00017939543330336427,-0.000603898829761973
2023-04,0.0010870288837683262,0.0016897264631043907,0.0020788768530004553,0.001613625957095799
2023-05,0.00043422096406930955,0.0010489321484619119,0.0012476347009551247,0.0004050394059422757
2023-06,0.0006141857151462649,0.0014007672393907544,0.0011291592841138343,0.000241754194394872
2023-07,-0.00032601747493066213,0.0002970785575155954,0.00043571731810598813,5.023130706716117e-05
2023-08,-0.0011540091003544584,-0.000518561630161507,-0.0008789335447743074,-0.0017156708684081812
2023-09,-0.0008640436253056771,-0.0002324806920118716,-0.0006534617744772264,-0.001410210639057441
2023-10,0.0008344553665600163,0.0014365467166437274,0.0009063087385394741,0.000483513728452456
2023-11,-0.0017439552945670567,-0.0011055554053507333,-0.00112296462661432,-0.0024026941312796923
2023-12,0.002786849079805531,0.003347329674911359,0.003967208205139627,0.003448457258472537
2024-01,0.0011495838053490193,0.001735920891186904,0.0020108634382203228,0.0013037002743236936
2024-02,0.002080770012559352,0.002651044012320858,0.0032895785684345924,0.002534877548866943
2024-03,0.00042228571204638854,0.001012915395693037,0.0008216936387859253,-0.0004338342991784261
2024-04,-0.003960914818418204,-0.0033049901904904644,-0.0053418395477878855,-0.005595652911673188
2024-05,0.00030221229146132345,0.0008859526511169058,0.001098307918169894,-0.0006432547264980659
2024-06,0.0009386332101257722,0.0015077708660862221,0.002006945281461281,0.000930188597510373
2024-07,0.0019195662032316374,0.0024664904559745793,0.003024123341165197,0.002743927803931623
2024-08,-0.0007896058454055499,-0.0002131549721424708,5.5092247658761195e-05,-0.0005154514188994153
2024-09,-0.002468364137244494,-0.0018787258385017935,-0.004059869794308724,-0.004757897160351354
2024-10,-0.0021958394315421126,-0.0016112072795848587,-0.0028994655682408332,-0.003782150626083891
2024-11,0.0011956769892156327,0.0017303644302137933,0.0024943257616178993,0.001426972514182001
2024-12,-0.00016815795382341125,0.00037391472927894576,0.00030405959568069463,-0.000492014723655565
2025-01,0.00011687267871218765,0.0006543949512460845,0.0007091284868960823,0.00039237083948973073
2025-02,-0.003976418644129787,-0.0033857695571229973,-0.0047643909529327955,-0.005144479911536548
2025-03,0.0009656786558840391,0.0014835343206058837,0.0020533458970508622,0.0008202329306026268
2025-04,-0.000642258280406538,-0.00011014320195379401,0.0004563678920155301,0.00014871458204268606
2025-05,-4.0494690856762716e-05,0.0004730180798460104,0.00022646295612305245,-0.0010358842303173077
2025-06,-0.00033321776647787793,0.00017663316001037543,-0.00027353234042437613,-0.0015674354894159581
2025-07,-0.002011769865866042,-0.0014876606487298494,-0.001968618790261112,-0.0022682640342576166
2025-08,0.0003545175316668203,0.0008426881279628429,0.0009506078496459569,0.0006732136957106061
2025-09,-0.002078715850014512,-0.0015641356452972266,-0.0017409357448275875,-0.002051450152324774
2025-10,0.0002658980853396109,0.0007528121651310116,0.0007146716049668544,0.0001810918361002667
2025-11,-0.0013344506979011683,-0.0008318104283746575,-0.0011693324791248738,-0.0018086194076095685
2025-12,-2.326298219790246e-05,0.0004608913060770714,0.0003350916366082757,-0.0005364023933948081
2026-01,0.0005355439451091293,0.0010093418554550926,0.0010514663605947216,0.0007009017907886328
2026-03,0.00013142204450189432,0.0006016537944184552,0.0008915408216119136,-0.0004768577163229981
2026-04,-0.0001388481772320871,0.00033091101341109486,-0.0001096345808687671,-0.0008430761886796256
