month,GDP同比,制造业PMI,制造业PMI一阶差分,服务业PMI,服务业PMI一阶差分,工业增加值,用电量,社零,固投累计同比,固投当月同比,CPI,PPI,逆回购7天(19日),银行间7天回购(20-19均值)
2006-01,,52.1,-2.199999999999996,,,12.6,,15.5,,,1.9,3.05,3.7561,1.493067741935484
2006-02,,52.1,0.0,,,20.1,,9.4,26.6,25.3997129173003,0.9,3.01,3.7561,1.7082580645161294
2006-03,12.4,55.3,3.199999999999996,,,17.8,,13.5,29.8,31.14083366217364,0.8,2.49,3.7561,1.3861428571428571
2006-04,,58.1,2.8000000000000043,,,16.6,,13.554756,29.6,28.25326434094697,1.2,1.87,3.7561,1.5805645161290323
2006-05,,54.8,-3.3000000000000043,,,17.9,,14.2,30.3,30.61048528004357,1.4,2.43,3.7561,1.7795066666666666
2006-06,13.6,54.1,-0.6999999999999957,,,19.401,,13.9,31.3,32.46003724683786,1.5,3.52,3.7561,1.7819806451612903
2006-07,,52.4,-1.7000000000000028,,,16.7,,13.7,30.5,25.97388968180671,1.0,3.58,3.7561,2.07187
2006-08,,53.1,0.7000000000000028,,,15.7,,13.8,29.1,20.09460003009029,1.3,3.4,3.7561,2.593903225806452
2006-09,12.2,57.0,3.899999999999999,,,16.1,,13.9,28.2,22.34174155105206,1.5,3.5,3.7561,2.1855322580645162
2006-10,,54.7,-2.299999999999997,,,14.7,,14.348977,26.8,16.16550577749784,1.4,2.9,3.7561,2.2781766666666665
2006-11,,55.3,0.5999999999999943,,,14.9,,14.1,26.6,23.75353688470267,1.9,2.78,3.7561,2.8131612903225807
2006-12,12.5,54.8,-0.5,,,14.7,,14.6,24.3,19.63084087278217,2.8,3.1,3.7561,2.6644300000000007
2007-01,,55.1,0.3000000000000042,,,24.71,,12.748329,,,2.2,3.3,3.7561,1.679232258064516
2007-02,,53.1,-2.0,,,12.6,,16.857995,23.4,23.4394892427419,2.7,2.6,3.7561,2.4272645161290316
2007-03,13.6,56.1,3.0,,,17.6,,15.338037,25.3,26.83274472229702,3.3,2.7,3.7561,1.67045
2007-04,,58.6,2.5,,,17.4,,15.5,25.5,25.847628515958387,3.0,2.9,3.7561,2.232435483870968
2007-05,,55.7,-2.8999999999999986,,,18.1,,15.9,25.9,27.0585024355287,3.4,2.8,3.7561,2.8124233333333337
2007-06,14.9,54.5,-1.2000000000000028,,,19.4,,15.9827,26.7,28.45028961416513,4.4,2.49,3.7561,2.7836870967741936
2007-07,,53.3,-1.2000000000000028,,,18.0,,16.4,26.6,26.38866739818102,5.6,2.4,3.7561,2.691326666666667
2007-08,,54.0,0.7000000000000028,,,17.5,,17.1,26.7,27.33753906924119,6.5,2.6,3.7561,2.1419290322580644
2007-09,14.2,56.1,2.1000000000000014,,,18.9,,17.010498,26.4,24.78145601230177,6.2,2.7,3.7561,3.287529032258065
2007-10,,53.2,-2.8999999999999986,,,17.9,,18.1,26.9,30.72059972650915,6.5,3.2,3.7561,3.205653333333333
2007-11,,55.4,2.199999999999996,,,17.3,,18.8,26.8,26.074653901172653,6.9,4.55,3.7561,3.8934580645161287
2007-12,13.9,55.3,-0.1000000000000014,,,17.4,,20.2,25.8,18.70756610401227,6.5,5.43,3.7561,3.2340599999999995
2008-01,,53.0,-2.299999999999997,,,15.4,,21.2,,,7.1,6.1,3.7561,2.474238709677419
2008-02,,53.4,0.3999999999999986,,,15.4,,19.1,24.3,24.27356652858985,8.7,6.62,3.7561,2.980932258064516
2008-03,11.6,58.4,3.9110000000000045,,,17.8,,21.5,25.9,27.308768074320078,8.3,7.95,3.7561,2.8818137931034475
2008-04,,58.606,0.8000000000000043,,,15.7,,22.0,25.7,25.36803795896063,8.302000000000001,8.12,3.7561,2.8368129032258063
2008-05,,53.3,-5.900000000000006,,,16.0,,21.6,25.6,25.435617864697342,7.7,8.22,3.7561,3.0750733333333335
2008-06,11.0,52.0,-1.2999999999999972,,,16.0,,23.0,26.8,29.49282550324095,7.1,8.84,3.7561,3.427193548387096
2008-07,,48.4,-3.6000000000000014,,,14.7,,23.201,27.3,29.2286918750547,6.3,10.03,3.7561,3.0590299999999995
2008-08,,48.4,0.0,,,12.8,,23.2,27.4,28.09348701006009,4.9,10.030299999999999,3.7561,3.261051612903226
2008-09,9.5,51.2,2.8000000000000043,,,11.4,,23.2,27.6,29.024023583464697,4.6,9.13,3.7561,3.050958064516129
2008-10,,44.6,-5.907000000000005,,,8.2,,22.0,27.2,24.39462235231915,4.0,6.59,3.7561,3.31933
2008-11,,41.176,-5.800000000000004,,,5.598,,20.8,26.8,23.80663428684721,2.4,1.99,3.7561,2.8392161290322577
2008-12,7.1,41.2,2.4000000000000057,,,5.7,,19.0,26.6,22.27225404984143,1.2,-1.14,3.7561,1.9375666666666667
2009-01,,45.3,4.099999999999994,,,-2.93,,18.5,,,1.0,-3.35,3.7561,1.0609709677419354
2009-02,,49.0,3.700000000000003,,,11.0,,11.6,26.5,26.529036643193386,-1.6,-4.47,3.7561,0.9331612903225807
2009-03,6.4,52.4,3.3999999999999986,,,8.3,,14.7,28.6,30.31253524787534,-1.2,-6.0,3.7561,0.9584000000000001
2009-04,,53.5,1.1000000000000014,,,7.3,,14.8,30.5,33.95547268290413,-1.5,-6.6,3.7561,0.9508387096774192
2009-05,,53.1,-0.3999999999999986,,,8.9,,15.2,32.9,38.6691389414491,-1.4,-7.2,3.7561,0.9508361559139784
2009-06,8.2,53.2,0.1000000000000014,,,10.7,,15.0,33.303,35.2538386443155,-1.7,-7.8,3.7561,0.9534096774193548
2009-07,,53.3,0.0999999999999943,,,10.8,6.0,15.2,32.9,29.94411291086476,-1.701,-7.8634,3.7561,1.2501933333333333
2009-08,,54.0,0.7000000000000028,,,12.3,8.22,15.4,33.0,33.6465612977199,-1.2,-7.86,3.7561,1.657635483870968
2009-09,10.6,54.3,0.2999999999999971,,,13.9,10.24,15.522151,33.3,35.05305992500851,-0.8,-6.99,3.7561,1.478058064516129
2009-10,,55.2,0.9000000000000057,,,16.1,15.87,16.214903,33.1,31.646539063368177,-0.5,-5.85,3.7561,1.671453333333333
2009-11,,55.2,0.0,,,19.2,24.89999999999999,15.812804,32.1,24.258946403726362,0.6,-2.08,3.7561,1.4326838709677425
2009-12,11.9,56.6,1.3999999999999986,,,18.5,,17.5374,30.4,24.0903201510622,1.9,1.7,3.7561,1.4615033333333336
2010-01,,55.8,-0.8000000000000043,,,29.2,,14.0,,,1.5,4.32,3.7561,1.4445096774193549
2010-02,,52.0,-3.799999999999997,,,12.8,10.54,22.1,26.6,26.64748890352955,2.7,5.39,3.7561,1.9535419354838717
2010-03,12.2,55.1,3.1000000000000014,,,18.1,21.036924,18.0,26.4,26.28620200945193,2.4,5.91,3.7561,1.6712321428571428
2010-04,,55.7,0.6000000000000014,,,17.8,23.08,18.5,26.1,25.36755841216538,2.8,6.81,3.7561,1.6230612903225807
2010-05,,53.9,-1.8000000000000045,,,16.5,20.8,18.65733,25.9,25.41382721276655,3.1,7.13,3.7561,1.6826166666666673
2010-06,10.7,52.1,-1.7999999999999972,,,13.7,14.14,18.3,25.5,24.86387232825411,2.9,6.41,3.7561,2.3989129032258063
2010-07,,51.2,-0.8999999999999986,,,13.4,13.94,17.948076,24.9,22.346562623712728,3.3,4.84,3.7561,2.4691599999999996
2010-08,,51.7,0.5,,,13.9,14.69,18.4,24.8,23.91815293459478,3.5,4.32,3.7561,1.725558064516129
2010-09,9.9,53.8,2.0999999999999943,,,13.3,8.58,18.84,24.5,23.1778627077017,3.6,4.33,3.7561,2.2158322580645167
2010-10,,54.7,0.9000000000000057,,,13.1,8.37,18.64,24.4,23.688599202881928,4.4,5.04,3.7561,2.3645666666666667
2010-11,,55.2,0.5,,,13.3,3.925325,18.7,24.9,29.10729707594757,5.1,6.06,3.7561,1.8469
2010-12,9.9,53.9,-1.3000000000000045,,,13.5,,19.1,24.5,20.43822208072179,4.6,5.93,3.7561,2.871903333333334
2011-01,,52.9,-1.0,,,13.3,,19.899985,,,4.9,6.6,3.7561,3.980861290322581
2011-02,,52.2,-0.6999999999999957,,,14.9,15.82,11.633507,24.9,34.04118478288431,4.944,7.23,3.7561,4.8585
2011-03,10.1,53.4,1.1999999999999955,,,14.8,13.41,17.437599,25.0,31.242680430189562,5.383,7.31,3.7561,2.840307142857143
2011-04,,52.9,-0.5,,,13.4,11.23,17.121601,25.4,37.17536269761718,5.344,6.82,3.7561,2.416596774193549
2011-05,,52.0,-0.8999999999999986,,,13.3,10.79,16.89981,25.8,33.580137323525136,5.515,6.79,3.7561,3.330486666666667
2011-06,9.9,50.9,-1.1000000000000014,,,15.1,13.0,17.686683,25.6,11.80579541648036,6.355,7.12,3.7561,4.534093548387098
2011-07,,50.7,-0.1999999999999957,,,14.0,11.81,17.2,25.4,27.656381838289512,6.451,7.54,3.7561,5.390073300000004
2011-08,,50.9,0.1999999999999957,,,13.5,9.09,17.0,25.0,33.39220282147648,6.151,7.25,3.7561,4.169164516129032
2011-09,9.3,51.2,0.3000000000000042,,,13.8,12.17,17.7,24.9,27.318163835084157,6.067,6.52,3.7561,4.122325806451612
2011-10,,50.4,-0.8000000000000043,,,13.2,11.35,17.249736,24.9,34.14369848182179,5.495,5.0,3.7561,4.249156666666666
2011-11,,49.0,-1.3999999999999986,,,12.4,9.91,17.3,24.5,21.3694636881552,4.225,2.72,3.7561,3.794603225806452
2011-12,8.7,50.3,1.2999999999999972,,,12.8,,18.1,23.8,5.7416283519228,4.07,1.69,3.7561,3.6592233333333337
2012-01,,50.5,0.2000000000000028,,,2.8,,13.1,,,4.5,0.73,3.7561,4.887661290322579
2012-02,,51.0,0.5,56.0,,21.3,22.9,16.4,21.5,21.46658365894374,3.2,0.03,3.7561,4.082503225806451
2012-03,8.1,53.1,2.1000000000000014,57.01,1.3999999999999986,11.9,7.01,15.2,20.9,21.142887957948737,3.6,-0.32,3.7561,3.5581068965517244
2012-04,,53.3,0.1999999999999957,55.0,-2.3999999999999986,9.3,3.74,14.078876,20.2,19.245714651899302,3.4,-0.7,3.7561,3.582383870967742
2012-05,,50.4,-2.8999999999999986,54.3,-0.7000000000000028,9.6,5.21,13.793596,20.1,21.04100365019172,3.0,-1.4,3.3,3.5283666666666673
2012-06,7.7,50.2,-0.1999999999999957,56.4,1.9829999999999997,9.5,4.253966,13.7,20.4,21.781433817796948,2.2,-2.08,3.3,2.5445387096774197
2012-07,,50.1,-0.1000000000000014,54.4,-2.0,9.2,4.514594,13.1,20.4,20.6387241959447,1.8,-2.87,3.35,3.7784199999999997
2012-08,,49.2,-0.8999999999999986,55.1,0.7000000000000028,8.9,3.58,13.2,20.2,19.36488532611313,2.0,-3.48,3.35,3.416451612903226
2012-09,7.5,49.8,0.5999999999999943,52.6,-2.4609999999999994,9.2,2.92,14.2,20.5,23.07954148202022,1.9,-3.55,3.35,3.4070451612903225
2012-10,,50.2,0.4000000000000057,54.4,1.7999999999999972,9.6,6.05,14.5,20.7,22.40547865154627,1.7,-2.76,3.35,3.4209766666666668
2012-11,,50.6,0.3999999999999986,54.2,-0.1999999999999957,10.1,7.58,14.9,20.7,19.96347851659654,2.0,-2.2,3.35,3.2396838709677414
2012-12,8.1,50.6,0.0,54.7,0.5,10.3,,15.2,20.6,18.83629678273857,2.5,-1.94,3.35,3.0586100000000003
2013-01,,50.4,-0.2000000000000028,54.9,0.1999999999999957,17.7,,,,,2.0305,-1.64,3.35,3.473622580645161
2013-02,,50.1,-0.2999999999999971,53.6,-1.2999999999999972,2.2,-12.49,12.2999,21.2,,3.2198,-1.63,3.35,3.2132096774193544
2013-03,7.9,50.9,0.7999999999999972,53.9,0.2999999999999971,8.9,1.94,12.60029,20.9,50.35075006188394,2.0696,-1.92,3.35,3.318171428571428
2013-04,,50.6,-0.2999999999999971,52.5,-1.3999999999999986,9.3,6.78,12.8,20.6,24.55461210393499,2.3861,-2.62,3.35,3.1368999999999994
2013-05,,50.8,0.1999999999999957,52.3,-0.2000000000000028,9.2,5.022142,12.892196,20.4,43.87643570102015,2.0981,-2.87,3.35,3.28407
2013-06,7.6,50.1,-0.6999999999999957,52.6,0.3000000000000042,8.9,6.295814,13.31247,20.1,50.32411127835306,2.6684,-2.7,3.35,5.376338709677419
2013-07,,50.3,0.1999999999999957,53.0,0.3999999999999986,9.7,8.832639,13.212343,20.1,-3.30547425517889,2.6741,-2.27,3.35,5.381523333333333
2013-08,,51.0,0.7000000000000028,52.5,-0.5,10.4,13.67,13.370123,20.3,21.5885617882489,2.5666,-1.62,3.9,4.124535483870968
2013-09,7.9,51.1,0.1000000000000014,53.9,1.3999999999999986,10.2,10.4,13.3,20.2,38.587333709810714,3.0519,-1.34,3.9,3.8194129032258064
2013-10,,51.4,0.2999999999999971,54.8,0.8999999999999986,10.3,9.53,13.320159,20.1,8.94642241223262,3.2058,-1.51,3.9,4.050676666666667
2013-11,,51.4,0.0,54.1,-0.6999999999999957,10.0,8.45,13.721251,19.9,11.24481544748496,3.018,-1.42,4.1,4.50561935483871
2013-12,7.7,51.0,-0.3999999999999986,52.5,-1.6000000000000014,9.7,,13.6,19.6,34.28187128184647,2.4987,-1.36,4.1,4.765443333333334
2014-01,,50.5,-0.5,51.5,-1.0,8.5,,,,,2.4861,-1.64,4.1,5.225654838709678
2014-02,,50.2,-0.2999999999999971,53.8,2.299999999999997,8.8,13.736301,11.8246,17.9,-21.54431346738464,1.9511,-2.0,4.1,4.947696774193548
2014-03,7.6,50.3,0.0999999999999943,52.8,-1.0,8.8,7.2,12.2404,17.6,48.14926891300035,2.3848,-2.3019,4.1,2.9737928571428576
2014-04,,50.4,0.1000000000000014,53.4,0.6000000000000014,8.7,4.61,11.93653,17.3,19.557289436005938,1.8014,-2.0042,4.1,3.6074483870967744
2014-05,,50.8,0.3999999999999986,54.4,1.0,8.8,5.3,12.514318,17.2,40.3641357902847,2.4773,-1.4464,4.1,3.3648000000000002
2014-06,7.7,51.0,0.2000000000000028,53.5,-0.8999999999999986,9.2,5.86,12.42793,17.3,48.03655829979618,2.3361,-1.1092,4.1,3.197306451612903
2014-07,,51.7,0.7000000000000028,53.2,-0.2999999999999971,9.0,2.98,12.22174,17.0,-6.75452400560677,2.2852,-0.8688,4.1,3.6874566666666673
2014-08,,51.1,-0.6000000000000014,53.6,0.3999999999999986,6.9,-1.49,11.901354,16.5,14.57490393675657,1.9909,-1.2038,4.1,3.721674193548387
2014-09,7.3,51.1,0.0,52.5,-1.1000000000000014,8.0,2.73,11.567603,16.1,27.27847735623989,1.6275,-1.7996,4.1,3.378806451612903
2014-10,,50.8,-0.3000000000000042,52.6,0.1000000000000014,7.7,3.052641,11.520769,15.9,3.73996585156917,1.6011,-2.2428,4.1,3.064403333333334
2014-11,,50.3,-0.5,52.6,0.0,7.2,3.282558,11.720801,15.8,5.758837075370829,1.4393,-2.6928,4.1,3.139099999999999
2014-12,7.4,50.1,-0.1999999999999957,53.3,0.6999999999999957,7.9,4.153247,11.889118,15.7,28.58648622104194,1.5056,-3.3152,4.1,3.7007100000000004
2015-01,,49.8,-0.3000000000000042,52.9,-0.3999999999999986,9.6,,,,,0.7638,-4.3202,4.1,4.546899999999999
2015-02,,49.9,0.1000000000000014,53.2,0.3000000000000042,3.6,-6.3,10.7142,13.9,-23.798693619759177,1.4311,-4.7976,3.85,4.3852548387096775
2015-03,7.1,50.1,0.2000000000000028,52.3,-0.9000000000000057,5.6,-2.1627934,10.244532,13.5,42.10546815372438,1.3758,-4.5603,3.65,4.772775
2015-04,,50.1,0.0,52.4,0.1000000000000014,5.9,1.287186,10.128931360000001,12.0,11.64226730855111,1.5091,-4.5725,3.35,3.5274
2015-05,,50.2,0.1000000000000014,52.117,-0.3999999999999986,6.1,1.578521,10.130209,11.4,32.28078804568421,1.2308,-4.607,3.35,2.3374166666666674
2015-06,7.1,50.2,0.0,52.3,0.2999999999999971,6.8,1.760122,10.631952,11.4,41.27008106344754,1.3909,-4.8135,3.35,2.1223
2015-07,,50.0,-0.2000000000000028,52.8,0.5,6.0,-1.317016,10.512323,11.2,-6.81766134421763,1.6473,-5.3692,2.5,2.7596233333333324
2015-08,,49.7,-0.2999999999999971,52.6,-0.1999999999999957,6.1,1.903499,10.792317,10.9,8.10400808373454,1.9554,-5.9227,2.5,2.4700935483870965
2015-09,7.0,49.8,0.0999999999999943,53.0,0.3999999999999986,5.7,-0.15279,10.9,10.3,20.003012383903908,1.5956,-5.945,2.35,2.4493419354838704
2015-10,,49.8,0.0,52.3,-0.7000000000000028,5.6,-0.242482,11.023401,10.2,1.71755505251063,1.2674,-5.9,2.35,2.4100099999999998
2015-11,,49.6,-0.1999999999999957,52.8,0.5,6.2,0.581849,11.172228,10.2,2.86076301527229,1.4856,-5.9,2.25,2.378858064516129
2015-12,6.9,49.7,0.1000000000000014,53.7,0.9000000000000057,5.9,-2.153065,11.1,10.197999999999999,21.15687933014594,1.6,-5.9,2.25,2.403823333333333
