,macro_alpha_t,macro_alpha_lag1,macro_alpha_lag2,macro_alpha_lag3,macro_alpha_lag4,macro_alpha_lag5,macro_S_t,macro_S_lag1,real_alpha_t,real_alpha_lag1,real_alpha_lag2,real_alpha_lag3,real_alpha_lag4,real_alpha_lag5,real_S_t,real_S_lag1,nominal_alpha_t,nominal_alpha_lag1,nominal_alpha_lag2,nominal_alpha_lag3,nominal_alpha_lag4,nominal_alpha_lag5,nominal_S_t,nominal_S_lag1
2011-01,8.374132672987294,6.728950106114815,-0.3087194181922773,12.098638489293684,8.318695114046339,-20.822977605534046,9.587131431912551,13.65236670965399,27.638219558571812,33.46644376572165,35.8712935579918,27.66318742326854,10.090232450206939,-5.907551286312002,-4.840587316933757,-5.552424837241589,2.6153726360914393,2.3771916978021435,0.13301595241259787,-4.776268656249748,-10.132556969549865,1.8596103353204432,-0.45340964137056483,-0.45340964137071343
2011-02,3.385992981868001,8.37413267298729,6.728950106114817,-0.30871941819227855,12.098638489293684,8.318695114046337,12.973124413780617,9.587131431912516,25.155217835214426,27.63821955857182,33.466443765721664,35.87129355799181,27.66318742326856,10.090232450206948,20.31463051827709,-4.840587316931949,3.426368378580263,2.6153726360914407,2.3771916978021435,0.13301595241259767,-4.776268656249748,-10.132556969549865,2.9729587372096997,-0.453409641370564
2011-03,5.218843118493494,3.385992981868227,8.374132672987368,6.7289501061147,-0.30871941819225934,12.098638489293622,18.19196753227376,12.973124413780367,25.781864753602886,25.15521783519676,27.638219558572583,33.46644376572183,35.871293557993845,27.663187423267807,46.09649527188563,20.314630518255754,3.857004731072117,3.426368378580258,2.6153726360914415,2.377191697802159,0.13301595241260003,-4.7762686562497505,6.8299634682818136,2.9729587372096953
2011-04,5.445901218803616,5.218843118493302,3.3859929818679877,8.374132672987331,6.728950106114721,-0.30871941819212484,5.445901218803616,18.19196753227361,24.327628301665094,25.78186475360986,25.155217835196556,27.638219558572324,33.466443765721536,35.87129355799396,24.327628301665094,46.09649527186482,3.783036577523063,3.857004731072111,3.4263683785802956,2.615372636091457,2.377191697802157,0.13301595241261693,3.783036577523063,6.829963468281841
2011-05,4.396414005110778,5.445901218803987,5.218843118493295,3.385992981868,8.374132672987338,6.728950106114737,9.842315223914165,5.445901218803987,17.802237542829538,24.327628301657644,25.781864753609536,25.15521783519776,27.63821955857249,33.466443765721564,42.129865844477045,24.327628301657644,4.2121191962853395,3.783036577523074,3.8570047310721187,3.4263683785802943,2.6153726360914527,2.3771916978021554,7.995155773808369,3.783036577523074
2011-06,3.938179575135453,4.396414005110551,5.445901218803951,5.2188431184932425,3.385992981868054,8.374132672987333,13.780494799049963,9.842315223914479,9.03928392416728,17.802237542826386,24.327628301657676,25.781864753608744,25.15521783519723,27.638219558572317,51.16914976865099,42.12986584448389,5.5842422735895685,4.2121191962853235,3.783036577523075,3.8570047310721076,3.426368378580285,2.6153726360914518,13.579398047397957,7.9951557738084045
2011-07,3.469866324392722,3.938179575135704,4.396414005110584,5.445901218803946,5.218843118493232,3.385992981868043,3.469866324392722,13.78049479905025,2.9634029304420393,9.03928392416925,17.802237542826806,24.327628301657697,25.781864753608524,25.155217835197135,2.9634029304420393,51.169149768653064,5.666724608518379,5.584242273589567,4.2121191962853155,3.7830365775230748,3.857004731072112,3.4263683785802854,5.666724608518379,13.579398047397959
2011-08,2.928916090400722,3.469866324392778,3.9381795751356976,4.396414005110583,5.445901218803943,5.218843118493235,6.398782414793492,3.469866324392778,0.5484899620122581,2.963402930441564,9.039283924168963,17.802237542826933,24.327628301657754,25.781864753608573,3.511892892456345,2.963402930441564,5.430875234801305,5.6667246085183836,5.584242273589565,4.212119196285315,3.7830365775230756,3.8570047310721116,11.097599843319697,5.6667246085183836
2011-09,2.8588826847975346,2.928916090400772,3.469866324392877,3.93817957513568,4.396414005110562,5.44590121880393,9.257665099591073,6.398782414793592,-2.038691769145851,0.5484899620139341,2.9634029304416467,9.039283924168421,17.802237542826326,24.32762830165757,1.4732011233106936,3.511892892455558,5.290773387120518,5.430875234801296,5.666724608518371,5.584242273589569,4.212119196285318,3.783036577523078,16.388373230440198,11.097599843319673
2011-10,2.303280908717033,2.858882684797565,2.9289160904008056,3.4698663243928793,3.9381795751356767,4.396414005110551,2.303280908717033,9.257665099591298,-8.03021231331828,-2.038691769144802,0.5484899620147295,2.9634029304418483,9.039283924168432,17.802237542826333,-8.03021231331828,1.4732011233127793,4.44344251495681,5.290773387120501,5.430875234801283,5.666724608518366,5.584242273589569,4.212119196285318,4.44344251495681,16.38837323044016
2011-11,1.5584649753918831,2.303280908716965,2.8588826847976048,2.928916090400818,3.4698663243928993,3.938179575135687,3.8617458841089354,2.303280908716965,-14.896422553263504,-8.030212313319819,-2.0386917691443083,0.5484899620150543,2.963402930442479,9.03928392416865,-22.9266348665857,-8.030212313319819,2.580663745196958,4.4434425149568115,5.290773387120501,5.430875234801283,5.666724608518363,5.584242273589568,7.024106260153772,4.4434425149568115
2011-12,1.7419441218415106,1.558464975392001,2.30328090871692,2.8588826847976083,2.928916090400817,3.469866324392902,5.603690005950507,3.8617458841089998,-15.821566874302512,-14.896422553263102,-8.03021231331826,-2.0386917691447035,0.5484899620147838,2.963402930442417,-38.74820174088515,-22.926634866585744,2.274711860855616,2.5806637451969707,4.4434425149568275,5.290773387120501,5.430875234801283,5.666724608518361,9.298818121009399,7.024106260153781
2012-01,2.282253190389221,1.7419441218414755,1.5584649753919846,2.303280908716943,2.8588826847976505,2.9289160904008305,2.282253190389221,5.603690005950409,-6.7010772607751425,-15.821566874302038,-14.896422553264255,-8.030212313318138,-2.038691769144671,0.5484899620149231,-6.7010772607751425,-38.74820174088456,2.823876410571261,2.2747118608556027,2.580663745196962,4.443442514956821,5.290773387120496,5.430875234801279,2.823876410571261,9.298818121009386
2012-02,3.9885065919940743,2.2822531903892287,1.7419441218414509,1.5584649753919968,2.3032809087169546,2.8588826847976567,6.270759782383202,2.2822531903892287,8.63722653891748,-6.701077260776157,-15.821566874302402,-14.896422553264234,-8.030212313318062,-2.0386917691446436,1.9361492781430032,-6.701077260776157,0.5859443768055113,2.823876410571263,2.2747118608556036,2.5806637451969623,4.443442514956821,5.290773387120495,3.409820787376774,2.823876410571263
2012-03,3.794465628259444,3.988506591994136,2.2822531903892522,1.7419441218414469,1.558464975391999,2.3032809087169595,10.065225410642928,6.270759782383383,20.50538917686125,8.637226538918638,-6.701077260776201,-15.821566874302459,-14.896422553264081,-8.030212313317959,22.44153845500387,1.936149278142294,1.191857888990622,0.585944376805516,2.8238764105712586,2.274711860855606,2.580663745196961,4.44344251495682,4.601678676367388,3.409820787376774
2012-04,3.568371838715385,3.7944656282594353,3.98850659199414,2.2822531903892473,1.7419441218414593,1.5584649753919977,3.568371838715385,10.065225410642842,20.91882043447356,20.505389176861087,8.637226538918446,-6.7010772607761355,-15.821566874302265,-14.896422553264017,20.91882043447356,22.441538455003748,0.9039663719599562,1.191857888990622,0.5859443768055146,2.8238764105712573,2.2747118608556054,2.5806637451969605,0.9039663719599562,4.601678676367394
2012-05,2.2262891334925543,3.5683718387153336,3.7944656282594353,3.988506591994129,2.2822531903892402,1.7419441218414586,5.794660972208173,3.5683718387153336,9.718980611263147,20.91882043447507,20.505389176861257,8.637226538918396,-6.701077260776135,-15.821566874302256,30.63780104573227,20.91882043447507,0.469253782657793,0.9039663719599482,1.1918578889906228,0.5859443768055151,2.8238764105712586,2.274711860855606,1.3732201546177687,0.9039663719599482
2012-06,0.6600331328933771,2.226289133492521,3.5683718387152417,3.7944656282593825,3.988506591994136,2.282253190389276,6.454694105100769,5.794660972207799,-5.911854951488758,9.718980611257692,20.918820434473762,20.505389176860874,8.637226538917934,-6.70107726077569,24.725946094244097,30.63780104573065,-0.5746482382439073,0.4692537826578426,0.9039663719599808,1.1918578889906233,0.5859443768055098,2.823876410571251,0.7985719163739095,1.3732201546178215
2012-07,-0.22085091773309012,0.6600331328934672,2.226289133492502,3.5683718387152767,3.7944656282593887,3.9885065919941356,-0.22085091773309012,6.454694105101197,-17.29372324962685,-5.91185495148885,9.718980611257338,20.918820434474686,20.505389176861005,8.637226538917798,-17.29372324962685,24.725946094243085,-1.0703378799719383,-0.5746482382439186,0.46925378265782947,0.9039663719599738,1.1918578889906186,0.5859443768055099,-1.0703378799719383,0.7985719163738828
2012-08,-0.6514216401144193,-0.2208509177330129,0.6600331328934946,2.2262891334925206,3.5683718387152874,3.794465628259397,-0.8722725578475492,-0.2208509177330129,-20.004905830642315,-17.293723249625543,-5.911854951488295,9.718980611257791,20.918820434475016,20.505389176861073,-37.29862908027501,-17.293723249625543,-0.7161582023884625,-1.070337879971943,-0.5746482382439201,0.46925378265782375,0.903966371959969,1.1918578889906175,-1.786496082360416,-1.070337879971943
2012-09,-0.014146444655118218,-0.6514216401142366,-0.2208509177328667,0.6600331328935585,2.2262891334925228,3.568371838715333,-0.8864190025022572,-0.8722725578471122,-15.563893905566113,-20.004905830638084,-17.29372324962707,-5.9118549514878245,9.71898061125828,20.918820434475112,-52.86252298583027,-37.29862908026539,-0.9713116181325734,-0.7161582023884802,-1.0703378799719505,-0.5746482382439181,0.4692537826578233,0.9039663719599684,-2.757807700492997,-1.7864960823604228
2012-10,0.9509632199201232,-0.014146444655141366,-0.6514216401142807,-0.2208509177328796,0.6600331328935405,2.2262891334925285,0.9509632199201232,-0.886419002502296,-9.04965793948827,-15.563893905566422,-20.004905830638187,-17.2937232496277,-5.911854951488068,9.718980611258262,-9.04965793948827,-52.8625229858315,-1.394820286206108,-0.9713116181325722,-0.7161582023884737,-1.0703378799719472,-0.5746482382439158,0.46925378265782375,-1.394820286206108,-2.7578077004929904
2012-11,1.269798588513723,0.9509632199201119,-0.014146444655127953,-0.6514216401142952,-0.22085091773287993,0.6600331328935449,2.220761808433817,0.9509632199201119,-5.173269433497971,-9.049657939488059,-15.563893905565921,-20.004905830638215,-17.293723249627718,-5.911854951488017,-14.222927372985527,-9.049657939488059,-0.9945688210943442,-1.394820286206093,-0.9713116181325641,-0.7161582023884739,-1.0703378799719478,-0.5746482382439138,-2.389389107300438,-1.394820286206093
2012-12,1.5348387626402875,1.2697985885136829,0.9509632199201002,-0.014146444655144128,-0.6514216401143054,-0.22085091773287913,3.7556005710740026,2.2207618084337897,-5.4420525219828075,-5.173269433497239,-9.049657939487648,-15.563893905565983,-20.00490583063823,-17.293723249627643,-19.664979894967303,-14.222927372985378,-0.24156854454477983,-0.9945688210943477,-1.3948202862060972,-0.9713116181325643,-0.7161582023884737,-1.0703378799719476,-2.630957651845222,-2.3893891073004476
2013-01,1.7332845947345044,1.5348387626402429,1.26979858851369,0.9509632199201081,-0.01414644465515184,-0.6514216401142914,1.7332845947345044,3.7556005710740616,-7.924475160582931,-5.442052521981418,-5.173269433497033,-9.049657939487552,-15.563893905565953,-20.004905830638133,-7.924475160582931,-19.66497989496677,-0.9689877437508703,-0.24156854454477583,-0.9945688210943463,-1.3948202862060928,-0.971311618132565,-0.7161582023884754,-0.9689877437508703,-2.6309576518452347
2013-02,0.5971920183559307,1.7332845947345548,1.5348387626402822,1.269798588513683,0.9509632199201254,-0.014146444655155826,2.33047661309045,1.7332845947345548,-9.454885225732685,-7.924475160584064,-5.442052521980728,-5.173269433497052,-9.049657939487664,-15.563893905565912,-17.379360386313788,-7.924475160584064,1.0063318759543158,-0.9689877437508764,-0.2415685445447926,-0.9945688210943483,-1.3948202862060926,-0.9713116181325655,0.03734413220343047,-0.9689877437508764
2013-03,0.05492259579685055,0.5971920183559649,1.733284594734541,1.5348387626402802,1.26979858851368,0.9509632199201286,2.3853992088874243,2.3304766130905614,-8.460089492656005,-9.454885225732532,-7.924475160584737,-5.442052521980656,-5.173269433497107,-9.049657939487718,-25.83944987897337,-17.37936038631691,-0.6710469236374745,1.0063318759543194,-0.9689877437508753,-0.24156854454479287,-0.9945688210943476,-1.3948202862060919,-0.6337027914340594,0.03734413220343191
2013-04,0.6636754957957492,0.05492259579685538,0.5971920183559315,1.7332845947344986,1.534838762640278,1.2697985885137024,0.6636754957957492,2.3853992088873612,-6.013458648841718,-8.46008949265459,-9.454885225732504,-7.924475160584759,-5.442052521980765,-5.173269433496965,-6.013458648841718,-25.839449878972285,-0.28099289921741055,-0.6710469236374732,1.0063318759543156,-0.9689877437508672,-0.24156854454479323,-0.9945688210943502,-0.28099289921741055,-0.6337027914340377
2013-05,0.654848416165836,0.6636754957957065,0.054922595796909224,0.5971920183559284,1.7332845947345088,1.5348387626402737,1.3185239119614178,0.6636754957957065,-4.224000098590305,-6.013458648843749,-8.460089492655598,-9.4548852257326,-7.924475160584345,-5.442052521980784,-10.237458747434172,-6.013458648843749,-0.7264136594474992,-0.28099289921741816,-0.6710469236374831,1.0063318759543134,-0.9689877437508672,-0.2415685445447936,-1.0074065586649024,-0.28099289921741816
2013-06,0.6939694306746105,0.6548484161658723,0.6636754957957389,0.05492259579690793,0.5971920183559207,1.7332845947345061,2.012493342636204,1.3185239119615952,-3.6740671026980998,-4.224000098589027,-6.013458648842941,-8.460089492655856,-9.454885225732685,-7.924475160584384,-13.91152585012825,-10.237458747432187,0.1605279336908454,-0.7264136594474964,-0.2809928992174207,-0.6710469236374831,1.0063318759543158,-0.9689877437508663,-0.8468786249740909,-1.0074065586649172
2013-07,1.1202117424672928,0.6939694306746561,0.6548484161659041,0.6636754957957325,0.054922595796904235,0.597192018355934,1.1202117424672928,2.0124933426362985,-2.6586326501834887,-3.6740671026955454,-4.224000098588924,-6.013458648842746,-8.460089492655769,-9.45488522573279,-2.6586326501834887,-13.911525850127177,0.10800060669985617,0.16052793369083654,-0.7264136594475088,-0.28099289921741993,-0.6710469236374855,1.006331875954317,0.10800060669985617,-0.8468786249740932
2013-08,1.256261708133496,1.1202117424672318,0.6939694306746728,0.6548484161658902,0.6636754957957214,0.05492259579689911,2.3764734506009737,1.1202117424672318,0.8608412511916246,-2.6586326501843254,-3.674067102695899,-4.2240000985889825,-6.013458648842751,-8.460089492655786,-1.7977913989909027,-2.6586326501843254,-0.05707298272918421,0.10800060669985884,0.16052793369083454,-0.7264136594475072,-0.2809928992174177,-0.671046923637485,0.05092762397067019,0.10800060669985884
2013-09,1.558967142384301,1.2562617081335905,1.1202117424673412,0.6939694306747,0.6548484161658766,0.6636754957957086,3.9354405929852505,2.3764734506009213,6.600260040719094,0.8608412511897963,-2.658632650184288,-3.6740671026956258,-4.224000098589006,-6.0134586488428665,4.80246864172403,-1.7977913989945817,0.6468269803760258,-0.05707298272918757,0.1080006066998469,0.16052793369082888,-0.7264136594475112,-0.28099289921741605,0.6977546043466835,0.05092762397065819
2013-10,2.201488796106437,1.558967142384322,1.2562617081335816,1.1202117424673357,0.6939694306746952,0.6548484161658743,2.201488796106437,3.9354405929852474,11.386147421185427,6.600260040718869,0.8608412511897852,-2.658632650184331,-3.6740671026956577,-4.224000098589043,11.386147421185427,4.802468641724274,0.7949562168830996,0.6468269803760273,-0.05707298272918672,0.10800060669984705,0.16052793369082974,-0.7264136594475106,0.7949562168830996,0.6977546043466877
2013-11,2.184920127815802,2.201488796106427,1.5589671423843212,1.2562617081335958,1.1202117424673483,0.6939694306747017,4.386408923922205,2.201488796106427,11.436849718624913,11.386147421184909,6.600260040718868,0.8608412511898703,-2.6586326501842694,-3.6740671026956186,22.822997139810745,11.386147421184909,0.5089890611315059,0.7949562168831011,0.6468269803760285,-0.057072982729187795,0.10800060669984632,0.1605279336908294,1.3039452780146101,0.7949562168831011
2013-12,1.7492568704919849,2.184920127815761,2.201488796106428,1.5589671423843232,1.2562617081336054,1.1202117424673497,6.135665794414181,4.386408923922199,5.601000402262391,11.436849718625272,11.386147421185084,6.60026004071892,0.8608412511900391,-2.658632650184243,28.423997542072794,22.8229971398104,-0.2523216457894737,0.5089890611315059,0.7949562168830989,0.6468269803760267,-0.05707298272918901,0.10800060669984599,1.051623632225132,1.3039452780146044
2014-01,1.323298893803256,1.7492568704919835,2.1849201278157633,2.201488796106435,1.5589671423843217,1.2562617081336054,1.323298893803256,6.13566579441417,-3.232323061910886,5.60100040226252,11.436849718625215,11.386147421185097,6.600260040718948,0.8608412511900441,-3.232323061910886,28.423997542072918,-0.2175627533233356,-0.2523216457894747,0.5089890611315049,0.794956216883099,0.6468269803760269,-0.05707298272918874,-0.2175627533233356,1.05162363222513
2014-02,0.37650254087404567,1.3232988938032615,1.749256870491966,2.1849201278157624,2.2014887961064415,1.5589671423843252,1.6998014346773482,1.3232988938032615,-9.832502803256904,-3.232323061910777,5.601000402262425,11.436849718625197,11.38614742118516,6.600260040718988,-13.064825865166906,-3.232323061910777,-0.9123122877064149,-0.21756275332333289,-0.2523216457894719,0.5089890611315045,0.7949562168830989,0.6468269803760274,-1.1298750410297425,-0.21756275332333289
2014-03,-0.2582590834432076,0.37650254087404345,1.3232988938032404,1.7492568704919422,2.184920127815753,2.2014887961064327,1.4415423512341405,1.699801434677317,-10.234509922001576,-9.832502803257606,-3.232323061911232,5.601000402262038,11.436849718625073,11.386147421185118,-23.29933578717152,-13.064825865168098,-0.1677618912965274,-0.9123122877064149,-0.21756275332333452,-0.25232164578946925,0.5089890611315052,0.7949562168831,-1.297636932326252,-1.1298750410297542
2014-04,0.4327360292701323,-0.2582590834432561,0.37650254087403157,1.3232988938032149,1.7492568704919143,2.184920127815732,0.4327360292701323,1.4415423512339773,-4.538239443969111,-10.234509922003134,-9.832502803257396,-3.23232306191126,5.601000402261604,11.436849718624963,-4.538239443969111,-23.29933578717202,-1.151964411969726,-0.1677618912965134,-0.9123122877064092,-0.21756275332332903,-0.25232164578946437,0.5089890611315074,-1.151964411969726,-1.2976369323262613
2014-05,1.1224561295408964,0.4327360292701873,-0.25825908344318754,0.37650254087403695,1.3232988938032062,1.7492568704919136,1.555192158811102,0.4327360292701873,3.2698032925877962,-4.538239443968691,-10.23450992200222,-9.832502803257386,-3.232323061911685,5.601000402261521,-1.2684361513826357,-4.538239443968691,-0.21468756956833523,-1.1519644119697339,-0.16776189129652097,-0.9123122877064089,-0.2175627533233275,-0.25232164578946414,-1.366651981538069,-1.1519644119697339
2014-06,1.3608857784428259,1.1224561295410085,0.43273602927024635,-0.2582590834431625,0.37650254087403406,1.3232988938032182,2.9160779372541006,1.5551921588112594,8.384646872423799,3.269803292588835,-4.538239443967835,-10.23450992200151,-9.832502803257304,-3.23232306191164,7.116210721045126,-1.2684361513790718,-0.46620015639445544,-0.21468756956833945,-1.1519644119697567,-0.16776189129652663,-0.9123122877064113,-0.21756275332332728,-1.8328521379325504,-1.3666519815380958
2014-07,1.623957053067038,1.3608857784428214,1.1224561295410127,0.4327360292702476,-0.2582590834431597,0.376502540874035,1.623957053067038,2.9160779372540824,8.639877030446298,8.384646872423895,3.2698032925888203,-4.538239443967818,-10.234509922001461,-9.832502803257267,8.639877030446298,7.116210721044875,-0.5803272190674873,-0.46620015639445367,-0.21468756956833993,-1.1519644119697572,-0.16776189129652727,-0.9123122877064114,-0.5803272190674873,-1.8328521379325502
2014-08,0.9569014126684283,1.6239570530670961,1.360885778442824,1.1224561295410098,0.43273602927024635,-0.25825908344315907,2.58085846573543,1.6239570530670961,5.487300488112091,8.639877030446144,8.384646872423984,3.269803292588791,-4.5382394439678535,-10.234509922001472,14.127177518558035,8.639877030446144,-0.956863505879864,-0.5803272190674829,-0.46620015639445395,-0.21468756956833995,-1.1519644119697565,-0.16776189129652735,-1.537190724947373,-0.5803272190674829
2014-09,0.316038821677196,0.9569014126683721,1.6239570530671124,1.3608857784428379,1.1224561295410465,0.43273602927025395,2.8968972874126857,2.580858465735484,1.8709296333742238,5.487300488111715,8.639877030446163,8.384646872424318,3.2698032925888203,-4.538239443967841,15.998107151932079,14.127177518557616,-1.436736933547333,-0.9568635058798675,-0.5803272190674881,-0.46620015639445683,-0.2146875695683404,-1.1519644119697565,-2.9739276584946883,-1.5371907249473542
2014-10,0.3133758513644106,0.3160388216771938,0.9569014126683724,1.6239570530671141,1.3608857784428379,1.1224561295410458,0.3133758513644106,2.8968972874126746,-0.7705499061127532,1.87092963337428,5.487300488111597,8.639877030446119,8.384646872424325,3.269803292588795,-0.7705499061127532,15.998107151932022,-1.4816730440280392,-1.4367369335473332,-0.956863505879867,-0.5803272190674886,-0.4662001563944571,-0.21468756956834034,-1.4816730440280392,-2.9739276584946883
2014-11,-0.0199451988978665,0.31337585136440066,0.3160388216771726,0.9569014126683724,1.6239570530671135,1.360885778442838,0.2934306524665532,0.31337585136440066,-3.4119881050590397,-0.7705499061124504,1.8709296333742396,5.487300488111557,8.63987703044613,8.384646872424337,-4.182538011172343,-0.7705499061124504,-1.6960223213728953,-1.48167304402804,-1.4367369335473328,-0.9568635058798666,-0.5803272190674895,-0.46620015639445717,-3.177695365400932,-1.48167304402804
2014-12,-0.15209172215516437,-0.019945198897853122,0.31337585136439444,0.316038821677176,0.9569014126683628,1.623957053067115,0.14133893031136907,0.2934306524665551,-7.535443960458802,-3.4119881050582443,-0.7705499061123777,1.8709296333741252,5.487300488111531,8.639877030446167,-11.71798197163061,-4.182538011170739,-1.587444367242465,-1.6960223213728964,-1.481673044028036,-1.4367369335473323,-0.9568635058798666,-0.5803272190674899,-4.7651397326434015,-3.1776953654009383
2015-01,0.10754220381504995,-0.1520917221551386,-0.019945198897817415,0.31337585136439083,0.31603882167716857,0.956901412668357,0.10754220381504995,0.14133893031150857,-12.65531345604775,-7.535443960457952,-3.4119881050577465,-0.7705499061119678,1.8709296333740764,5.487300488111582,-12.65531345604775,-11.717981971628522,-2.7601655709103694,-1.5874443672424645,-1.6960223213729029,-1.4816730440280401,-1.4367369335473323,-0.9568635058798663,-2.7601655709103694,-4.765139732643401
2015-02,-0.7100925414843594,0.1075422038150673,-0.15209172215509148,-0.019945198897809338,0.31337585136439405,0.31603882167717057,-0.6025503376692773,0.1075422038150673,-16.14320236157563,-12.655313456046418,-7.535443960458256,-3.4119881050576204,-0.7705499061119007,1.8709296333741707,-28.798515817621613,-12.655313456046418,-1.6235155536886146,-2.760165570910373,-1.5874443672424607,-1.6960223213729035,-1.4816730440280415,-1.4367369335473328,-4.3836811245989855,-2.760165570910373
2015-03,-1.6636287566594774,-0.7100925414843089,0.1075422038150936,-0.1520917221551042,-0.019945198897821773,0.31337585136439017,-2.2661790943287268,-0.6025503376693411,-15.77398265897034,-16.143202361575504,-12.655313456045963,-7.535443960458458,-3.411988105057712,-0.7705499061119397,-44.57249847659107,-28.798515817621723,-1.5651119633954673,-1.6235155536886123,-2.7601655709103685,-1.5874443672424587,-1.6960223213729018,-1.4816730440280408,-5.948793087994441,-4.383681124598992
2015-04,-1.1696873964795143,-1.663628756659341,-0.7100925414843179,0.10754220381512158,-0.15209172215513256,-0.019945198897818033,-1.1696873964795143,-2.2661790943285665,-12.342008933981777,-15.773982658969093,-16.143202361575383,-12.655313456045922,-7.535443960458533,-3.411988105057865,-12.342008933981777,-44.57249847659025,-1.4191206912674856,-1.565111963395476,-1.6235155536886252,-2.76016557091037,-1.5874443672424567,-1.6960223213729018,-1.4191206912674856,-5.948793087994469
2015-05,-1.0796369429454795,-1.169687396479525,-1.6636287566593655,-0.7100925414843116,0.107542203815126,-0.1520917221551297,-2.249324339424995,-1.169687396479525,-9.38415875581478,-12.34200893398213,-15.773982658968668,-16.14320236157547,-12.655313456045894,-7.535443960458531,-21.72616768979637,-12.34200893398213,-1.8678650679870552,-1.4191206912674834,-1.565111963395474,-1.6235155536886232,-2.7601655709103707,-1.5874443672424576,-3.286985759254546,-1.4191206912674834
2015-06,-1.1097343238825546,-1.079636942945436,-1.1696873964795438,-1.6636287566593722,-0.7100925414843268,0.10754220381512541,-3.3590586633075845,-2.2493243394249722,-10.003632046440588,-9.384158755814548,-12.342008933981477,-15.773982658968773,-16.143202361575497,-12.655313456045885,-31.72979973623707,-21.72616768979603,-1.6085572127225671,-1.8678650679870574,-1.419120691267486,-1.5651119633954742,-1.6235155536886228,-2.7601655709103703,-4.8955429719771155,-3.286985759254543
2015-07,-1.1410773705781643,-1.1097343238825603,-1.0796369429454535,-1.1696873964795442,-1.6636287566593706,-0.710092541484328,-1.1410773705781643,-3.3590586633075423,-13.977922788746246,-10.003632046440883,-9.384158755814552,-12.342008933981534,-15.773982658968688,-16.1432023615755,-13.977922788746246,-31.72979973623712,-1.2010879762763713,-1.6085572127225678,-1.8678650679870545,-1.419120691267485,-1.5651119633954746,-1.6235155536886228,-1.2010879762763713,-4.895542971977108
2015-08,-1.6265433547221002,-1.1410773705781596,-1.109734323882552,-1.0796369429454555,-1.1696873964795431,-1.6636287566593766,-2.767620725300267,-1.1410773705781596,-18.183151204854088,-13.97792278874576,-10.003632046440732,-9.384158755814578,-12.3420089339817,-15.773982658968695,-32.16107399359908,-13.97792278874576,-0.6587116878357273,-1.2010879762763729,-1.6085572127225687,-1.867865067987054,-1.4191206912674852,-1.5651119633954746,-1.8597996641120997,-1.2010879762763729
2015-09,-1.8852281043436747,-1.6265433547220842,-1.1410773705781476,-1.1097343238825532,-1.0796369429454564,-1.169687396479543,-4.652848829643914,-2.767620725300229,-19.871721392114814,-18.18315120485386,-13.977922788745898,-10.003632046440648,-9.384158755814536,-12.342008933981683,-52.03279538571465,-32.161073993599715,-1.1791177955455678,-0.658711687835726,-1.2010879762763755,-1.608557212722569,-1.8678650679870539,-1.4191206912674854,-3.0389174596576667,-1.8597996641121022
2015-10,-1.5885475306770895,-1.8852281043436487,-1.6265433547220778,-1.1410773705781618,-1.1097343238825559,-1.0796369429454573,-1.5885475306770895,-4.65284882964385,-19.325044573673836,-19.87172139211444,-18.183151204853676,-13.977922788745815,-10.003632046440655,-9.384158755814546,-19.325044573673836,-52.03279538571432,-1.72495900449682,-1.1791177955455678,-0.6587116878357263,-1.201087976276375,-1.6085572127225685,-1.8678650679870534,-1.72495900449682,-3.038917459657673
2015-11,-1.6772248261181195,-1.5885475306771166,-1.8852281043436294,-1.6265433547220576,-1.1410773705781487,-1.109734323882554,-3.265772356795142,-1.5885475306771166,-19.13589265673206,-19.325044573673512,-19.87172139211448,-18.183151204853637,-13.977922788745666,-10.003632046440625,-38.46093723040683,-19.325044573673512,-1.3846287093980931,-1.7249590044968208,-1.1791177955455712,-0.6587116878357282,-1.2010879762763755,-1.608557212722569,-3.109587713894916,-1.7249590044968208
2015-12,-1.7646939838071984,-1.6772248261180434,-1.588547530677069,-1.8852281043436332,-1.6265433547220665,-1.1410773705781512,-5.030466340602302,-3.265772356795131,-21.011768186462422,-19.13589265673165,-19.32504457367386,-19.871721392114665,-18.18315120485396,-13.977922788745738,-59.47270541686801,-38.46093723040527,-1.1801791748616055,-1.3846287093980993,-1.7249590044968246,-1.17911779554557,-0.6587116878357264,-1.2010879762763744,-4.289766888756532,-3.1095877138949244
2016-01,-1.6986621200544845,-1.7646939838072122,-1.677224826118069,-1.5885475306770838,-1.8852281043436367,-1.6265433547220636,-1.6986621200544845,-5.030466340602316,-23.626737415772425,-21.0117681864622,-19.13589265673159,-19.325044573673825,-19.871721392114694,-18.183151204853925,-23.626737415772425,-59.47270541686788,-0.8664163865843157,-1.1801791748616073,-1.3846287093980991,-1.724959004496824,-1.17911779554557,-0.6587116878357268,-0.8664163865843157,-4.289766888756529
2016-02,-1.6798610782418053,-1.6986621200544922,-1.764693983807184,-1.677224826118069,-1.5885475306770822,-1.8852281043436359,-3.378523198296267,-1.6986621200544922,-23.904857386378623,-23.62673741577606,-21.011768186463005,-19.13589265673172,-19.32504457367409,-19.87172139211462,-47.53159480214575,-23.62673741577606,-0.0910109268317314,-0.8664163865843065,-1.1801791748616046,-1.3846287093980965,-1.7249590044968237,-1.1791177955455698,-0.9574273134160509,-0.8664163865843065
2016-03,-1.9529248846327887,-1.6798610782417795,-1.6986621200544543,-1.764693983807188,-1.677224826118072,-1.5885475306770804,-5.3314480829290645,-3.3785231982962225,-20.39242735383863,-23.904857386376356,-23.626737415774922,-21.011768186462948,-19.135892656731606,-19.32504457367418,-67.92402215598935,-47.53159480215167,-0.03591832246251103,-0.09101092683173576,-0.866416386584315,-1.1801791748616104,-1.3846287093981002,-1.724959004496824,-0.9933456358785593,-0.9574273134160433
2016-04,-1.397738325942564,-1.952924884632708,-1.6798610782417387,-1.6986621200544387,-1.7646939838071762,-1.6772248261180627,-1.397738325942564,-5.331448082928889,-15.045890954002983,-20.392427353838357,-23.904857386376012,-23.626737415774485,-21.011768186462696,-19.13589265673155,-15.045890954002983,-67.92402215598898,-0.08202284294025383,-0.03591832246251002,-0.09101092683173688,-0.8664163865843156,-1.1801791748616126,-1.3846287093981005,-0.08202284294025383,-0.9933456358785656
2016-05,-1.338517274160038,-1.3977383259425356,-1.9529248846327167,-1.6798610782417402,-1.6986621200544394,-1.764693983807176,-2.736255600102698,-1.3977383259425356,-11.412034972892734,-15.045890954003717,-20.3924273538383,-23.90485738637602,-23.626737415774492,-21.011768186462717,-26.457925926895367,-15.045890954003717,-0.5381811081832891,-0.0820228429402548,-0.03591832246251177,-0.09101092683173645,-0.8664163865843153,-1.180179174861613,-0.6202039511235319,-0.0820228429402548
2016-06,-1.2504788186140874,-1.3385172741600995,-1.397738325942543,-1.952924884632735,-1.679861078241752,-1.6986621200544412,-3.986734418716699,-2.736255600102663,-11.084248461071283,-11.41203497289343,-15.045890954003953,-20.3924273538386,-23.90485738637583,-23.62673741577452,-37.542174387968316,-26.457925926897353,-0.8110124753496784,-0.5381811081832841,-0.0820228429402452,-0.03591832246251088,-0.0910109268317351,-0.8664163865843149,-1.4312164264732186,-0.6202039511235302
2016-07,-1.1353468594336633,-1.2504788186140507,-1.3385172741600688,-1.3977383259425264,-1.952924884632729,-1.6798610782417531,-1.1353468594336633,-3.98673441871666,-12.089924335411418,-11.084248461070766,-11.412034972893249,-15.045890954003594,-20.39242735383858,-23.904857386375802,-12.089924335411418,-37.54217438796778,-1.0159400027558743,-0.8110124753496826,-0.5381811081832879,-0.08202284294024827,-0.03591832246251185,-0.09101092683173537,-1.0159400027558743,-1.4312164264732206
2016-08,-1.0805340432367299,-1.1353468594336908,-1.2504788186140936,-1.338517274160072,-1.3977383259425245,-1.95292488463273,-2.2158809026705377,-1.1353468594336908,-10.784433622326468,-12.089924335413091,-11.084248461071224,-11.412034972893306,-15.04589095400348,-20.39242735383857,-22.874357957737985,-12.089924335413091,-1.6738662920078995,-1.0159400027558632,-0.8110124753496823,-0.538181108183287,-0.08202284294024799,-0.035918322462512205,-2.689806294763788,-1.0159400027558632
2016-09,-0.7363467309545868,-1.0805340432368356,-1.1353468594336873,-1.250478818614098,-1.33851727416006,-1.3977383259425187,-2.952227633625193,-2.215880902670549,-5.277893270432239,-10.784433622325178,-12.089924335413277,-11.084248461071134,-11.412034972893311,-15.045890954003447,-28.152251228172158,-22.874357957738933,-0.8214508175976123,-1.6738662920079026,-1.0159400027558638,-0.811012475349684,-0.5381811081832879,-0.08202284294024884,-3.511257112361391,-2.689806294763769
2016-10,-0.10590387205753471,-0.7363467309545512,-1.0805340432368182,-1.1353468594336824,-1.250478818614104,-1.3385172741600746,-0.10590387205753471,-2.952227633625048,2.854656578374893,-5.277893270431957,-10.784433622324855,-12.089924335413343,-11.08424846107118,-11.41203497289344,2.854656578374893,-28.152251228170552,-0.6451826821165745,-0.8214508175976111,-1.6738662920079068,-1.0159400027558676,-0.8110124753496841,-0.5381811081832868,-0.6451826821165745,-3.5112571123613816
2016-11,0.682197714013448,-0.10590387205750906,-0.7363467309545377,-1.0805340432368065,-1.135346859433683,-1.250478818614098,0.5762938419560062,-0.10590387205750906,9.928622629442842,2.854656578375029,-5.277893270431768,-10.78443362232485,-12.089924335413437,-11.084248461071148,12.783279207818573,2.854656578375029,-0.49464478032503706,-0.6451826821165775,-0.8214508175976143,-1.6738662920079068,-1.0159400027558707,-0.8110124753496842,-1.1398274624416134,-0.6451826821165775
2016-12,1.0888362811974217,0.682197714013469,-0.10590387205754109,-0.7363467309545478,-1.0805340432368133,-1.1353468594336875,1.6651301231533229,0.5762938419559342,13.101113926961563,9.928622629442248,2.854656578374768,-5.277893270431888,-10.784433622324917,-12.089924335413473,25.884393134778918,12.783279207817337,-0.8295670038588863,-0.4946447803250362,-0.6451826821165737,-0.8214508175976124,-1.6738662920079057,-1.01594000275587,-1.969394466300491,-1.1398274624416085
2017-01,0.8885652660720466,1.0888362811974186,0.6821977140135034,-0.10590387205752648,-0.7363467309545446,-1.0805340432368111,0.8885652660720466,1.6651301231533249,12.304189266098138,13.10111392696165,9.928622629442378,2.8546565783747675,-5.277893270431829,-10.784433622324917,12.304189266098138,25.884393134779256,-0.10597154502146533,-0.8295670038588929,-0.4946447803250406,-0.6451826821165773,-0.8214508175976112,-1.6738662920079062,-0.10597154502146533,-1.9693944663004976
2017-02,0.9940708985193449,0.8885652660720582,1.0888362811973606,0.6821977140135012,-0.10590387205753092,-0.7363467309545535,1.8826361645913432,0.8885652660720582,9.832783579522047,12.304189266098273,13.101113926961984,9.928622629442179,2.8546565783746676,-5.277893270431891,22.136972845618537,12.304189266098273,-2.815029550745999,-0.10597154502146622,-0.8295670038588878,-0.4946447803250391,-0.6451826821165747,-0.8214508175976107,-2.9210010957674655,-0.10597154502146622
2017-03,0.7439691070632292,0.9940708985192277,0.8885652660719976,1.088836281197363,0.682197714013495,-0.10590387205754151,2.626605271654544,1.8826361645912992,8.31331339381829,9.832783579523063,12.304189266099717,13.101113926962222,9.92862262944242,2.854656578374578,30.450286239441567,22.136972845620708,-2.6523031180493226,-2.815029550745987,-0.10597154502146625,-0.8295670038588906,-0.4946447803250397,-0.6451826821165746,-5.573304213816765,-2.921001095767452
2017-04,0.9680687809132267,0.7439691070632438,0.9940708985192466,0.8885652660720209,1.0888362811973455,0.6821977140134923,0.9680687809132267,2.626605271654517,8.796843297079011,8.31331339381981,9.832783579522687,12.304189266099527,13.101113926962034,9.928622629442348,8.796843297079011,30.450286239442004,-2.226942374476341,-2.652303118049325,-2.8150295507459853,-0.10597154502146794,-0.8295670038588885,-0.4946447803250391,-2.226942374476341,-5.573304213816775
2017-05,0.893940411082277,0.9680687809132832,0.7439691070632192,0.9940708985192248,0.888565266072007,1.0888362811973364,1.8620091919954083,0.9680687809132832,10.433112260563771,8.796843297080596,8.31331339381993,9.832783579522337,12.30418926609915,13.10111392696194,19.229955557642928,8.796843297080596,-1.7367935408290838,-2.226942374476334,-2.652303118049322,-2.815029550745983,-0.10597154502146537,-0.8295670038588868,-3.9637359153054357,-2.226942374476334
2017-06,0.9690172763732001,0.893940411082368,0.9680687809134115,0.7439691070632464,0.9940708985192027,0.8885652660720023,2.8310264683689574,1.862009191995758,11.875121870512212,10.433112260565048,8.79684329708067,8.31331339381995,9.832783579522335,12.30418926609883,31.105077428158232,19.229955557645802,-1.748168708103518,-1.7367935408290993,-2.2269423744763417,-2.652303118049327,-2.815029550745988,-0.10597154502146458,-5.71190462340896,-3.9637359153054357
2017-07,1.1418852056516773,0.9690172763731953,0.8939404110823758,0.9680687809134119,0.7439691070632388,0.9940708985192006,1.1418852056516773,2.8310264683690103,12.956986341434323,11.875121870513052,10.433112260565366,8.796843297080926,8.313313393819977,9.832783579522284,12.956986341434323,31.105077428159248,-1.9156113419983336,-1.7481687081035155,-1.736793540829096,-2.226942374476339,-2.652303118049327,-2.815029550745987,-1.9156113419983336,-5.711904623408962
2017-08,0.9398763190476952,1.1418852056516338,0.9690172763732233,0.8939404110823719,0.9680687809134018,0.7439691070632442,2.0817615246992984,1.1418852056516338,14.734719572371965,12.956986341434563,11.875121870512238,10.433112260565117,8.796843297081072,8.313313393819893,27.691705913804668,12.956986341434563,-1.2693668915050647,-1.9156113419983343,-1.7481687081035153,-1.7367935408290955,-2.2269423744763395,-2.652303118049327,-3.1849782335033767,-1.9156113419983343
2017-09,1.1021965040257529,0.9398763190476394,1.1418852056516058,0.9690172763732218,0.8939404110823792,0.9680687809133999,3.1839580287249993,2.0817615246992363,17.660553818795883,14.73471957237028,12.956986341434236,11.875121870512206,10.433112260564897,8.796843297081072,45.3522597326004,27.6917059138047,-1.595297474646081,-1.2693668915050562,-1.9156113419983272,-1.7481687081035153,-1.736793540829095,-2.2269423744763386,-4.780275708149464,-3.184978233503381
2017-10,1.4024431395879502,1.1021965040257724,0.9398763190476431,1.1418852056516071,0.9690172763732194,0.8939404110823796,1.4024431395879502,3.1839580287250366,19.98068601197278,17.660553818796558,14.734719572370706,12.95698634143456,11.875121870512213,10.433112260564856,19.98068601197278,45.352259732600785,-1.1634928550336814,-1.5952974746460804,-1.2693668915050556,-1.9156113419983258,-1.7481687081035158,-1.7367935408290953,-1.1634928550336814,-4.780275708149468
2017-11,1.1455012973767602,1.4024431395879275,1.102196504025771,0.9398763190476409,1.1418852056515991,0.9690172763732301,2.547944436964735,1.4024431395879275,18.64906208869074,19.98068601196917,17.660553818796018,14.734719572370505,12.956986341434716,11.87512187051215,38.629748100663825,19.98068601196917,-1.4479839001244006,-1.1634928550336785,-1.5952974746460808,-1.2693668915050556,-1.9156113419983254,-1.7481687081035158,-2.611476755158056,-1.1634928550336785
2017-12,0.4404453094583314,1.1455012973766956,1.4024431395878723,1.1021965040257626,0.9398763190476178,1.141885205651619,2.988389746423065,2.5479444369647424,12.516872719017655,18.64906208868792,19.980686011968782,17.660553818796192,14.734719572370919,12.956986341434975,51.146620819676514,38.62974810065692,-1.1832750743056926,-1.4479839001244046,-1.1634928550336674,-1.5952974746460822,-1.2693668915050582,-1.9156113419983258,-3.794751829463774,-2.6114767551580598
2018-01,0.6485452295001988,0.4404453094583788,1.1455012973767815,1.4024431395878922,1.1021965040257593,0.9398763190476151,0.6485452295001988,2.98838974642298,4.643291675908898,12.516872719017684,18.649062088687362,19.9806860119688,17.660553818796114,14.734719572370825,4.643291675908898,51.14662081967438,-1.6523901272298567,-1.183275074305694,-1.4479839001243957,-1.1634928550336647,-1.5952974746460808,-1.2693668915050593,-1.6523901272298567,-3.7947518294637597
2018-02,0.24474703425318767,0.6485452295001585,0.44044530945829374,1.145501297376803,1.4024431395879289,1.1021965040257617,0.8932922637533216,0.6485452295001585,0.6215949701150532,4.643291675904983,12.516872719017433,18.64906208868771,19.980686011969123,17.660553818796146,5.264886646029552,4.643291675904983,0.5478914086346061,-1.6523901272298616,-1.1832750743056963,-1.4479839001243986,-1.163492855033668,-1.5952974746460828,-1.1044987185952628,-1.6523901272298616
2018-03,-0.04876039807400312,0.24474703425324004,0.6485452295001292,0.4404453094582371,1.1455012973767598,1.4024431395878945,0.8445318656792296,0.8932922637533222,3.6867052339850463,0.6215949701193506,4.643291675903194,12.516872719017087,18.649062088687554,19.98068601196848,8.951591880011392,5.264886646022399,-0.6302081100189757,0.5478914086346045,-1.6523901272298565,-1.1832750743056926,-1.4479839001243924,-1.163492855033665,-1.7347068286142173,-1.104498718595236
2018-04,0.6241918316094428,-0.048760398074120026,0.24474703425308872,0.6485452295000803,0.4404453094582641,1.1455012973767802,0.6241918316094428,0.8445318656791181,11.364408154926469,3.686705233985948,0.6215949701182388,4.643291675903291,12.51687271901699,18.649062088687696,11.364408154926469,8.95159188000764,-1.1909634229176027,-0.6302081100189662,0.5478914086346077,-1.6523901272298527,-1.1832750743056966,-1.4479839001243922,-1.1909634229176027,-1.7347068286142089
2018-05,0.5454336310290875,0.6241918316095187,-0.04876039807407975,0.24474703425308805,0.6485452295000849,0.44044530945827726,1.1696254626388147,0.6241918316095187,17.467591158342554,11.364408154927588,3.68670523398737,0.621594970118101,4.64329167590332,12.516872719017158,28.831999313267065,11.364408154927588,-1.2012870160775693,-1.1909634229176107,-0.6302081100189723,0.5478914086346104,-1.6523901272298467,-1.183275074305696,-2.3922504389951853,-1.1909634229176107
2018-06,0.5507071634170454,0.5454336310292003,0.6241918316095614,-0.048760398074074895,0.24474703425310357,0.6485452295000848,1.7203326260555494,1.1696254626386973,17.61768220482311,17.467591158340767,11.364408154926775,3.686705233987631,0.6215949701183039,4.643291675903216,46.44968151809317,28.831999313267325,-1.0270970398643433,-1.201287016077572,-1.190963422917617,-0.6302081100189751,0.5478914086346081,-1.6523901272298467,-3.4193474788595135,-2.3922504389951786
2018-07,0.39416781394382117,0.5507071634169262,0.5454336310291492,0.6241918316095688,-0.04876039807414767,0.2447470342530748,0.39416781394382117,1.7203326260556742,12.590072063155642,17.617682204824128,17.467591158340092,11.364408154925854,3.6867052339872193,0.6215949701178408,12.590072063155642,46.44968151808982,-0.6940307048584615,-1.0270970398643438,-1.2012870160775593,-1.1909634229176067,-0.6302081100189723,0.5478914086346144,-0.6940307048584615,-3.419347478859511
2018-08,-0.2938888836009384,0.39416781394394285,0.5507071634169343,0.5454336310291624,0.6241918316095794,-0.04876039807414424,0.10027893034275626,0.39416781394394285,6.306336726139286,12.590072063157281,17.61768220482412,17.467591158340234,11.364408154925805,3.686705233987218,18.896408789288657,12.590072063157281,-0.2752178684246762,-0.6940307048584616,-1.0270970398643473,-1.2012870160775613,-1.1909634229176078,-0.6302081100189734,-0.9692485732831371,-0.6940307048584616
2018-09,-0.8121051672146475,-0.2938888836008816,0.39416781394397915,0.5507071634169413,0.545433631029107,0.6241918316095689,-0.7118262368715325,0.100278930343093,1.3185011080201416,6.30633672613867,12.590072063158209,17.617682204823936,17.467591158340085,11.364408154925904,20.21490989731651,18.896408789297283,0.11585241802669821,-0.2752178684246888,-0.6940307048584594,-1.0270970398643466,-1.201287016077554,-1.1909634229176065,-0.8533961552564516,-0.9692485732831467
2018-10,-1.2402635171914866,-0.8121051672146902,-0.2938888836008892,0.3941678139439613,0.5507071634169309,0.5454336310291152,-1.2402635171914866,-0.711826236871663,-3.0415708258443086,1.318501108019488,6.306336726138272,12.590072063157816,17.61768220482384,17.467591158339996,-3.0415708258443086,20.214909897315614,0.17375613767661913,0.11585241802670901,-0.27521786842468055,-0.6940307048584548,-1.0270970398643458,-1.2012870160775533,0.17375613767661913,-0.8533961552564314
2018-11,-2.1084666736938766,-1.2402635171914804,-0.8121051672147289,-0.2938888836008794,0.39416781394397565,0.5507071634169293,-3.348730190885338,-1.2402635171914804,-8.33954061137996,-3.0415708258439,1.318501108019206,6.306336726138516,12.59007206315812,17.617682204823836,-11.38111143722492,-3.0415708258439,-0.16643780171530764,0.17375613767661768,0.11585241802670834,-0.275217868424683,-0.6940307048584545,-1.0270970398643462,0.007318335961305489,0.17375613767661768
2018-12,-2.4361644169151617,-2.1084666736939015,-1.2402635171914909,-0.8121051672147245,-0.29388888360087684,0.3941678139439716,-5.784894607800584,-3.348730190885409,-13.911850292691012,-8.33954061137984,-3.041570825844055,1.3185011080191433,6.306336726138508,12.590072063158061,-25.292961729915277,-11.381111437223803,-0.6016126960069927,-0.1664378017153102,0.17375613767662046,0.11585241802670855,-0.2752178684246833,-0.6940307048584546,-0.5942943600456788,0.00731833596130718
2019-01,-2.042022601325053,-2.436164416915145,-2.1084666736938824,-1.2402635171914755,-0.8121051672147173,-0.29388888360087123,-2.042022601325053,-5.784894607800508,-16.921018518789875,-13.911850292691007,-8.339540611379535,-3.041570825843866,1.3185011080193019,6.306336726138577,-16.921018518789875,-25.29296172991448,-0.9733852695436085,-0.6016126960069927,-0.16643780171531627,0.17375613767661824,0.1158524180267074,-0.27521786842468365,-0.9733852695436085,-0.5942943600456897
2019-02,-1.8367957285152077,-2.042022601325047,-2.4361644169151466,-2.1084666736938837,-1.2402635171914778,-0.8121051672147177,-3.8788183298402563,-2.042022601325047,-15.572923754628137,-16.921018518789687,-13.91185029269108,-8.339540611379556,-3.041570825843925,1.3185011080192661,-32.49394227341793,-16.921018518789687,-1.3007416852779699,-0.9733852695436084,-0.6016126960069917,-0.1664378017153161,0.17375613767661868,0.11585241802670766,-2.27412695482158,-0.9733852695436084
2019-03,-2.0150270431883497,-1.8367957285152507,-2.0420226013250837,-2.4361644169151533,-2.108466673693886,-1.2402635171914773,-5.89384537302866,-3.8788183298402803,-11.615991377994607,-15.572923754628825,-16.921018518789992,-13.911850292691131,-8.339540611379585,-3.041570825843921,-44.10993365141203,-32.493942273418696,-0.03720671825748689,-1.3007416852779712,-0.9733852695436125,-0.6016126960069903,-0.16643780171531644,0.1737561376766186,-2.311333673079063,-2.2741269548215755
2019-04,-2.156833029885478,-2.015027043188393,-1.8367957285152297,-2.0420226013250846,-2.436164416915143,-2.1084666736938824,-2.156833029885478,-5.893845373028733,-9.029998629168823,-11.615991377994904,-15.572923754628807,-16.921018518789868,-13.911850292691046,-8.339540611379526,-9.029998629168823,-44.10993365141374,0.31165754611391905,-0.03720671825748333,-1.3007416852779663,-0.9733852695436126,-0.6016126960069914,-0.1664378017153167,0.31165754611391905,-2.3113336730790595
2019-05,-1.8949490245240768,-2.1568330298855427,-2.0150270431884274,-1.8367957285152676,-2.0420226013250966,-2.4361644169151555,-4.051782054409518,-2.1568330298855427,-10.231760467363156,-9.029998629168851,-11.615991377995014,-15.572923754628823,-16.921018518790053,-13.911850292691119,-19.261759096527815,-9.029998629168851,0.5954517699864013,0.31165754611392354,-0.037206718257485026,-1.30074168527796,-0.9733852695436122,-0.6016126960069905,0.9071093161003159,0.31165754611392354
2019-06,-1.8778433499495943,-1.8949490245241125,-2.156833029885612,-2.0150270431884563,-1.8367957285152678,-2.0420226013251077,-5.929625404359312,-4.051782054409723,-13.946044125345756,-10.231760467361886,-9.029998629167078,-11.615991377995424,-15.572923754629613,-16.921018518790078,-33.20780322187446,-19.261759096528998,0.5989760492216016,0.595451769986398,0.3116575461139153,-0.03720671825748263,-1.3007416852779554,-0.9733852695436114,1.5060853653219182,0.907109316100318
2019-07,-2.6995823511840453,-1.8778433499495764,-1.8949490245240883,-2.1568330298855947,-2.015027043188454,-1.8367957285152707,-2.6995823511840453,-5.929625404359252,-16.826181756940603,-13.946044125345374,-10.231760467361793,-9.029998629166961,-11.615991377995487,-15.572923754629649,-16.826181756940603,-33.20780322187369,0.8797969356027857,0.5989760492215964,0.5954517699863945,0.31165754611391266,-0.03720671825748333,-1.3007416852779548,0.8797969356027857,1.506085365321912
2019-08,-3.005587866085286,-2.699582351184054,-1.8778433499495817,-1.894949024524114,-2.1568330298855845,-2.0150270431884545,-5.705170217269453,-2.699582351184054,-16.71097728170322,-16.826181756939487,-13.946044125345846,-10.231760467361834,-9.029998629167213,-11.615991377995599,-33.53715903864443,-16.826181756939487,0.9322195874520389,0.8797969356027889,0.5989760492216021,0.5954517699863977,0.31165754611391633,-0.03720671825748236,1.8120165230548144,0.8797969356027889
2019-09,-2.825019164690604,-3.005587866085276,-2.699582351184098,-1.877843349949567,-1.8949490245241185,-2.1568330298855827,-8.530189381960003,-5.705170217269394,-14.085076196118804,-16.71097728170651,-16.82618175693864,-13.946044125345521,-10.231760467361687,-9.0299986291672,-47.62223523476648,-33.53715903864592,1.2392482229524462,0.9322195874520303,0.8797969356027753,0.5989760492216003,0.5954517699863892,0.3116575461139146,3.051264746007283,1.8120165230548
2019-10,-2.573655157358205,-2.8250191646907,-3.005587866085301,-2.699582351184061,-1.8778433499495322,-1.8949490245241156,-2.573655157358205,-8.530189381960104,-10.799138075832394,-14.085076196120585,-16.71097728170724,-16.826181756938738,-13.946044125345006,-10.231760467361688,-10.799138075832394,-47.622235234766315,2.4597504519483815,1.2392482229524522,0.9322195874520364,0.8797969356027724,0.5989760492215983,0.5954517699863867,2.4597504519483815,3.051264746007259
2019-11,-2.1700483146679637,-2.5736551573582007,-2.8250191646907066,-3.005587866085274,-2.6995823511840498,-1.8778433499495184,-4.7437034720263185,-2.5736551573582007,-7.961146219698998,-10.799138075834804,-14.0850761961203,-16.71097728170692,-16.826181756938492,-13.946044125344901,-18.76028429553063,-10.799138075834804,3.5032795560138843,2.4597504519483735,1.2392482229524515,0.9322195874520314,0.8797969356027698,0.5989760492215962,5.963030007962287,2.4597504519483735
2019-12,-1.7665001442339021,-2.1700483146677265,-2.573655157358132,-2.8250191646907012,-3.0055878660853326,-2.699582351184082,-6.5102036162597745,-4.743703472025862,-5.201813453885705,-7.961146219698576,-10.799138075834094,-14.085076196120617,-16.710977281707372,-16.826181756938826,-23.96209774941833,-18.760284295532607,3.459685937823993,3.5032795560138985,2.459750451948367,1.2392482229524573,0.9322195874520358,0.8797969356027734,9.422715945786258,5.963030007962264
2020-01,-1.4884793959577693,-1.766500144233907,-2.1700483146677336,-2.5736551573581345,-2.825019164690702,-3.0055878660853317,-1.4884793959577693,-6.51020361625978,-1.6216070604901072,-5.201813453885805,-7.961146219698602,-10.799138075834165,-14.085076196120603,-16.710977281707343,-1.6216070604901072,-23.96209774941842,2.949061427234719,3.459685937823994,3.5032795560138976,2.459750451948367,1.2392482229524573,0.9322195874520357,2.949061427234719,9.42271594578626
2020-02,-3.837956284683358,-1.4884793959577312,-1.7665001442339048,-2.1700483146677167,-2.573655157358138,-2.825019164690705,-5.326435680641133,-1.4884793959577312,2.9649066251252036,-1.621607060490152,-5.201813453885442,-7.961146219698513,-10.799138075834195,-14.085076196120612,1.3432995646346024,-1.621607060490152,2.8129140713847014,2.949061427234717,3.459685937823992,3.5032795560138963,2.4597504519483655,1.2392482229524573,5.761975498619414,2.949061427234717
2020-03,-5.956638214701779,-3.837956284683405,-1.48847939595778,-1.766500144233892,-2.1700483146677105,-2.573655157358135,-11.283073895342879,-5.326435680641118,7.8123436491982865,2.964906625124753,-1.621607060490392,-5.201813453885276,-7.961146219698438,-10.799138075834152,9.155643213831599,1.3432995646352186,2.633896652592031,2.812914071384702,2.9490614272347173,3.4596859378239913,3.503279556013895,2.459750451948365,8.395872151211446,5.761975498619418
2020-04,-5.351614497047555,-5.956638214701739,-3.8379562846834383,-1.4884793959578124,-1.7665001442339316,-2.1700483146677176,-5.351614497047555,-11.283073895343003,12.008901212189993,7.812343649197965,2.9649066251249345,-1.6216070604905088,-5.201813453885553,-7.961146219698654,12.008901212189993,9.155643213832375,2.0585170568581277,2.633896652592035,2.812914071384706,2.949061427234726,3.4596859378239917,3.503279556013897,2.0585170568581277,8.395872151211465
2020-05,-4.921411376319372,-5.351614497047582,-5.956638214701742,-3.837956284683434,-1.4884793959578226,-1.7665001442339305,-10.273025873367022,-5.351614497047582,15.142918400207183,12.008901212189985,7.812343649197927,2.964906625125056,-1.6216070604904802,-5.201813453885612,27.151819612394444,12.008901212189985,0.5970342734072258,2.0585170568581335,2.633896652592032,2.8129140713847045,2.9490614272347244,3.4596859378239913,2.655551330265344,2.0585170568581335
2020-06,-4.444953217122209,-4.921411376319466,-5.3516144970476205,-5.95663821470175,-3.837956284683438,-1.4884793959578162,-14.717979090489322,-10.273025873367098,17.27938065754418,15.142918400205463,12.008901212189212,7.812343649197773,2.9649066251250473,-1.6216070604903892,44.43120026993927,27.151819612394846,0.6582193137079861,0.5970342734072388,2.0585170568581432,2.6338966525920333,2.8129140713847063,2.949061427234724,3.3137706439733656,2.6555513302653786
2020-07,-3.5990753964013953,-4.4449532171221815,-4.921411376319459,-5.351614497047613,-5.956638214701751,-3.8379562846834414,-3.5990753964013953,-14.717979090489257,18.65438730279727,17.279380657544415,15.142918400205625,12.008901212189265,7.8123436491977545,2.9649066251249554,18.65438730279727,44.431200269939495,0.8329395335855359,0.6582193137079811,0.5970342734072333,2.058517056858141,2.6338966525920333,2.8129140713847067,0.8329395335855359,3.3137706439733607
2020-08,-2.990259195586911,-3.5990753964013806,-4.44495321712219,-4.9214113763194725,-5.351614497047628,-5.956638214701751,-6.5893345919883215,-3.5990753964013806,19.63930767378163,18.65438730279772,17.27938065754433,15.14291840020536,12.008901212189265,7.812343649197704,38.293694976579495,18.65438730279772,0.26206719594304284,0.8329395335855376,0.6582193137079891,0.5970342734072348,2.0585170568581423,2.6338966525920333,1.0950067295285808,0.8329395335855376
2020-09,-1.8088166958076974,-2.990259195586984,-3.5990753964013678,-4.444953217122194,-4.92141137631947,-5.351614497047623,-8.398151287796061,-6.589334591988328,20.86399983795556,19.63930767378188,18.654387302797737,17.27938065754437,15.142918400205435,12.008901212189325,59.15769481453415,38.29369497657969,-1.0338185799356623,0.2620671959430453,0.8329395335855408,0.6582193137079895,0.5970342734072343,2.0585170568581415,0.06118814959292429,1.0950067295285824
2020-10,-0.9448369473815205,-1.808816695807723,-2.990259195587001,-3.599075396401363,-4.444953217122177,-4.92141137631946,-0.9448369473815205,-8.398151287796072,22.990760041393422,20.863999837954793,19.639307673781726,18.654387302797677,17.279380657544554,15.142918400205474,22.990760041393422,59.15769481453397,-3.0397953091870358,-1.0338185799356578,0.26206719594304784,0.8329395335855406,0.658219313707988,0.5970342734072334,-3.0397953091870358,0.0611881495929299
2020-11,-0.5667058574831555,-0.9448369473815637,-1.8088166958076648,-2.990259195586994,-3.599075396401367,-4.44495321712217,-1.5115428048646002,-0.9448369473815637,26.050433942439437,22.990760041393774,20.863999837954793,19.639307673781836,18.654387302797726,17.27938065754459,49.04119398383042,22.990760041393774,-3.5991737768407006,-3.0397953091870322,-1.0338185799356587,0.2620671959430475,0.8329395335855424,0.6582193137079875,-6.638969086027728,-3.0397953091870322
2020-12,-0.5634450559114743,-0.5667058574832503,-0.9448369473816531,-1.8088166958076433,-2.9902591955869773,-3.599075396401365,-2.074987860776378,-1.5115428048649031,28.994630145072463,26.050433942435447,22.990760041392992,20.86399983795496,19.639307673781985,18.654387302797684,78.03582412890093,49.04119398382845,-3.55676154022931,-3.5991737768407006,-3.0397953091870273,-1.0338185799356612,0.2620671959430473,0.8329395335855428,-10.195730626257038,-6.6389690860277275
