month,GDP同比,制造业PMI_去季节性,服务业PMI,工业增加值,用电量,社零,固投当月同比_去季节性,CPI,PPI,失业率差分,逆回购7天(19日),银行间7天回购(20-19均值)
1980-01,,,,,,,,,,,,
1980-02,,,,,,,,,,,,
1980-03,,,,,,,,,,,,
1980-04,,,,,,,,,,,,
1980-05,,,,,,,,,,,,
1980-06,,,,,,,,,,,,
1980-07,,,,,,,,,,,,
1980-08,,,,,,,,,,,,
1980-09,,,,,,,,,,,,
1980-10,,,,,,,,,,,,
1980-11,,,,,,,,,,,,
1980-12,,,,,,,,,,,,
1981-01,,,,,,,,,,,,
1981-02,,,,,,,,,,,,
1981-03,,,,,,,,,,,,
1981-04,,,,,,,,,,,,
1981-05,,,,,,,,,,,,
1981-06,,,,,,,,,,,,
1981-07,,,,,,,,,,,,
1981-08,,,,,,,,,,,,
1981-09,,,,,,,,,,,,
1981-10,,,,,,,,,,,,
1981-11,,,,,,,,,,,,
1981-12,,,,,,,,,,,,
1982-01,,,,,,,,,,,,
1982-02,,,,,,,,,,,,
1982-03,,,,,,,,,,,,
1982-04,,,,,,,,,,,,
1982-05,,,,,,,,,,,,
1982-06,,,,,,,,,,,,
1982-07,,,,,,,,,,,,
1982-08,,,,,,,,,,,,
1982-09,,,,,,,,,,,,
1982-10,,,,,,,,,,,,
1982-11,,,,,,,,,,,,
1982-12,,,,,,,,,,,,
1983-01,,,,,,,,,,,,
1983-02,,,,,,,,,,,,
1983-03,,,,,,,,,,,,
1983-04,,,,,,,,,,,,
1983-05,,,,,,,,,,,,
1983-06,,,,,,,,,,,,
1983-07,,,,,,,,,,,,
1983-08,,,,,,,,,,,,
1983-09,,,,,,,,,,,,
1983-10,,,,,,,,,,,,
1983-11,,,,,,,,,,,,
1983-12,,,,,,,,,,,,
1984-01,,,,,,,,,,,,
1984-02,,,,,,,,,,,,
1984-03,,,,,,,,,,,,
1984-04,,,,,,,,,,,,
1984-05,,,,,,,,,,,,
1984-06,,,,,,,,,,,,
1984-07,,,,,,,,,,,,
1984-08,,,,,,,,,,,,
1984-09,,,,,,,,,,,,
1984-10,,,,,,,,,,,,
1984-11,,,,,,,,,,,,
1984-12,,,,,,,,,,,,
1985-01,,,,,,,,,,,,
1985-02,,,,,,,,,,,,
1985-03,,,,,,,,,,,,
1985-04,,,,,,,,,,,,
1985-05,,,,,,,,,,,,
1985-06,,,,,,,,,,,,
1985-07,,,,,,,,,,,,
1985-08,,,,,,,,,,,,
1985-09,,,,,,,,,,,,
1985-10,,,,,,,,,,,,
1985-11,,,,,,,,,,,,
1985-12,,,,,,,,,,,,
1986-01,,,,,,,,,,,,
1986-02,,,,,,,,,,,,
1986-03,,,,,,,,,,,,
1986-04,,,,,,,,,,,,
1986-05,,,,,,,,,,,,
1986-06,,,,,,,,,,,,
1986-07,,,,,,,,,,,,
1986-08,,,,,,,,,,,,
1986-09,,,,,,,,,,,,
1986-10,,,,,,,,,,,,
1986-11,,,,,,,,,,,,
1986-12,,,,,,,,,,,,
1987-01,,,,,,,,,,,,
1987-02,,,,,,,,3.782372329858184,,,,
1987-03,,,,,,,,4.147541061501382,,,,
1987-04,,,,,,,,3.052034866571789,,,,
1987-05,,,,,,,,3.052034866571789,,,,
1987-06,,,,,,,,3.052034866571789,,,,
1987-07,,,,,,,,3.052034866571789,,,,
1987-08,,,,,,,,3.052034866571789,,,,
1987-09,,,,,,,,3.052034866571789,,,,
1987-10,,,,,,,,3.052034866571789,,,,
1987-11,,,,,,,,3.052034866571789,,,,
1987-12,,,,,,,,3.052034866571789,,,,
1988-01,,,,,,,,3.052034866571789,,,,
1988-02,,,,,,,,9.016457483410685,,,,
1988-03,,,,,,,,10.23368658888801,,,,
1988-04,,,,,,,,3.052034866571789,,,,
1988-05,,,,,,,,3.052034866571789,,,,
1988-06,,,,,,,,3.052034866571789,,,,
1988-07,,,,,,,,3.052034866571789,,,,
1988-08,,,,,,,,3.052034866571789,,,,
1988-09,,,,,,,,3.052034866571789,,,,
1988-10,,,,,,,,3.052034866571789,,,,
1988-11,,,,,,,,3.052034866571789,,,,
1988-12,,,,,,,,3.052034866571789,,,,
1989-01,,,,,,,,3.052034866571789,,,,
1989-02,,,,,,,,30.926581382002546,,,,
1989-03,,,,,,,,32.14381048747987,,,,
1989-04,,,,,,,,3.052034866571789,,,,
1989-05,,,,,,,,3.052034866571789,,,,
1989-06,,,,,,,,3.052034866571789,,,,
1989-07,,,,,,,,3.052034866571789,,,,
1989-08,,,,,,,,3.052034866571789,,,,
1989-09,,,,,,,,3.052034866571789,,,,
1989-10,,,,,,,,3.052034866571789,,,,
1989-11,,,,,,,,3.052034866571789,,,,
1989-12,,,,,,,,3.052034866571789,,,,
1990-01,,,,,,,,3.052034866571789,,,,
1990-02,,,,-11.154024137667665,,,,2.8085890454763236,,,,
1990-03,,,,-0.6313010359451996,,,,2.9303119560240565,,,,
1990-04,,,,-1.7638040701497362,,,,1.7130828505467302,,,,
1990-05,,,,-1.7638040701497362,,,,1.4696370294512653,,,,
1990-06,,,,-1.316689130693406,,,,0.8610224767126023,,,,
1990-07,,,,-0.6313010359451996,,,,-1.086544092051119,,,,
1990-08,,,,-1.639224704692562,,,,-1.086544092051119,,,,
1990-09,,,,-0.9538366099443555,,,,0.617576655617137,,,,
1990-10,,,,0.05408705880300705,,,,1.1044682978080673,,,,
1990-11,,,,1.5059003112667086,,,,1.3479141189035326,,,,
1990-12,,,,1.5059003112667086,,,,2.078251582189928,,,,
1991-01,,,,1.5059003112667086,,,,2.8085890454763236,,,,
1991-02,,,,6.827334112785284,,,,0.2524079239739395,,,,
1991-03,,,,1.0620107275503692,,,,-1.2082670025988516,,,,
1991-04,,,,1.5059003112667086,,,,-0.477929539312456,,,,
1991-05,,,,1.5059003112667086,,,,-0.8430982709556538,,,,
1991-06,,,,1.5059003112667086,,,,1.9565286716421955,,,,
1991-07,,,,1.0620107275503692,,,,2.9303119560240565,,,,
1991-08,,,,1.5059003112667086,,,,3.052034866571789,,,,
1991-09,,,,1.5059003112667086,,,,3.052034866571789,,,,
1991-10,,,,1.5059003112667086,,,,3.052034866571789,,,,
1991-11,,,,1.5059003112667086,,,,3.052034866571789,,,,
1991-12,,,,0.41693957955205735,,,,2.9303119560240565,,,,
1992-01,,,,-0.6313010359451996,,,,3.052034866571789,,,,
1992-02,,,,1.7473988222985761,,,,4.269263972049115,,,,
1992-03,,,,4.811486775290558,,-1.7290042280670392,,4.025818150953649,,,,
1992-04,5.753783756784816,,,1.5059003112667086,,-1.7290042280670392,,3.052034866571789,,,,
1992-05,,,,1.5059003112667086,,-1.7290042280670392,,3.052034866571789,,,,
1992-06,,,,1.5059003112667086,,-1.7290042280670392,,3.052034866571789,,,,
1992-07,6.147526769001568,,,1.5059003112667086,,-1.7290042280670392,,3.052034866571789,,,,
1992-08,,,,1.5059003112667086,,-1.7290042280670392,,3.052034866571789,,,,
1992-09,,,,1.5059003112667086,,-1.7290042280670392,,3.052034866571789,,,,
1992-10,6.541269781218323,,,1.5059003112667086,,-1.7290042280670392,,3.052034866571789,,,,
1992-11,,,,1.5059003112667086,,-1.7290042280670392,,3.052034866571789,,,,
1992-12,,,,1.5059003112667086,,-1.7290042280670392,,3.052034866571789,,,,
1993-01,6.541269781218323,,,1.5059003112667086,,-1.7290042280670392,,3.052034866571789,,,,
1993-02,,,,0.7394751535512136,,,,10.11196367834028,,,,
1993-03,,,,8.520645876280852,,-1.7290042280670392,,10.355409499435744,,,,
1993-04,7.092509998321776,,,1.5059003112667086,,-1.7290042280670392,3.879796532793809,3.052034866571789,,,,
1993-05,,,,1.5059003112667086,,-1.7290042280670392,3.0120731167210004,3.052034866571789,,,,
1993-06,,,,1.5059003112667086,,-1.7290042280670392,3.811392123669971,3.052034866571789,,,,
1993-07,5.675035154341465,,,1.5059003112667086,,-1.7290042280670392,3.623954586231334,3.052034866571789,,,,
1993-08,,,,1.5059003112667086,,-1.7290042280670392,2.727781691190819,3.052034866571789,,,,
1993-09,,,,1.5059003112667086,,-1.7290042280670392,1.6834422047798432,3.052034866571789,,,,
1993-10,5.281292142124712,,,1.5059003112667086,,-1.7290042280670392,1.9815052672670213,3.052034866571789,,,,
1993-11,,,,1.5059003112667086,,-1.7290042280670392,2.9176469475432265,3.052034866571789,,,,
1993-12,,,,1.5059003112667086,,-1.7290042280670392,2.752064161238748,3.052034866571789,,,,
1994-01,6.226275371444919,,,1.5059003112667086,,-1.7290042280670392,36.73487244901243,3.052034866571789,,,,
1994-02,,,,8.520645876280852,,,,23.258038017495394,,,,
1994-03,,,,-1.2763721839435116,,-1.7290042280670392,-3.356935801913998,25.814219138997778,,,,
1994-04,6.226275371444919,,,1.5059003112667086,,-1.7290042280670392,1.7789239381927602,3.052034866571789,,,,
1994-05,,,,1.5059003112667086,,-1.7290042280670392,2.5736577809528822,3.052034866571789,,,,
1994-06,,,,1.5059003112667086,,-1.7290042280670392,1.9019751527696882,3.052034866571789,,,,
1994-07,5.596286551898115,,,1.5059003112667086,,-1.7290042280670392,2.620671603565933,3.052034866571789,,,,
1994-08,,,,1.5059003112667086,,-1.7290042280670392,2.939764100803079,3.052034866571789,,,,
1994-09,,,,1.5059003112667086,,-1.7290042280670392,0.5272525347692866,3.052034866571789,,,,
1994-10,5.360040744568062,,,1.5059003112667086,,-1.7290042280670392,1.585075595927529,3.052034866571789,,,,
1994-11,,,,1.5059003112667086,,-1.7290042280670392,1.6528578899212583,3.052034866571789,,,,
1994-12,,,,1.5059003112667086,,-1.7290042280670392,1.5550749890193878,3.052034866571789,,,,
1995-01,4.572554720134556,,,1.5059003112667086,,-1.7290042280670392,30.466699883133483,3.052034866571789,,,,
1995-02,,,,1.9489835560480486,,5.50757619820378,,26.909725333927373,,,,
1995-03,,,,3.6019783727937233,,4.241702071159323,2.3442279698326542,24.840435854615915,,,,
1995-04,4.493806117691205,,,1.5059003112667086,,1.3212777153124673,1.6067620002169103,3.052034866571789,,,,
1995-05,,,,1.5059003112667086,,1.3212777153124673,1.7227041432086194,3.052034866571789,,,,
1995-06,,,,1.5059003112667086,,1.3212777153124673,0.8151683926107166,3.052034866571789,,,,
1995-07,3.7063200932576987,,,1.5059003112667086,,1.3212777153124673,0.1541117886866904,3.052034866571789,,,,
1995-08,,,,1.5059003112667086,,1.3212777153124673,1.6115605834160387,3.052034866571789,,,,
1995-09,,,,1.5059003112667086,,1.3212777153124673,1.4964962933267296,3.052034866571789,,,,
1995-10,3.3125770810409456,,,1.5059003112667086,,1.3212777153124673,0.8993177369722184,3.052034866571789,,,,
1995-11,,,,1.5059003112667086,,1.3212777153124673,1.9744385275295364,3.052034866571789,,,,
1995-12,,,,1.5059003112667086,,1.3212777153124673,1.4378318779614638,3.052034866571789,,,,
1996-01,3.548822888370998,,,1.5059003112667086,,1.3212777153124673,-0.22009645234869413,3.052034866571789,,,,
1996-02,,,,4.166415627292246,,2.3006950763578202,,8.529565841219755,,,,
1996-03,,,,2.271519130047204,,4.199506266924508,0.35423905749574314,8.894734572862953,,,,
1996-04,3.7063200932576987,,,1.5059003112667086,,1.3212777153124673,-0.21093509794565096,3.052034866571789,,,,
1996-05,,,,1.5059003112667086,,1.3212777153124673,0.7069466120374721,3.052034866571789,,,,
1996-06,,,,1.5059003112667086,,1.3212777153124673,0.17383570237894325,3.052034866571789,,,,
1996-07,2.4463424541640886,,,1.5059003112667086,,1.3212777153124673,0.38465173483603565,3.052034866571789,,,,
1996-08,,,,1.5059003112667086,,1.3212777153124673,2.1931685426070002,3.052034866571789,,,,
1996-09,,,,1.5059003112667086,,1.3212777153124673,-0.3206602796332406,3.052034866571789,,,,
1996-10,2.367593851720738,,,1.5059003112667086,,1.3212777153124673,-0.17579059179143613,3.052034866571789,,,,
1996-11,,,,1.5059003112667086,,1.3212777153124673,0.9176660988505426,3.052034866571789,-0.13260134366120624,,,
1996-12,,,,1.5059003112667086,,1.3212777153124673,1.1075518658693475,3.052034866571789,-0.1979531642398504,,,
1997-01,3.155079876154245,,,1.5059003112667086,,1.3212777153124673,-0.30074889999448756,3.052034866571789,-0.11299579748761295,,,
1997-02,,,,1.5054971417992093,,2.4483803911796738,,4.756155614240045,-0.1805260120855453,,,
1997-03,,,,1.5458140885491036,,0.8871356344915081,0.999749968447011,4.390986882596847,-0.1108174034683248,,,
1997-04,3.076331273710893,,,1.5059003112667086,,1.2879957747222535,-0.753900648505776,2.443420313833126,-0.1042822214104604,,,
1997-05,,,,1.5059003112667086,,1.1403104599003997,0.8076913538163712,1.4696370294512653,-0.19359637620127415,,,
1997-06,,,,1.5059003112667086,,1.013723047195954,-0.4324978076496384,0.9827453872603346,-0.19141798218198602,,,
1997-07,2.997582671267543,,,1.5059003112667086,,1.013723047195954,-0.4708892766241943,0.9827453872603346,-0.28726731903066416,,,
1997-08,,,,0.7394751535512136,,1.013723047195954,0.94029588981125,0.8610224767126023,-0.3482623515707321,,,
1997-09,,,,1.5059003112667086,,0.7605482217870624,-0.06870411366276051,-0.11276080766925853,-0.4005438080336475,,,
1997-10,1.8951022370606334,,,1.5059003112667086,,0.35968808155631715,-0.34304924832974026,-0.23448371821699093,-0.4136141721493763,,,
1997-11,,,,1.5059003112667086,,0.7183524175522469,1.309690229299377,-0.5996524498601887,-0.4070789900915119,,,
1997-12,,,,1.5059003112667086,,0.549569200612986,0.7479188388191772,-1.086544092051119,-0.33954877549357954,,,
1998-01,1.816353634617283,,,1.0620107275503692,,0.14870906038224074,-0.19377212165517188,-1.9386044658852468,-0.4070789900915119,,,
1998-02,,,,-1.9214433319418236,,0.9926251450785464,,-2.0603273764329795,-0.49421475086303746,,,
1998-03,,,,1.1829615678000531,,-0.4631301010225809,0.5080519857758597,-2.5472190186239096,-0.7839411554283602,,,
1998-04,0.7926218028537246,,,0.9813768340505805,,-0.3787384925529503,-0.7377276305881971,-1.5734357342420493,-0.9037528264892079,,,
1998-05,,,,0.25567179255247957,,-0.3365426883181351,0.677316288532083,-2.1905708907190533,-1.0104941334343267,,,
1998-06,,,,0.5782073665516355,,-0.2943468840833198,-0.3073855761576283,-2.1905708907190533,-1.1804088669388015,,,
1998-07,0.5563759955236729,,,0.5378904198017411,,-0.2943468840833198,-0.7293914442158588,-2.1905708907190533,-1.2697230217296154,,,
1998-08,,,,0.41693957955205735,,-0.020074156557020526,2.747145158097558,-2.1905708907190533,-1.2871501738839204,,,
1998-09,,,,0.5378904198017411,,0.2331006688518714,0.4149556449106388,-2.1905708907190533,-1.4134970270026326,,,
1998-10,1.265113417513829,,,1.4651801950493142,,-0.2521510798485045,0.5590934821206512,-2.1905708907190533,-1.1194138343987337,,,
1998-11,,,,1.5059003112667086,,-0.12556366714405873,1.4150185701008995,-2.1905708907190533,-1.3786427226940223,,,
1998-12,,,,1.5059003112667086,,-0.16775947137887387,1.7283121091437341,-2.1905708907190533,-1.4439945432726664,,,
1999-01,2.2888452492773865,,,1.5059003112667086,,0.10651325614742524,-0.8804528378594303,-2.1905708907190533,-1.3786427226940223,,,1.4905090347632137
1999-02,,,,4.569585094791191,,-0.4842280031399885,,-3.886171034648968,-1.2784365978067678,,,1.471023521605398
1999-03,,,,-1.8004924916921399,,0.5073733963781705,1.2044783487181456,-4.007893945196701,-1.2719014157489035,,,1.489657753999977
1999-04,2.131348044390686,,,0.9813768340505805,,-0.5053259052573962,-0.21393852938471328,-2.1905708907190533,-1.2130847772281237,,,1.485915876417601
1999-05,,,,1.021693780800475,,-0.5264238073748038,0.6065987512147629,-2.1905708907190533,-1.047526831762225,,,1.4491099071195044
1999-06,,,,0.9410598873006861,,-0.6108154158444344,-0.2667773410651491,-2.1905708907190533,-0.9516774949135468,,,0.8698661011290609
1999-07,1.265113417513829,,,1.021693780800475,,-0.5897175137270266,-0.6981183811768682,-2.1905708907190533,-0.9908885872607335,,,-0.24235808688087448
1999-08,,,,1.1023276743002643,,-0.5475217094922116,1.4332773452708576,-2.1905708907190533,-0.7534436391583261,,,-0.31743497994500913
1999-09,,,,1.1829615678000531,,-0.4631301010225809,-0.5173113337448166,-2.1905708907190533,-0.7076973647532752,,,-0.36101939878398726
1999-10,1.1076162126271276,,,0.6588412600514242,,-0.3365426883181351,-0.8561508069015572,-2.1905708907190533,-0.6641294843675125,,,-0.3723262573017302
1999-11,,,,0.1750378990526905,,0.0010237455603870384,0.42419375516575236,-2.1905708907190533,-0.3678678977443253,,-0.18444752830857994,-0.3592792594988658
1999-12,,,,0.41693957955205735,,-0.0833678629092434,0.45248114612089513,-2.1905708907190533,-0.43321971832296957,,-0.18444752830857994,-0.3704862960731211
2000-01,0.39887879063697146,,,0.3363056860522686,,-0.041172058674428094,-0.2205571386984561,-2.1905708907190533,-0.3874734439179186,,-0.18444752830857994,-0.3746572345766836
2000-02,,,,0.9410598873006861,,0.6550587112000241,,-2.6689419291716425,-0.20013155825913856,,-0.2432746469717813,-0.4396898818136748
2000-03,,,,2.1908852365474156,,0.4862754942607629,0.5809508046882629,-1.5734357342420493,0.054740541997573826,,-0.287394985969182,-0.48594242119247094
2000-04,1.973850839503985,,,1.5059003112667086,,0.2331006688518714,-0.725425098183364,-2.1905708907190533,0.20069294128987925,,-0.31680854530078273,-0.547092897225603
2000-05,,,,1.5059003112667086,,0.19090486461705589,0.47062477905094696,-2.1905708907190533,0.35753731067862526,,-0.31680854530078273,-0.5891907784737251
2000-06,,,,1.5059003112667086,,0.6972545154348393,-0.4581977856657074,-2.1905708907190533,-0.06071434102469758,,-0.31680854530078273,-0.6114497229262785
2000-07,2.2888452492773865,,,1.5059003112667086,,0.14870906038224074,-0.2096393331228294,-1.8168815553375144,0.4359594953729984,,-0.31680854530078273,-0.6316771559343392
2000-08,,,,1.5059003112667086,,0.19090486461705589,1.7961230515117945,-1.8168815553375144,0.7736105683626601,,-0.31680854530078273,-0.6596353937819609
2000-09,,,,1.5059003112667086,,0.2331006688518714,-0.10931733512775384,-2.0603273764329795,0.6472637152439479,,-0.31680854530078273,-0.693062255398484
2000-10,2.0525994419473355,,,1.5059003112667086,,0.29639437520409406,0.13713179417635757,-2.1905708907190533,0.5993390468196089,,-0.4344627826271855,-0.7115900174768921
2000-11,,,,1.5059003112667086,,0.46517759214335536,0.8151590107569917,-2.1905708907190533,0.5775551066267275,,-0.4344627826271855,-0.7058502557263554
2000-12,,,,1.5059003112667086,,0.10651325614742524,0.4386469628777244,-0.8430982709556538,0.555771166433846,,-0.4344627826271855,-0.6457277689528096
2001-01,1.0288676101837766,,,1.5059003112667086,,0.12761115826483319,-0.5309011614241266,-0.5996524498601887,0.4032835850836762,,-0.287394985969182,-0.428480147349053
2001-02,,,,-1.719858598192351,,0.9082335366089157,,-0.9648211815033865,0.10484360444120104,,-0.287394985969182,-0.48363851585186307
2001-03,,,,5.013071509040031,,0.08541535403001767,0.7889744089359447,-2.425496108076177,-0.010611278581070364,,-0.287394985969182,-0.44915658639635453
2001-04,2.525091056607439,,,1.5059003112667086,,0.27529647308668653,-0.6145244019257218,-1.4517128236943166,-0.16309885993124015,,-0.287394985969182,-0.5126502798868335
2001-05,,,,1.5059003112667086,,0.31749227732150165,0.9090985068645281,-0.477929539312456,-0.22845068050988437,,-0.287394985969182,-0.6215908230175091
2001-06,,,,1.4651801950493142,,0.6128629069652086,-0.016377457176703313,-0.35620662876472364,-0.2502346207027658,,-0.287394985969182,-0.625200870114286
2001-07,1.816353634617283,,,1.42486324829942,,0.3807859836737247,-0.2344631760615832,-0.7213753604079214,-0.3373703814742914,,-0.287394985969182,-0.6888414059231777
2001-08,,,,0.6185243133015299,,0.33859017943890957,1.9420552746097286,-0.5996524498601887,-0.4898579628244612,,-0.287394985969182,-0.7080193595794376
2001-09,,,,0.6185243133015299,,0.29639437520409406,0.23049503226346332,-1.2082670025988516,-0.6423455441746311,,-0.287394985969182,-0.732348934886766
2001-10,1.3438620199571794,,,1.1829615678000531,,0.35968808155631715,-0.16919145207149888,-2.1905708907190533,-0.8384010059105637,,-0.287394985969182,-0.8080792569971885
2001-11,,,,0.9007429405507918,,0.4862754942607629,0.8601092246086706,-2.1820502869807124,-0.8819688862963265,,-0.287394985969182,-0.9065571115051807
2001-12,,,,0.5378904198017411,,0.40188388579113227,0.5686204611623232,-2.1905708907190533,-1.0126725274536148,,-0.287394985969182,-0.9105358253202708
2002-01,0.9501190077404261,,,0.8604259938008967,,0.29639437520409406,0.012094433424941188,-2.1905708907190533,-1.0780243480322589,,-0.8021322742721938,-0.9120769951910085
2002-02,,,,4.8518037220404535,,-0.06226996079183566,,-3.642725213553503,-1.1215922284180218,,-0.8021322742721938,-0.9157353345253098
2002-03,,,,-1.558590811192773,,0.19090486461705589,1.0223527291526293,-2.425496108076177,-1.1215922284180218,,-1.0227339692591988,-1.1282725359058259
2002-04,2.131348044390686,,,1.5059003112667086,,0.022121647677794978,0.08081540877792072,-2.1905708907190533,-1.0780243480322589,,-1.0227339692591988,-1.1458991062492536
2002-05,,,,1.5059003112667086,,0.0010237455603870384,1.1651351265064038,-2.1905708907190533,-0.8732553102191739,,-1.0227339692591988,-1.1473304719821544
2002-06,,,,1.5059003112667086,,0.2331006688518714,0.04925877465795078,-2.1905708907190533,-0.7795843673897839,,-1.0227339692591988,-1.1469755645047013
2002-07,2.0525994419473355,,,1.5059003112667086,,0.08541535403001767,-0.17122183450442752,-2.1905708907190533,-0.751265245139038,,-1.0227339692591988,-1.1486142631121163
2002-08,,,,1.5059003112667086,,0.08541535403001767,2.1292378264677043,-2.1905708907190533,-0.7076973647532752,,-1.0227339692591988,-1.1481815214976459
2002-09,,,,1.5059003112667086,,0.12761115826483319,0.3525759920803033,-2.1905708907190533,-0.5769937235959868,,-1.0227339692591988,-1.023324504372392
2002-10,2.6825882614941396,,,1.5059003112667086,,0.19090486461705589,0.21778853824238745,-2.1905708907190533,-0.5116419030173426,,-1.0227339692591988,-0.7554103668282488
2002-11,,,,1.5059003112667086,,0.25419857096927895,1.244330081170655,-2.1905708907190533,-0.424506142245817,,-1.0227339692591988,-0.7928895946668133
2002-12,,,,1.5059003112667086,,0.19090486461705589,0.9191184375513283,-2.1905708907190533,-0.2938025010885286,,-1.0227339692591988,-0.7673617513540782
2003-01,2.2888452492773865,,,1.5059003112667086,,0.21200276673446344,-0.28201399428978613,-2.1905708907190533,-0.11953097954547737,,-0.5815305792851889,-0.701609172073315
2003-02,,,,3.319759745544462,,0.3807859836737247,,-1.9386044658852468,0.3161478243121506,,-0.5815305792851889,-0.7391273844276469
2003-03,,,,5.3356070830391875,,0.06431745191261011,1.5199000208269549,-2.1820502869807124,0.664690867398253,,-0.5815305792851889,-0.9318282987263441
2003-04,3.8638172981443994,,,1.5059003112667086,,0.2331006688518714,0.35508429289811105,-1.329989913146584,0.7953945085555414,,-0.5815305792851889,-1.119181897969315
2003-05,,,,1.5059003112667086,,-0.10446576502665098,1.2015261371990502,-1.2082670025988516,0.5775551066267275,,-0.5815305792851889,-1.108670377531035
2003-06,,,,1.5059003112667086,,-0.8217944370185108,0.6070710057004673,-1.5734357342420493,0.22901206354062503,,-0.5815305792851889,-0.9514405645546792
2003-07,2.2888452492773865,,,1.5059003112667086,,0.022121647677794978,0.4851652959487883,-2.0603273764329795,0.07652448219045525,,-0.5815305792851889,-0.7970645800059238
2003-08,,,,1.5059003112667086,,0.33859017943890957,2.6490804611602927,-1.8168815553375144,0.09830842238333662,,-0.5815305792851889,-0.9378958059795582
2003-09,,,,1.5059003112667086,,0.35968808155631715,0.6259247628771771,-1.329989913146584,0.09830842238333662,,0.3504380481365784,-0.23103504102094433
2003-10,2.997582671267543,,,1.5059003112667086,,0.27529647308668653,0.3236518544838774,-1.086544092051119,0.09830842238333662,,-0.14032718931117857,0.309128474094107
2003-11,,,,1.5059003112667086,,0.42298178790853985,1.4471694801827781,-0.23448371821699093,0.054740541997573826,,1.5599236078519978,0.14086914572947917
2003-12,,,,1.5059003112667086,,0.31749227732150165,1.2697475636901014,1.2261912083558,0.20722812334774363,,1.5599236078519978,-0.8757647398296204
2004-01,2.997582671267543,,,1.5059003112667086,,0.5706671027303936,0.29969038228672157,1.4696370294512653,0.44685146546943905,,1.5599236078519978,-0.7677668395923128
2004-02,,,,0.25567179255247957,,0.7605482217870624,,1.4696370294512653,0.555771166433846,,1.5599236078519978,-0.37874453847894674
2004-03,,,,6.7063832725356,,0.21200276673446344,2.7516980309369834,0.13068501342620684,0.555771166433846,,1.5599236078519978,-1.1045068163621583
2004-04,3.391325683484296,,,1.5059003112667086,,0.6128629069652086,0.7897149122936752,1.2261912083558,0.664690867398253,,1.5599236078519978,-1.2014419241290102
2004-05,,,,1.5059003112667086,,1.0559188514307691,1.7265885234085239,2.19997449273766,0.8825302693270671,,1.5599236078519978,-0.7259584419803046
2004-06,,,,1.5059003112667086,,1.3212777153124673,0.42005037603830353,2.9303119560240565,1.035017850677237,,1.5599236078519978,-0.7038106506107705
2004-07,4.178811707917802,,,1.5059003112667086,,1.2036041662526227,0.6888202186638862,3.052034866571789,1.1875054320274068,,1.5599236078519978,-0.6392000883213118
2004-08,,,,1.5059003112667086,,1.0559188514307691,2.894126159253969,3.052034866571789,1.1875054320274068,,1.5599236078519978,-0.66392908629711
2004-09,,,,1.5059003112667086,,1.0348209493133615,0.9560583066608568,3.052034866571789,1.2746411927989323,,1.5599236078519978,-0.8817702437810641
2004-10,2.7613368639374913,,,1.5059003112667086,,1.2247020683700303,0.8348035602882024,3.052034866571789,1.5142645349206278,,1.5599236078519978,-0.8645284311449087
2004-11,,,,1.5059003112667086,,1.2668978726048454,1.8860153978240741,2.8085890454763236,1.623184235885035,,1.5599236078519978,-0.9569483077338673
2004-12,,,,1.5059003112667086,,1.2036041662526227,1.6510145489714991,0.9827453872603346,1.5578324153063905,,1.5599236078519978,-1.2238937677426263
2005-01,1.973850839503985,,,1.5059003112667086,,1.3212777153124673,0.25518469351156764,0.49585374506940433,1.3399930133775766,,1.5599236078519978,-1.2787971856059883
2005-02,,5.189948957940181,,5.779093497288026,,0.6972545154348393,,-0.11276080766925853,1.0568017908701184,,1.5599236078519978,-1.0986644417470672
2005-03,,4.998670320789737,,0.41693957955205735,,1.604464306483368,1.1721349621196067,2.321697403285393,0.9653092420600164,,1.5599236078519978,-1.2776543881535423
2005-04,3.8638172981443994,8.067921484555026,,1.5059003112667086,,1.2036041662526227,-0.00144168008229152,0.8610224767126023,1.0132339104843555,,1.5599236078519978,-1.636854169479866
2005-05,,7.520184196684124,,1.5059003112667086,,0.8449398302566926,1.03379071770876,-0.23448371821699093,1.0524450028315422,,1.5599236078519978,-1.636854169479866
2005-06,,2.813970934681694,,1.5059003112667086,,0.9715272429611388,0.31379079238299584,-0.23448371821699093,1.0785857310629998,,1.5599236078519978,-1.636854169479866
2005-07,3.785068695701049,1.4599607002255517,,1.5059003112667086,,0.9926251450785464,0.16104562203085424,-0.477929539312456,0.92609814971283,,1.5599236078519978,-1.636854169479866
2005-08,,0.7228504179745814,,1.5059003112667086,,0.9504293408437309,2.255363459414801,-0.23448371821699093,0.92609814971283,,1.5599236078519978,-1.636854169479866
2005-09,,2.4117991226500015,,1.5059003112667086,,0.9082335366089157,0.5006376816239554,-0.8430982709556538,0.9478820899057113,,1.5599236078519978,-1.636854169479866
2005-10,3.6275714908143484,5.271156788653246,,1.5059003112667086,,0.9504293408437309,0.4164799623321064,-1.329989913146584,0.7736105683626601,,1.5599236078519978,-1.636854169479866
2005-11,,4.469907816900542,,1.5059003112667086,,0.9715272429611388,1.4170983123983225,-0.9648211815033865,0.664690867398253,,1.5599236078519978,-1.636854169479866
2005-12,,4.1057387363696565,,1.5059003112667086,,0.8871356344915081,1.3782036836693203,-0.8430982709556538,0.49041934585520186,,1.5599236078519978,-1.636854169479866
2006-01,4.808800527464608,4.644632076806723,,1.5059003112667086,,0.9082335366089157,0.6450153884893852,-0.477929539312456,0.49041934585520186,,1.5599236078519978,-1.721601931136254
2006-02,,2.134635954599686,,2.4327869170467826,,1.541170600131145,,-0.11276080766925853,0.4577434355658797,,1.5599236078519978,-1.4516415786451327
2006-03,,2.178381394629283,,5.456557923288871,,0.25419857096927895,1.0559744510975646,-1.329989913146584,0.44902985948872715,,1.5599236078519978,-1.636854169479866
2006-04,4.808800527464608,5.012608481214531,,1.5059003112667086,,1.1192125577829921,0.1313885193433593,-1.4517128236943166,0.33575337048574394,,1.5599236078519978,-1.611835563764997
2006-05,,9.165352736944387,,1.5059003112667086,,1.1307649250663998,1.156473815459592,-0.9648211815033865,0.20069294128987925,,1.5599236078519978,-1.3622588521340442
2006-06,,5.046699667892053,,1.5059003112667086,,1.2668978726048454,0.3476206840313948,-0.7213753604079214,0.32268300637001507,,1.5599236078519978,-1.359155199058689
2006-07,5.753783756784816,4.280249626386006,,1.5059003112667086,,1.2036041662526227,0.3035293427533864,-0.5996524498601887,0.5601279544724224,,1.5599236078519978,-0.9954834898611091
2006-08,,2.250506919644825,,1.5059003112667086,,1.1614083620178073,2.234306604830933,-1.2082670025988516,0.5731983185881512,,1.5599236078519978,-0.34058287927267417
2006-09,,2.9993593156000964,,1.5059003112667086,,1.182506264135215,0.18028819277859903,-0.8430982709556538,0.5339872262409646,,1.5599236078519978,-0.8528920253191378
2006-10,4.651303322577906,7.503885521863605,,1.5059003112667086,,1.2036041662526227,0.126598253300605,-0.5996524498601887,0.555771166433846,,1.5599236078519978,-0.7366678526768241
2006-11,,5.174980048440657,,1.5059003112667086,,1.298328894242296,0.9819537712323521,-0.7213753604079214,0.4250675252765576,,1.5599236078519978,-0.06551946715704514
2006-12,,5.515883199449879,,1.5059003112667086,,1.2457999704874378,1.1164274362947169,-0.11276080766925853,0.3989267970450999,,1.5599236078519978,-0.252105699662439
2007-01,4.887549129907958,5.232192269756818,,1.5059003112667086,,1.3212777153124673,0.3766269280646708,0.9827453872603346,0.4686354056623205,,1.5599236078519978,-1.488055004895191
2007-02,,5.659997112300255,,7.315169168459008,,0.960625745958053,,0.2524079239739395,0.5122032860480832,,1.5599236078519978,-0.5496343099489903
2007-03,,3.3535017805294727,,2.4327869170467826,,1.8276790559904346,0.9810190136297243,0.8610224767126023,0.3597157046979135,,1.5599236078519978,-1.499072514671339
2007-04,5.753783756784816,5.952704789934687,,1.5059003112667086,,1.3212777153124673,-0.03334507475097934,1.5913599399989975,0.38149964489079485,,1.5599236078519978,-0.7940510364687435
2007-05,,9.752912929894482,,1.5059003112667086,,1.3212777153124673,1.064486616248283,1.2261912083558,0.4250675252765576,,1.5599236078519978,-0.06644524823563305
2007-06,,6.10430801520223,,1.5059003112667086,,1.3212777153124673,0.21179923087561928,1.7130828505467302,0.4032835850836762,,1.5599236078519978,-0.10249540354810743
2007-07,6.777515588548375,4.75029778074608,,1.5059003112667086,,1.3212777153124673,0.15020378514306426,2.9303119560240565,0.33575337048574394,,1.5599236078519978,-0.2183633197677845
2007-08,,3.308115266954994,,1.5059003112667086,,1.3212777153124673,2.250166960761871,3.052034866571789,0.3161478243121506,,1.5599236078519978,-0.9075931014051601
2007-09,,4.0569676629102736,,1.5059003112667086,,1.3212777153124673,0.45724519073688485,3.052034866571789,0.3597157046979135,,1.5599236078519978,0.5295838873412889
2007-10,6.226275371444919,6.446277174553436,,1.5059003112667086,,1.3212777153124673,0.2198885584392699,3.052034866571789,0.38149964489079485,,1.5599236078519978,0.42686926580483886
2007-11,,3.412299469590373,,1.5059003112667086,,1.3212777153124673,1.5385144578996197,3.052034866571789,0.49041934585520186,,1.5599236078519978,1.289733382780093
2007-12,,5.6333952380399,,1.5059003112667086,,1.3212777153124673,1.2051827878607826,3.052034866571789,0.7845025384591008,,1.5599236078519978,0.46250596941894867
2008-01,5.9900295641148675,5.819752462706913,,1.5059003112667086,,1.3212777153124673,0.34132255688786756,3.052034866571789,0.9762012121564572,,1.5599236078519978,-0.49070429071656724
2008-02,,3.192244301909855,,3.561661426043828,,2.7437510208233804,,6.216830540812835,1.1221536114487625,,1.5599236078519978,0.1449524027961954
2008-03,,3.7060378962995264,,3.561661426043828,,2.3006950763578202,1.0129126330437468,8.164397109576557,1.2354301004517458,,1.5599236078519978,0.020606403318263387
2008-04,4.178811707917802,8.65548167750512,,1.5059003112667086,,1.3212777153124673,-0.015142795562695238,3.052034866571789,1.5251565050170686,,1.5599236078519978,-0.03584806892794736
2008-05,,10.457985161434598,,1.5059003112667086,,1.3212777153124673,1.0461479335398869,3.052034866571789,1.5621892033449667,,1.5599236078519978,0.26305417223770305
2008-06,,3.2840190890417684,,1.5059003112667086,,1.3212777153124673,0.14974303568459008,3.052034866571789,1.5839731435378483,,1.5599236078519978,0.7047956791753069
2008-07,3.7063200932576987,1.8124968159956054,,1.5059003112667086,,1.3212777153124673,0.19006848765422352,3.052034866571789,1.719033572733713,,1.5599236078519978,0.24292750543475616
2008-08,,-2.4499746239559346,,1.5059003112667086,,1.3212777153124673,2.3587644029039763,3.052034866571789,1.9782624610290016,,1.5599236078519978,0.4963674611731988
2008-09,,-2.523706498130799,,1.5059003112667086,,1.3212777153124673,0.4861512841293947,3.052034866571789,1.9847976430868661,,1.5599236078519978,0.23280110884601257
2008-10,2.525091056607439,0.6881872836425078,,1.5059003112667086,,1.3212777153124673,0.3821167329127926,3.052034866571789,1.7822069992930691,,1.5599236078519978,0.5694788062122537
2008-11,,-6.693735849151261,,0.6588412600514242,,1.3212777153124673,1.2966204293516317,2.443420313833126,1.2288949183938815,,1.5599236078519978,-0.03283317644558556
2008-12,,-13.873603167903251,,-0.4700332489456214,,1.3212777153124673,1.118457785717492,0.49585374506940433,0.22683366952133693,,1.5599236078519978,-1.1639695759108737
2009-01,0.6351245979670233,-10.749444978485757,,-0.349082408695938,,1.3212777153124673,0.477629830330096,-0.9648211815033865,-0.4550036585158509,,1.5599236078519978,-2.2636755526293917
2009-02,,-5.856182669521609,,-3.828434913211834,,2.1741076636533743,,-1.2082670025988516,-0.93642873677853,,1.5599236078519978,-2.4240152238289405
2009-03,,-1.464491801661307,,1.7877157690484706,,0.7183524175522469,1.0991577648263906,-4.373062676839899,-1.1804088669388015,,1.5599236078519978,-1.636854169479866
2009-04,0.0838843808635693,1.6047593621039822,,0.6991582068013192,,1.3212777153124673,0.09971587361244075,-2.1905708907190533,-1.4969127443074197,,1.5599236078519978,-1.636854169479866
2009-05,,3.7597989618035124,,0.2959887393023739,,1.3212777153124673,1.3745160350039787,-2.1905708907190533,-1.4969127443074197,,1.5599236078519978,-1.636854169479866
2009-06,,3.0489950118617353,,0.9410598873006861,,1.3212777153124673,0.655769146083075,-2.1905708907190533,-1.4969127443074197,,1.5599236078519978,-1.636854169479866
2009-07,1.50135922484388,3.2226412790758365,,1.5059003112667086,,1.3212777153124673,0.4103592972448688,-2.1905708907190533,-1.4969127443074197,,1.5599236078519978,-1.636854169479866
2009-08,,3.308115266954994,,1.5059003112667086,0.05776105816051585,1.3212777153124673,2.3861208201378004,-2.1905708907190533,-1.4969127443074197,,1.5599236078519978,-1.5151485688809805
2009-09,,4.0569676629102736,,1.5059003112667086,0.5178019860714781,1.3212777153124673,0.6984908849235365,-2.1905708907190533,-1.4969127443074197,,1.5599236078519978,-1.636854169479866
2009-10,3.391325683484296,4.33106047993309,,1.5059003112667086,0.9363977853418128,1.3212777153124673,0.6126562689643252,-2.1905708907190533,-1.4969127443074197,,1.5599236078519978,-1.4978138139217683
2009-11,,5.762540241390752,,1.5059003112667086,1.9199321331125347,1.3212777153124673,1.5739207173809955,-2.1905708907190533,-1.4810272416005648,,1.5599236078519978,-1.636854169479866
2009-12,,5.398371160859867,,1.5059003112667086,1.9199321331125347,1.3212777153124673,1.1357533898022245,-1.6951586447897822,-0.6597726963289362,,1.5599236078519978,-1.636854169479866
2010-01,4.415057515247855,7.3474089643771645,,1.5059003112667086,,1.3212777153124673,0.5471494171666103,-0.11276080766925853,0.16366024296198084,,1.5599236078519978,-1.7825189466221534
2010-02,,6.482581382430383,,9.12540007752927,,1.2247020683700303,,-0.5996524498601887,0.7343994760154736,,1.5599236078519978,-1.1439282973379636
2010-03,,2.0608693560392624,,2.513420810546572,0.9985654783027534,2.9336321398800496,1.1036871668062702,0.8610224767126023,0.9674876360793045,,1.5599236078519978,-1.4980913015810824
2010-04,4.651303322577906,4.7775844040344975,,1.5059003112667086,1.9199321331125347,1.3212777153124673,-0.054243887813928755,0.49585374506940433,1.080764125082288,,1.5599236078519978,-1.5585225522715251
2010-05,,6.345063810783933,,1.5059003112667086,1.9199321331125347,1.3212777153124673,1.0461295965305495,0.9827453872603346,1.2768195868182204,,1.5599236078519978,-1.4838091999340117
2010-06,,3.989091320581884,,1.5059003112667086,1.9199321331125347,1.3212777153124673,0.1489098002383597,1.3479141189035326,1.346528195435441,,1.5599236078519978,-0.5852019475697681
2010-07,3.4700742859276463,1.930008854585626,,1.5059003112667086,1.7445777938340434,1.3212777153124673,0.013065620709740081,1.1044682978080673,1.1896838260466949,,1.5599236078519978,-0.49707562860144044
2010-08,,0.8403624565646021,,1.5059003112667086,1.7031326651934162,1.3212777153124673,2.095604124084893,1.5913599399989975,0.8476759650184568,,1.5599236078519978,-1.4299383996076735
2010-09,,1.3541907753398321,,1.5059003112667086,1.8585518975957684,1.3212777153124673,0.3264939979416908,1.8348057610944628,0.7343994760154736,,1.5599236078519978,-0.8148800990280949
2010-10,2.8400854663808417,3.7435002869829948,,1.5059003112667086,0.5924032176246069,1.3212777153124673,0.15857002666820752,1.9565286716421955,0.7365778700347617,,1.5599236078519978,-0.6282899545816722
2010-11,,5.174980048440657,,1.5059003112667086,0.5488858325519481,1.3212777153124673,1.2696233704367044,2.9303119560240565,0.8912438454042197,,1.5599236078519978,-1.2777126336794478
2010-12,,5.398371160859867,,1.5059003112667086,-0.3721648031519505,1.3212777153124673,1.3211456235307084,3.052034866571789,1.1134400353716098,,1.5599236078519978,0.008173543044603543
2011-01,2.8400854663808417,4.174583922446657,,1.5059003112667086,,1.3212777153124673,0.40749973734142897,3.052034866571789,1.0851209131208641,,1.5599236078519978,1.3993823919204937
2011-02,,3.0747322633198344,,2.7150055442960443,,2.4694751286117635,,3.5389265087627195,1.2310733124131694,,1.5599236078519978,2.500396845465808
2011-03,,2.2958934332193035,,3.360076692294356,2.092716874415312,0.7254216916147267,1.3864088359372453,3.592484589403721,1.3683121356283225,,1.5599236078519978,-0.03146447885172247
2011-04,2.997582671267543,2.7798797480041717,,1.5059003112667086,1.5933030742957541,1.3212777153124673,0.13528295708043994,3.052034866571789,1.3857392877826276,,1.5599236078519978,-0.563017195102239
2011-05,,3.0547267302633885,,1.5059003112667086,1.1415511721129175,1.3212777153124673,1.4976388539881533,3.052034866571789,1.2789979808375087,,1.5599236078519978,0.5834750567398796
2011-06,,1.756362587371525,,1.5059003112667086,1.0503718891035374,1.3212777153124673,0.4611748518212376,3.052034866571789,1.2724627987796442,,1.5599236078519978,2.0934227818668627
2011-07,2.8400854663808417,0.519864391505395,,1.5059003112667086,1.5083405605824682,1.3212777153124673,-0.48625181949575336,3.052034866571789,1.344349801416153,,1.5599236078519978,3.1501003978825977
2011-08,,0.25280226361450714,,1.5059003112667086,1.2617420451707364,1.3212777153124673,2.2986420871854087,3.052034866571789,1.4358423502262547,,1.5599236078519978,1.6356123701290814
2011-09,,0.4140944666196753,,1.5059003112667086,0.6980882956582063,1.3212777153124673,0.6887646730080653,3.052034866571789,1.3726689236668987,,1.5599236078519978,1.576852317989623
2011-10,2.367593851720738,0.6881872836425078,,1.5059003112667086,1.3363432767238654,1.3212777153124673,0.3168877157561416,3.052034866571789,1.2136461602588644,,1.5599236078519978,1.7359640443897564
2011-11,,0.12196238906984483,,1.5059003112667086,1.1664182492972937,1.3212777153124673,1.6694076146501526,3.052034866571789,0.8825302693270671,,1.5599236078519978,1.1657181074485734
2011-12,,-1.887375231721313,,1.5059003112667086,0.8680133230847779,1.3212777153124673,1.0252647533203745,2.7172968625655236,0.38585643292937116,,1.5599236078519978,0.9958814574823249
2012-01,1.8951022370606334,-0.05584946679403609,,1.5059003112667086,,1.3212777153124673,-0.15447164711162994,2.528626351216539,0.16148184894269269,,1.5599236078519978,2.5369802388088285
2012-02,,0.2544433371593806,,-1.5182738644428786,,1.0348209493133615,,3.052034866571789,-0.04764397690896876,,1.5599236078519978,1.5268941331644434
2012-03,,0.8857489701390724,1.8359731651314861,5.940361284287605,3.559874428293515,1.7310517191878134,0.9055786426987639,1.4696370294512653,-0.20013155825913856,,1.5599236078519978,0.8690289643550869
2012-04,1.4226106224005297,2.4273436322341184,1.565101909750718,1.5059003112667086,0.2670589577956832,1.3212777153124673,-0.2509149921213297,1.9565286716421955,-0.27637534893422344,,1.5599236078519978,0.8994848904960495
2012-05,,3.524774884623471,1.292054981635965,1.1023276743002643,-0.4105688954785716,1.2413432496441565,0.8120412712459943,1.7130828505467302,-0.35915432166717276,,0.8891473872948444,0.8317192803197928
2012-06,,-0.12383003006878034,0.9113122531890988,1.2232785145499474,-0.10594719996996164,1.1811551544836165,-0.01829912972026643,1.2261912083558,-0.5116419030173426,,0.8891473872948444,-0.4025116036452713
2012-07,1.1076162126271276,-0.3027198786247329,1.565101909750718,1.1829615678000531,-0.3040619605440286,1.1614083620178073,-0.10480129928401248,0.2524079239739395,-0.6597726963289362,,0.9626812856238465,1.1454159428774138
2012-08,,-0.45226996792560836,0.9657040715386517,1.0620107275503692,-0.25005315560728175,1.0348209493133615,2.0302994457774135,-0.23448371821699093,-0.8318658238526992,,0.9626812856238465,0.6913197168044818
2012-09,,-1.5836101894106422,1.3464467999855179,0.9410598873006861,-0.44372499839107343,1.0559188514307691,0.1523852113111164,0.00896210287847415,-0.9647478590292757,,0.9626812856238465,0.6795191443500286
2012-10,0.9501190077404261,-0.9569812566177646,-0.013348658753284592,1.0620107275503692,-0.5804939229051432,1.2668978726048454,0.154810399346601,-0.11276080766925853,-0.9799966171642926,,0.9626812856238465,0.6969964828150071
2012-11,,-0.11306168811019646,0.9657040715386517,1.2232785145499474,0.06812234032067262,1.3212777153124673,1.2205591419521626,-0.35620662876472364,-0.8079034896405296,,0.9626812856238465,0.4695612225112303
2012-12,,-0.007182614281007679,0.8569204348395498,1.42486324829942,0.3851775744214708,1.3212777153124673,0.9715024021278671,0.00896210287847415,-0.6859134245603938,,0.9626812856238465,0.2424006074465645
2013-01,1.4226106224005297,0.29668664897602587,1.1288795265873104,1.5054971417992093,,1.3212777153124673,0.3462449871516668,0.617576655617137,-0.6292751800589022,,0.9626812856238465,0.7630417832003222
2013-02,,0.13693129856935998,1.2376631632864121,4.488951201291402,,,,0.04608759059553255,-0.563923359480258,,0.9626812856238465,0.4363488431786871
2013-03,,-0.17185937717109676,0.5305695247422364,-1.7601755449422456,-3.7738410846654697,0.8660166344719828,,1.4937381657397164,-0.5617449654609699,,0.9626812856238465,0.5680253563196538
2013-04,1.265113417513829,-0.1579212167463026,0.6937449797908912,0.9410598873006861,-0.7835750532442166,0.9293926226424637,0.9667845786596154,0.09368124861969589,-0.624918392020326,,0.9626812856238465,0.34061690148371426
2013-05,,0.35194984269296387,-0.06774047710283747,1.1023276743002643,0.21939705985896205,0.9715272429611388,1.0150439878002078,0.4789342605032695,-0.7774059733704958,,0.9626812856238465,0.5252444655844605
2013-06,,0.3462181242912939,-0.17652411380194322,1.0620107275503692,-0.14487619485081646,0.9909786647973038,0.8548868343879291,0.1283722781257999,-0.8318658238526992,,0.9626812856238465,3.1500353557927445
2013-07,1.0288676101837766,-0.42023191721475356,-0.013348658753284592,0.9410598873006861,0.11906130457900835,1.0796476619422175,0.9866194928056552,0.8225580369795188,-0.7948331255248009,,0.9626812856238465,3.1501003978825977
2013-08,,-0.21724589074557543,0.20421861464492305,1.2635954612998417,0.644756496897804,1.0585229654891208,1.1147162431997413,0.8294962428807396,-0.7011621826954109,,1.7715541672428645,1.5796244003391784
2013-09,,0.5316065052097043,-0.06774047710283747,1.5059003112667086,1.6471817415285694,1.0918112354499665,0.2374146108483274,0.6986441140419272,-0.5595665714416818,,1.7715541672428645,1.19684231963897
2013-10,1.265113417513829,0.5706752450524871,0.6937449797908912,1.4651801950493142,0.9695538882543147,1.077016753548177,0.7478005594395682,1.2893653989300728,-0.49857153890161376,,1.7715541672428645,1.4869671093981416
2013-11,,1.2970827749700347,1.1832713449368593,1.5054971417992093,0.789267578667586,1.0812698796360252,0.7059089714560385,1.4766969582630336,-0.5356042372295121,,2.065689760558871,2.0577013644953057
2013-12,,0.9329136944391409,0.802528616489997,1.3845463015495256,0.565463884008199,1.165891877196778,0.6381163641150446,1.2481013322543915,-0.5159986910559189,,2.065689760558871,2.383655487240614
2014-01,1.1076162126271276,0.7667348033361084,-0.06774047710283747,1.2635954612998417,,1.1403104599003997,0.936856052893215,0.6159942577800164,-0.5029283269401901,,2.065689760558871,2.9609995737308767
2014-02,,0.2544433371593806,-0.6116586605983585,0.779792100301108,,,,0.6006571710510021,-0.563923359480258,,2.065689760558871,2.6122958951702246
2014-03,,-0.05434733858107611,0.6393531614413384,0.9007429405507918,1.6609210088985806,0.7657383057079445,-0.7390809192843858,-0.05056040037936701,-0.6423455441746311,,2.065689760558871,0.13599588855209374
2014-04,1.0288676101837766,-0.8629934482864181,0.09543497794581729,0.9007429405507918,0.30643183000427915,0.8534633827121253,0.7817605770914916,0.4773518626661489,-0.70811125961694,,2.065689760558871,0.9309288026946437
2014-05,,0.1169257655129142,0.42178588804313066,0.8604259938008967,-0.23028258589184322,0.7893531875479588,0.8239553321512747,-0.23277959746932286,-0.6432604696627321,,2.065689760558871,0.6265217860292063
2014-06,,0.3462181242912939,0.9657040715386517,0.9007429405507918,-0.08729689208167943,0.911254334234086,0.7205827854447693,0.5899455549228018,-0.5217496512668396,,2.065689760558871,0.4163979439329898
2014-07,1.1076162126271276,0.6373764300954156,0.47617770639268353,1.0620107275503692,0.02874946811207687,0.8930282785529,0.8991475698490978,0.41807280522940343,-0.4482942049364435,,2.065689760558871,1.0313007111330539
2014-08,,1.427922649514697,0.3130022513440288,0.9813768340505805,-0.568060384312955,0.8495265141770173,0.982830766941575,0.3561158437606076,-0.39592561271275656,,2.065689760558871,1.07422724940664
2014-09,,0.6491185437997167,0.5305695247422364,0.13472095230279613,-1.4943590094309733,0.7819317894991394,-0.030775085731473834,-0.0021146819813696446,-0.46890181235890926,,2.065689760558871,0.6440931459733885
2014-10,0.7926218028537246,0.5706752450524871,-0.06774047710283747,0.5782073665516355,-0.6198667951137391,0.7115173302032705,0.31537017598660466,-0.44445573891182977,-0.5986905280280966,,2.065689760558871,0.2496684542995714
2014-11,,0.5920105434299191,-0.013348658753284592,0.45725652630195207,-0.553007306365036,0.7016363387256036,0.5068234108504345,-0.4765905872964311,-0.695236950962947,,2.065689760558871,0.3433768433266273
2014-12,,-0.35971873005106964,-0.013348658753284592,0.25567179255247957,-0.5053626081567006,0.7438388942890966,0.4283423907884745,-0.6735382565626624,-0.7932646818309134,,2.065689760558871,1.047927269871577
2015-01,0.8713704052970758,-0.29087354397406906,0.3673940696935778,0.5378904198017411,-0.3249335201018052,0.7793502501960535,0.7190747433819024,-0.5928359668695157,-0.9288479255914072,,2.065689760558871,2.109488718987635
2015-02,,-0.5681409329707555,0.14982679629537016,1.2232785145499474,,,,-1.4957765173125959,-1.1477765245298652,,1.698020268913863,1.9067017897377585
2015-03,,-0.40688345435113804,0.3130022513440288,-1.1957382904437226,-2.4911143532380575,0.5314672005962501,-0.8252843728663436,-0.6835195352275765,-1.2517730550106811,,1.4038846755978562,2.3928532025186278
2015-04,0.6351245979670233,-1.098017525466451,-0.17652411380194322,-0.3893993554458327,-1.636803015409804,0.43237710567946386,0.5506564761872664,-0.7508323047604727,-1.2000797649329735,,0.9626812856238465,0.8305065786009355
2015-05,,-0.23561035025713103,-0.12213229545239034,-0.2684485151961489,-0.9188548542862286,0.3813018273804953,0.521299082341076,-0.588575665000345,-1.202737405636505,,0.9626812856238465,-0.6623501459612676
2015-06,,-0.3588541072488133,-0.339699568850598,-0.18781462169636018,-0.8584827715236429,0.4082573510417802,0.41149006594289655,-0.9273305250546849,-1.210252865003049,,0.9626812856238465,-0.9322180957074051
2015-07,0.6351245979670233,-0.3027198786247329,-0.17652411380194322,0.0944040055529014,-0.8208503874923103,0.5141145980627246,0.6404096166504898,-0.7324521452677649,-1.2552367015013493,,-0.287394985969182,-0.13268385246556877
2015-08,,-0.569782006515629,0.09543497794581729,-0.22813156844625454,-1.458512288767122,0.48887538873869113,0.7414049083747827,-0.42035460262337865,-1.376290057153191,,-0.287394985969182,-0.4959044743941985
2015-09,,-0.9960499964605474,-0.013348658753284592,-0.18781462169636018,-0.7911389964467742,0.5479482487933055,-0.27821053698494735,-0.04532631522581455,-1.4968641661207898,,-0.5079966809561869,-0.5219377674667286
2015-10,0.5563759955236729,-0.9569812566177646,0.20421861464492305,-0.349082408695938,-1.2172548070833078,0.5706671027303936,0.0371694446816706,-0.4832853473765565,-1.4969127443074197,,-0.5079966809561869,-0.5712804286052394
2015-11,,-0.5831098424702708,-0.17652411380194322,-0.3893993554458327,-1.2358412894734834,0.5967021249222956,0.429490049280221,-0.8827799397942145,-1.4919192116970057,,-0.6550644776141904,-0.61036112416419
2015-12,,-1.1823030001811974,0.09543497794581729,-0.14749767494646546,-1.065018767786199,0.62810149970657,0.31752523670128957,-0.6171805489790622,-1.4919192116970057,,-0.6550644776141904,-0.5790417196059193
2016-01,0.47762739308032254,-0.7609216983341432,0.5849613430917893,-0.2684485151961489,-1.6317630805414607,0.6128629069652086,0.43497990157939903,-0.477929539312456,-1.4919192116970057,,-0.6550644776141904,-0.5170087217707316
2016-02,,-1.0381890873308297,0.04104315959626828,-0.2822675518641428,,,,-0.23448371821699093,-1.361215570539717,,-0.6550644776141904,-0.5488896922083794
2016-03,,-1.464491801661307,-0.23091593215149223,-0.6688211960990538,-0.35246614073470356,0.42298178790853985,-0.8858732712405725,0.3741308345216717,-1.2740798097681916,,-0.6550644776141904,-0.584993186673974
2016-04,0.39887879063697146,-0.9805054868764305,0.2586104329944759,0.0944040055529014,-0.016743399017237242,0.4862754942607629,0.42208609690474824,0.37582400020739104,-1.1433761686109032,,-0.6550644776141904,-0.4873575577193669
2016-05,,-0.23561035025713103,-0.06774047710283747,-0.22813156844625454,-0.7949565072458624,0.40188388579113227,0.4062449486045983,0.40804892354579764,-0.9473207068749706,,-0.6550644776141904,-0.4542714396558849
2016-06,,-0.4763661458388339,-0.339699568850598,-0.22813156844625454,-0.7601401124800171,0.3807859836737247,0.3127158226982058,0.056432820762984386,-0.8166170657176822,,-0.6550644776141904,-0.5818228398881944
2016-07,0.3201301881936211,-0.5377439558047742,-0.23091593215149223,-0.14749767494646546,-0.638335158887289,0.5073733963781705,0.5109411424570228,-0.13771035264422726,-0.7730491853319195,,-0.6550644776141904,-0.5062587078242268
2016-08,,-0.6872940451056496,-0.013348658753284592,-0.22813156844625454,0.5070560931175361,0.42298178790853985,0.5126323208933594,-0.2769491900197785,-0.5769937235959868,,-0.6550644776141904,-0.4701301787966635
2016-09,,-0.17346572633041957,0.04104315959626828,-0.1071807281965711,0.5302320018277316,0.5073733963781705,-0.3416801369897721,-0.7946854177435041,-0.3809382618600542,,-0.6550644776141904,-0.4820076411265059
2016-10,0.3201301881936211,-0.25190902507764906,-0.17652411380194322,-0.18781462169636018,0.2383391414528742,0.5284712984955781,0.03377058997505788,-0.08814113178187405,-0.1848828001241216,,-0.6550644776141904,-0.4217877605108011
2016-11,,1.0620586977899933,-0.013348658753284592,-0.18781462169636018,0.26215496294928115,0.3807859836737247,0.4993353904455938,0.12575158386170687,0.054740541997573826,,-0.6550644776141904,-0.18628108670894367
2016-12,,1.2854498102092027,0.5849613430917893,-0.14749767494646546,0.2581204869017591,0.549569200612986,0.2967015088427587,0.31601788256797325,0.5122032860480832,,-0.6550644776141904,0.0614278754226467
2017-01,0.39887879063697146,1.2367829576961826,0.3130022513440288,-0.22813156844625454,0.23992193091565975,0.5706671027303936,0.2557990270639416,0.10213490475723588,0.9914499702914742,,-0.6550644776141904,-0.10950047587960847
2017-02,,1.1945396458795292,0.47617770639268353,-1.4629388550286484,,,,0.6772878293863274,1.296425132991814,,-0.5079966809561869,-0.1331016207885154
2017-03,,1.5908212016791878,0.3130022513440288,1.5146011115448026,2.38125599498057,0.27529647308668653,-0.831021609663538,-1.4517128236943166,1.4924805947277464,,-0.36092888429818343,0.3747129362638693
2017-04,0.5563759955236729,0.8996871305638665,0.8569204348395498,0.41693957955205735,0.4499266772197932,0.5706671027303936,0.3884802330324947,-1.329989913146584,1.4489127143419835,,-0.36092888429818343,0.5307736569920456
2017-05,,1.0570220742330794,-0.013348658753284592,-0.026546834696782026,0.06261594052947893,0.5284712984955781,0.29313042709114107,-0.9648211815033865,1.1875054320274068,,-0.36092888429818343,0.8453099030311113
2017-06,,0.8162662786513765,0.47617770639268353,-0.026546834696782026,-0.13821368319619226,0.5284712984955781,0.21120160884951172,-0.5996524498601887,0.9914499702914742,,-0.36092888429818343,0.48230875448363336
2017-07,0.5563759955236729,1.4599607002255517,0.6393531614413384,0.41693957955205735,0.1641969146994402,0.5917650048478011,0.576287483892623,-0.5996524498601887,0.9914499702914742,,-0.36092888429818343,0.5384880047003822
2017-08,,1.075386533744635,0.2586104329944759,-0.06686378144667639,0.8735224168093331,0.46517759214335536,0.49005902426977327,-0.7213753604079214,0.9914499702914742,,-0.36092888429818343,0.7127558046958534
2017-09,,1.3541907753398321,-0.013348658753284592,-0.22813156844625454,0.14692983797953882,0.40188388579113227,-0.34388014537522993,-0.23448371821699093,1.1657214918345253,,-0.36092888429818343,0.8034696703128009
2017-10,0.47762739308032254,1.7493209921103776,0.9657040715386517,0.013770112053112332,0.3063499758752139,0.44407969002594777,-0.0501199864332561,-0.477929539312456,1.296425132991814,,-0.36092888429818343,0.6117979144702669
2017-11,,1.5321068521500676,0.47617770639268353,-0.14749767494646546,-0.15717752348264086,0.3807859836737247,0.2863204127977768,-0.11276080766925853,1.296425132991814,,-0.36092888429818343,0.5670211629846847
2017-12,,1.402961848799215,0.5305695247422364,-0.18781462169636018,-0.22366110491457347,0.42298178790853985,0.18928871904061995,-0.35620662876472364,1.0568017908701184,,-0.287394985969182,0.713744311725416
2018-01,0.39887879063697146,1.4718070348762156,0.42178588804313066,-0.14749767494646546,0.34166018934881226,0.25419857096927895,-0.19681980895534104,-0.23448371821699093,0.8607463291341858,,-0.287394985969182,1.060540851587382
2018-02,,1.1945396458795292,0.9657040715386517,3.575571175842009,,,,-0.5996524498601887,0.7300426879768972,,-0.287394985969182,0.25913386774900726
2018-03,,0.06316470000893619,0.6393531614413384,-3.5018204737099907,-0.7649247453559344,0.31749227732150165,-0.7945876777818233,1.1044682978080673,0.5993390468196089,0.20095234686536625,-0.287394985969182,0.3271173807488126
2018-04,0.47762739308032254,0.5471510147938129,0.5305695247422364,-0.22813156844625454,-0.4312914597988852,0.40188388579113227,0.30454048980452,0.13068501342620684,0.4686354056623205,0.3473250439648275,-0.21386108764018064,0.46276658562816264
2018-05,,1.292046151413104,0.6393531614413384,0.1750378990526905,0.43491172879022355,0.25419857096927895,0.16338535714554653,-0.23448371821699093,0.5339872262409646,-1.2627746241292692,-0.21386108764018064,0.7664215653544875
2018-06,,1.6388505487815044,0.7481367981404441,0.0944040055529014,1.1767795314574507,0.06431745191261011,0.019449889601318923,-0.23448371821699093,0.6864748075911344,-0.8236565328308864,-0.21386108764018064,0.4118695349561283
2018-07,0.47762739308032254,1.2249366230455105,0.7481367981404441,-0.22813156844625454,0.46806783170272537,0.1698069624996483,0.47112552465362983,-0.11276080766925853,0.8171784487484229,-0.09179304733356201,-0.21386108764018064,0.24325786210989386
2018-08,,0.8403624565646021,0.20421861464492305,-0.22813156844625454,0.22768608558708747,0.12761115826483319,0.32579246567092784,0.13068501342620684,0.7953945085555414,2.103797409158399,-0.21386108764018064,-0.3819860537519287
2018-09,,0.8841426209797496,0.42178588804313066,-0.18781462169636018,0.6421373719933596,0.1698069624996483,-0.4160796679960952,0.3741308345216717,0.6864748075911344,-0.8236565328308798,-0.21386108764018064,-0.25465237327203794
2018-10,0.3201301881936211,0.2181391292824252,0.42178588804313066,-0.3087654619460436,0.47221234456678796,0.21200276673446344,0.05021086181618603,0.617576655617137,0.5775551066267275,-0.8236565328308798,-0.21386108764018064,-0.09243470058973892
2018-11,,-0.11306168811019646,-0.2853077505010451,-0.2684485151961489,0.20903577769880527,0.08541535403001767,0.3517441122597754,0.617576655617137,0.5122032860480832,-0.09179304733356201,-0.21386108764018064,-0.2976621414633708
2018-12,,-0.7122548458211232,-0.12213229545239034,-0.4700332489456214,0.12407326398551945,-0.020074156557020526,0.36022461652734267,0.2524079239739395,0.38149964489079485,-0.8236565328308864,-0.21386108764018064,-0.15058165714385816
2019-01,0.16263298330691967,-1.1134578141041969,-0.17652411380194322,-0.349082408695938,0.633848346265234,-0.00724367836334012,-2.4362771688388007,-0.11276080766925853,-0.010611278581070364,0.6400704381637623,-0.21386108764018064,0.07016283505588454
2019-02,,-0.9206770487408091,0.5305695247422364,0.09349808375943142,,,,-0.35620662876472364,-0.1848828001241216,1.3719339236610741,-0.21386108764018064,-0.48185386137572805
2019-03,,-1.229467724481266,0.47617770639268353,-1.2922098901352725,0.30228731714021634,0.0010237455603870384,-0.7105870008265252,-0.5996524498601887,-0.1848828001241216,1.37193392366108,-0.21386108764018064,-0.29382921008119345
2019-04,0.0838843808635693,-0.6279693711063769,0.5305695247422364,0.779792100301108,0.36859952296522,0.10651325614742524,0.0027817736243877862,0.3741308345216717,-0.11953097954547737,-0.8236565328308798,-0.21386108764018064,-0.06575013678321219
2019-05,,-0.23561035025713103,0.3673940696935778,-0.4700332489456214,0.02460495524801405,-0.20995527561368918,-0.07789032196155676,0.617576655617137,-0.010611278581070364,-1.555520018328204,-0.21386108764018064,-0.30453204948760815
2019-06,,-1.2989504159689702,0.47617770639268353,-0.6313010359451996,-0.6986125395309307,0.08541535403001767,-0.2368998036929697,0.8610224767126023,-0.07596309915971458,-0.09179304733356201,-0.21386108764018064,-0.3176009002024278
2019-07,-0.1523614264664832,-1.2428161873448897,0.42178588804313066,-0.1071807281965711,-0.04377950700902086,0.33859017943890957,0.2934266718902509,0.8610224767126023,-0.206666740317003,0.6400704381637558,-0.21386108764018064,-0.5013911740285432
2019-08,,-0.9223181222856827,0.14982679629537016,-0.7119349294449886,-0.6281558208418645,-0.12556366714405873,-0.24004073247437413,0.9827453872603346,-0.2720185608956472,1.37193392366108,-0.21386108764018064,-0.10163342757664061
2019-09,,-1.2310740736405803,-0.06774047710283747,-0.8732027164445664,-0.4416527419590421,-0.14666156926146628,-1.0291776051386587,0.9827453872603346,-0.3809382618600542,-0.8236565328308798,-0.21386108764018064,-0.11137820757331997
2019-10,-0.23111002890983356,-0.9569812566177646,0.20421861464492305,-0.3087654619460436,-0.27172771453247047,-0.0833678629092434,-0.649378235814549,1.2261912083558,-0.46807402263157977,-0.09179304733356201,-0.21386108764018064,-0.16828710223915758
2019-11,,-1.1706700354203656,-0.6660504789479114,-0.752251876194883,-0.1432478157465261,-0.20995527561368918,-0.6782114591228129,2.19997449273766,-0.5552097834031055,-0.8236565328308864,-0.287394985969182,-0.11287958356118324
2019-12,,-0.47723076864108194,0.47617770639268353,-0.14749767494646546,-0.20956002157152967,-0.041172058674428094,-2.253839210491469,3.052034866571789,-0.5116419030173426,-0.09179304733356201,-0.287394985969182,-0.3538262834940777
2020-01,-0.3098586313531839,-0.17336150538404838,0.20421861464492305,0.13472095230279613,1.6679043058488827,-0.041172058674428094,-2.9471247794286546,3.052034866571789,-0.31558644128141,0.6400704381637623,-0.3976958334626848,-0.632484769414961
2020-02,,0.07817527927435382,0.08183702335843004,-0.16765614832141265,0.9902764525746282,-0.8587157657239741,-1.6355394004345578,2.686866134928591,-0.4571820525351391,0.6400704381637601,-0.5079966809561869,-0.9111432553358443
2020-03,,0.29818877718897746,-0.04054456792806296,-0.4700332489456214,0.3126485993003729,-1.6762594727735203,-1.4224605852867274,2.321697403285393,-0.5987776637888682,0.6400704381637586,-0.618297528449689,-1.1898017412567274
2020-04,-1.3729647643384173,-0.45170131322135004,-0.16292615921455209,-0.7724103495698301,-0.3649792539738819,-2.4938031798230664,-1.9585968375389906,1.9565286716421955,-0.7403732750425974,0.6400704381637572,-0.7285983759431918,-1.4684602271776106
2020-05,,0.5869739198729969,-0.2853077505010451,-1.074787450194039,-1.0426071072481367,-2.9771561173328753,-0.21511623016803294,1.5913599399989975,-0.8819688862963265,0.6400704381637558,-0.7285983759431918,-1.6367476136020283
2020-06,,0.11119404711126096,-0.17652411380194322,-0.8732027164445664,-0.23028258589184322,-2.319745487354453,-0.22001220714209158,0.49585374506940433,-1.0126725274536148,-0.8236565328308798,-0.7285983759431918,-1.2289239843272926
2020-07,-2.4360708973236513,0.519864391505395,0.42178588804313066,-0.7119349294449886,0.07226685318473543,-2.108766466180377,0.33681950857513043,0.617576655617137,-0.8601849461034451,-1.555520018328204,-0.7285983759431918,-0.7274889551841028
2020-08,,0.7228504179745814,0.2586104329944759,-0.7119349294449886,-0.7110460781231189,-1.9610811513585233,-0.3501266799036132,0.8610224767126023,-0.7294813049461566,-0.09179304733356201,-0.7285983759431918,-0.7503006973723473
2020-09,,0.5316065052097043,0.9113122531890988,-0.3893993554458327,0.41626142090194135,-1.623514717480001,-0.6013021627930604,0.49585374506940433,-0.6423455441746311,-0.8236565328308864,-0.7285983759431918,-0.5791236005784822
2020-10,-1.0973446557866904,1.0407233994125613,1.4008386183350707,0.13472095230279613,0.3105763428683418,-1.0327734581925871,-0.2872047877395012,-0.35620662876472364,-0.6641294843675125,-1.555520018328198,-0.7285983759431918,-0.5728527591096877
2020-11,,1.2970827749700347,1.5640140733837256,0.13472095230279613,0.1800241876503661,-0.8217944370185108,-0.5081859496288472,-1.8168815553375144,-0.6641294843675125,-0.8236565328308864,-0.7285983759431918,-0.16098836454147644
2020-12,,1.755497964569277,1.565101909750718,0.1750378990526905,0.7581837321871159,-0.6741091221966573,-2.3634530986314624,-2.1905708907190533,-0.533425843210224,-0.8236565328308798,-0.7285983759431918,-0.5963540820751064
2021-01,0.16263298330691967,1.8243431506462775,1.1832713449368593,0.2959887393023739,1.9199321331125347,-0.758500730666288,-0.9585276474691897,-2.1820502869807124,-0.2938025010885286,-0.09179304733356201,-0.7285983759431918,-0.665757547768041
2021-02,,1.1945396458795292,-0.8292259339965661,0.5479696564892146,2.2294857989293817,-0.06754443632118765,-0.015399137720218545,-1.9690351935221801,0.09830842238333662,1.37193392366108,-0.7285983759431918,-0.735161013460975
2021-03,,0.41570081577899815,-0.9924013890452248,0.7999505736760555,2.069922053662967,0.6234118580239126,-0.3208288798273503,-1.7560201000636482,0.49041934585520186,0.6400704381637558,-0.7285983759431918,-0.8045644791539088
2021-04,0.7926218028537246,1.017199169153887,1.4008386183350707,1.0519314908628963,1.9103583083965523,1.314368152369013,-1.375473689334576,-1.5430050066051164,0.8825302693270671,-1.555520018328204,-0.7285983759431918,-0.8739679448468434
2021-05,,0.9395100356430588,0.9657040715386517,1.3039124080497368,1.7507945631301376,1.3212777153124673,-0.1505016392185802,-1.329989913146584,1.2746411927989323,-1.555520018328204,-0.7285983759431918,-0.8810671735520668
2021-06,,0.5812422014713352,0.9113122531890988,0.9007429405507918,1.6057366128879424,0.8871356344915081,-1.0091281026551462,-0.8430982709556538,1.7538878770423232,-0.8236565328308798,-0.7285983759431918,-0.7709193244832646
2021-07,1.4226106224005297,0.519864391505395,-0.17652411380194322,0.6991582068013192,1.0420828633754122,0.823841928139285,-0.9614107098257078,-1.086544092051119,1.7103199966565605,-0.09179304733356201,-0.7285983759431918,-0.6331449431871612
2021-08,,-0.09973385215555478,-0.06774047710283747,-0.06686378144667639,1.6492539979606007,0.06431745191261011,-0.4189134350243345,-1.2082670025988516,1.7538878770423232,0.6400704381637558,-0.7285983759431918,-0.8041883595134651
2021-09,,-0.5260018421004732,-4.038343216620139,-0.5103501956955161,-0.2945225352848155,-1.2015566751318483,-0.8475871795485467,-1.4517128236943166,1.8628075780067304,-0.09179304733356201,-0.7285983759431918,-0.7279459778118538
2021-10,-0.6248530411265868,-1.1920053337977976,-0.12213229545239034,-1.397323024193195,0.39553885658162763,-0.800696534901103,-0.6279915340353276,-1.5734357342420493,2.124214860321307,-1.555520018328198,-0.7285983759431918,-0.6722441192951089
2021-11,,-1.2881820740103862,-0.5572668422488056,-1.236055237193617,0.08055587891286088,-0.6952070243140649,-0.27905674197045954,-0.5996524498601887,2.6047685809762715,-0.09179304733356201,-0.7285983759431918,-0.7875963337716061
2021-12,,-0.5947428072311026,-0.8292259339965661,-1.1151043969439336,-0.5431933071285787,-0.9061860454881413,0.33054742207414994,0.3741308345216717,2.603461544564698,0.6400704381637558,-0.7285983759431918,-0.6689865515744561
2022-01,-1.4123390655600934,-0.05584946679403609,-0.339699568850598,-0.9135196631944611,-1.6373447032411372,-1.3703398920711094,1.7122634316605387,-0.5996524498601887,2.0370790995497816,0.6400704381637558,-0.8756661726011953,-0.5024482074733637
2022-02,,-0.21560481720069363,-1.2643604807929854,-1.0917379041160973,-1.4487693679262834,,,-1.329989913146584,1.7756718172352046,1.37193392366108,-0.8756661726011953,-0.7781226917565606
2022-03,,-0.05434733858107611,-1.1555768440938794,2.5117698315771633,2.3248095948028245,-0.31544478620072736,6.293922417689519,-1.329989913146584,1.7103199966565605,1.37193392366108,-0.8756661726011953,-0.7906904286068126
2022-04,-1.1760932582300414,-1.8030897570065667,-3.222465941376858,-0.6313010359451996,-0.4603030498473243,-2.4727922010623824,-0.3093421867829049,-0.5996524498601887,1.6014002956921536,2.103797409158399,-0.8756661726011953,-0.9157035475956223
2022-05,,-1.0875726300347703,-2.3929907115461893,-0.752251876194883,-0.31524509960512903,-2.1444343685210447,0.4288825261110897,-0.23448371821699093,1.3781149087151192,1.3719339236610786,-0.8756661726011953,-1.0407166665844327
2022-06,,-1.4752184738539968,-1.5635154817155203,-0.8732027164445664,-0.17018714936293375,-1.8160765359797078,-0.8673825610648112,0.13068501342620684,1.1548295217380846,0.6400704381637594,-0.8756661726011953,-1.1657297855732425
2022-07,-1.4910876680034437,-1.5659742934674403,-0.7340402518848514,-0.9941535566942502,-0.02512919912073865,-1.4877187034383703,-1.3794735071421849,0.4958537450694049,0.9315441347610505,-0.09179304733355999,-0.8756661726011953,-1.2907429045620535
2022-08,,-1.744902392415819,0.09543497794581729,-1.1151043969439336,0.11992875112145664,-1.1593608708970329,0.4020463493644609,0.8610224767126023,0.7082587477840159,-0.8236565328308798,-1.0227339692591988,-1.636854169479866
2022-09,,-1.3485861122306093,-0.39409138720015086,-0.9538366099443555,1.0317215812152551,-0.5897175137270266,-0.5338924807281715,0.617576655617137,0.29436388411926917,-0.8236565328308864,-1.0227339692591988,-1.5526182192087519
2022-10,-1.8060820777768465,-0.6044451408477026,-2.025845937686714,-0.1071807281965711,-1.0011619786075094,-1.2015566751318483,0.12752319912289298,0.9827453872603346,-0.010611278581070364,1.37193392366108,-1.0227339692591988,-1.302552110265673
2022-11,,-1.2881820740103862,-3.059290486328203,-0.6313010359451996,-0.7214073602832757,-1.8344937386540774,0.29869907243477256,0.13068501342620684,-0.4898579628244612,-0.09179304733356201,-1.0227339692591988,-1.2111017205792085
2022-12,,-3.0624956176215026,-4.092735034969692,-1.7601755449422456,-1.0964857744809522,-2.9737804529940903,0.25498049670243994,-0.477929539312456,-0.4898579628244612,1.37193392366108,-1.0227339692591988,-1.147606466166446
2023-01,-2.593568102210353,-2.7703775582234687,-4.123738371428938,-1.7638040701497362,-1.6471671987289658,-2.108766466180377,-0.07007426471062013,-0.23448371821699093,-0.35915432166717276,-1.555520018328204,-1.0227339692591988,-0.5864807476025553
2023-02,,-0.21560481720069363,0.7481367981404441,-6.595452282110829,-2.1802758884333535,,,0.13068501342620684,-0.3809382618600542,-0.09179304733356201,-1.0227339692591988,-0.8798763247451636
2023-03,,2.765941587579378,1.6184058917332784,4.922284195670749,1.093889274176196,-0.9905776539577719,0.32053662733672783,-1.2082670025988516,-0.5116419030173426,0.6400704381637558,-1.0227339692591988,-0.6795355630534827
2023-04,-1.2548418606733918,1.017199169153887,1.565101909750718,-1.074787450194039,0.04118300670426495,0.5073733963781705,-0.8377692955935981,-1.5734357342420493,-0.751265245139038,-1.555520018328204,-1.0227339692591988,-0.44203704643081654
2023-05,,-1.2932186975673001,1.3464467999855179,-0.3893993554458327,0.5405968068238229,1.3212777153124673,-0.9068133304819433,-2.1905708907190533,-0.9908885872607335,-0.8236565328308798,-1.0227339692591988,-0.889234092369053
2023-06,,-2.004022647509086,0.6393531614413384,-1.236055237193617,0.3478769586449064,0.9504293408437309,-1.3994435747503338,-2.1820502869807124,-1.2087279891895473,-0.09179304733356201,-1.0227339692591988,-1.0949656340572962
2023-07,0.16263298330691967,-1.712864341704964,0.09543497794581729,-0.8732027164445664,-0.38362956186216396,-1.0749692624274025,-0.8006919843587343,-2.1905708907190533,-1.3829995107325987,-0.09179304733356201,-1.0227339692591988,-0.8027182790538315
2023-08,,-1.3923662766457652,-0.6116586605983585,-1.155421343693828,0.15308485403395844,-1.2015566751318483,-0.08366878480521214,-2.1905708907190533,-1.1651601088037846,0.6400704381637558,-1.0227339692591988,-1.2256460475343878
2023-09,,-0.9960499964605474,-1.1555768440938794,-0.8328857696946721,-0.3794850489981012,-0.758500730666288,-1.1601410116112938,-2.1905708907190533,-0.8601849461034451,-0.8236565328308798,-1.0227339692591988,-1.0192574346478647
2023-10,-1.01859605334334,-0.486933102257682,-0.9380095706956718,-0.8328857696946721,0.8638688102207153,-0.568619611609619,-0.671194232643587,-2.1905708907190533,-0.751265245139038,-1.555520018328204,-1.0227339692591988,-0.7493426765039025
2023-11,,-0.9356459582403327,-1.373144117492087,-0.7925688229447777,0.5530303454160111,-0.12556366714405873,-0.33552301843179677,-2.1905708907190533,-0.7730491853319195,-0.09179304733356201,-1.0227339692591988,-0.6626502862643217
2023-12,,-1.4173270773612388,-1.8082786642885063,0.013770112053112332,1.217610650517267,0.40188388579113227,-0.4521536982785922,-2.1905708907190533,-0.8601849461034451,-0.09179304733356201,-1.0227339692591988,-0.5941043113001253
2024-01,-0.7823502460132882,-1.5835059684642712,-1.8082786642885063,0.0944040055529014,0.8866636309730601,-0.16775947137887387,-0.8747446428477218,-2.1905708907190533,-0.7948331255248009,0.6400704381637558,-1.3168695625752054,-0.6045255873057125
2024-02,,-1.2732131645108629,-1.373144117492087,7.95620862178233,,,,-3.399279392458038,-0.751265245139038,0.6400704381637623,-1.3168695625752054,-0.968769114366053
2024-03,,-1.3469797630712865,-0.883617752346119,-7.767400610676526,,-0.568619611609619,-0.006869355350405522,-1.5734357342420493,-0.7948331255248009,0.6400704381637558,-1.0227339692591988,-1.0609360730364081
2024-04,-0.7823502460132882,-0.27543325533632323,-0.12213229545239034,-0.8328857696946721,0.33958793291678097,-1.0749692624274025,-1.3721269118308244,-2.1905708907190533,-0.8166170657176822,-0.8236565328308798,-1.0227339692591988,-0.9586196508146928
2024-05,,0.1169257655129142,-1.2643604807929854,0.05408705880300705,0.2566976756355265,-1.2437524793666637,-0.6605202848964464,-2.0603273764329795,-0.751265245139038,-1.555520018328204,-1.0227339692591988,-1.1664618870296262
2024-06,,-1.1814383773789494,-1.1555768440938794,-0.3893993554458327,0.3105763428683418,-0.9483818497229566,-0.4038661383895305,-2.0603273764329795,-0.5116419030173426,-0.09179304733356201,-1.0227339692591988,-1.2630307143156765
2024-07,-1.2548418606733918,-1.1253041487548692,-1.3187522991425342,-0.5103501956955161,0.022532698815982733,-1.3070461857188864,0.5473269625882465,-2.1820502869807124,-0.3809382618600542,-0.09179304733356201,-1.0227339692591988,-1.0768975924970055
2024-08,,-1.2748542380557446,-1.42753593584164,-0.5909840891953052,-0.006478891232456248,-1.1593608708970329,0.3905443050871424,-1.8168815553375144,-0.3809382618600542,1.37193392366108,-1.0227339692591988,-1.2288997033140112
2024-09,,-1.701122228000663,-1.3187522991425342,-0.8328857696946721,0.6524986541535162,-1.2859482836014788,-0.6784492990227283,-1.6951586447897822,-0.5987776637888682,0.6400704381637558,-1.0227339692591988,-1.248567324071433
2024-10,-1.3335904631167428,-0.9569812566177646,-1.4819277541911928,-0.4700332489456214,0.5799696790324187,-1.0538713603099947,0.057519094776157666,-1.9386044658852468,-0.8166170657176822,-1.555520018328204,-1.0227339692591988,-1.198017222100276
2024-11,,-0.2305737267002171,-1.373144117492087,-0.5103501956955161,-0.2883057659887214,-0.7163049264314726,0.0651139396608919,-2.0603273764329795,-0.8384010059105637,-0.8236565328308798,-1.0227339692591988,-1.2871093858191047
2024-12,,-0.35971873005106964,-1.373144117492087,-0.4700332489456214,-0.6074332565215509,-1.0960671645448101,0.05672962338741786,-2.1820502869807124,-0.751265245139038,-0.09179304733356201,-1.0227339692591988,-1.2760984858743498
2025-01,-0.7036016435699372,-0.29087354397406906,-0.339699568850598,-0.14749767494646546,-0.5266152556723278,-0.9483818497229566,0.28444614590964723,-2.1905708907190533,-0.7076973647532752,0.6400704381637558,-1.7580729525492154,-0.927357846215704
2025-02,,-1.3907252031008834,-1.2643604807929854,-7.1263611573532035,,,,-1.8168815553375144,-0.7076973647532752,0.6400704381637623,-1.7580729525492154,-0.9910267098734248
2025-03,,-0.05434733858107611,-1.42753593584164,9.85916850837735,0.5965477304886695,-0.8850881433707337,1.0263356490823443,-3.277556481910305,-0.6859134245603938,1.37193392366108,-1.0227339692591988,-1.0667518192742498
2025-04,-0.7036016435699372,-0.6279693711063769,-1.2643604807929854,0.45725652630195207,-0.19006008854611456,-0.4842280031399885,-1.081340230820002,-2.1905708907190533,-0.751265245139038,-1.555520018328204,-1.0227339692591988,-1.2233069765883413
2025-05,,-1.5282427747473415,-1.373144117492087,-0.18781462169636018,-0.21550739753145962,-0.6530112200792497,-0.3393355941192725,-2.1905708907190533,-0.7948331255248009,-0.8236565328308864,-1.0227339692591988,-1.4682489823620684
2025-06,,-1.1814383773789494,-1.3187522991425342,-0.3087654619460436,-0.2672723632036031,-0.3787384925529503,-0.684940555446507,-2.1905708907190533,-0.9255367666820892,-0.8236565328308798,-1.0227339692591988,-1.5756528071411067
2025-07,-0.8610988484566386,-0.8902800715748278,-1.373144117492087,0.0944040055529014,-0.062173476776660866,-0.7163049264314726,0.09977515774777368,-2.1905708907190533,-0.9908885872607335,-0.09179304733356201,-1.0227339692591988,-1.560874303302286
2025-08,,-1.3923662766457652,-1.42753593584164,-0.349082408695938,0.592852068367785,-0.9483818497229566,0.054351249105247336,-2.1905708907190533,-0.9908885872607335,1.37193392366108,-1.0227339692591988,-1.636854169479866
2025-09,,-1.3485861122306093,-1.1555768440938794,-0.5506671424454105,-0.15137872830888752,-1.0116755560751796,-0.9809813318722866,-2.1905708907190533,-0.8384010059105637,0.6400704381637558,-1.0227339692591988,-1.636854169479866
2025-10,-1.1760932582300414,-0.9569812566177646,-1.373144117492087,-0.026546834696782026,-0.2454722255386332,-1.0960671645448101,-0.39360384060442694,-2.1905708907190533,-0.7076973647532752,-0.8236565328308798,-1.0227339692591988,-1.6354847311223926
2025-11,,-1.5232061511904276,-1.3187522991425342,-0.6716179826950939,0.9605888924780605,-1.1171650666622177,-0.5779349161426373,-2.1820502869807124,-0.6641294843675125,-0.8236565328308864,-1.0227339692591988,-1.636854169479866
2025-12,,-1.6523511545412717,-1.6994950275894005,-0.7119349294449886,0.09328885855947758,-1.45473150054074,-0.5803272772009018,-1.5734357342420493,-0.6859134245603938,-0.09179304733356201,-1.0227339692591988,-1.636854169479866
2026-01,-1.4123390655600934,-0.29087354397406906,-1.5907113908902948,-0.5506671424454105,-0.6114005914606749,-1.5391231090103705,-0.5055584219809597,-1.4517128236943166,-0.6205616039817496,-0.09179304733356201,-1.9051407492072188,-1.545216556993665
2026-02,,-1.1557011259208505,-1.6994950275894005,-0.1071807281965711,,,,-2.1820502869807124,-0.5116419030173426,0.6400704381637623,-1.9051407492072188,-1.6758565021152878
2026-03,,-1.464491801661307,-1.5907113908902948,-0.1071807281965711,,-1.1382629687796255,0.4145281908641825,-0.8430982709556538,-0.40272220205293563,0.6400704381637558,-1.0227339692591988,-1.636854169479866
2026-04,-1.01859605334334,-0.7454814096963975,-1.3187522991425342,-0.349082408695938,-0.4571919712659156,-1.3703398920711094,-1.250648441339916,-1.2082670025988516,-0.09774703935259597,0.6400704381637623,-1.0227339692591988,-1.636854169479866
2026-05,,-0.0005862730770980952,-1.6451032092398477,,,,,,,,,
