month,quarter,nowcasting_GDP,actual_gdp_yoy,actual_gdp_lag1,actual_gdp_lag2,past2_actual_gdp_mean,gdp_gap_vs_lag2_avg,gdp_signal_direction,gdp_signal_abs,nowcasting_gdp_diff,actual_gdp_yoy_diff,中债-新综合财富(3-5年)指数,中债-新综合净价(3-5年)指数,中债-新综合全价(3-5年)指数,中债-综合财富(3-5年)指数,中债-综合净价(3-5年)指数,中债-综合全价(3-5年)指数,中债-新综合财富(5-7年)指数,中债-新综合净价(5-7年)指数,中债-新综合全价(5-7年)指数,中债-综合财富(5-7年)指数,中债-综合净价(5-7年)指数,中债-综合全价(5-7年)指数
2015-01,2015Q1,7.358259432421397,7.1,7.4,7.3,7.35,0.00825943242139715,1.0,0.00825943242139715,,,0.0055900867410161,0.0055909384470167,0.0072173259798082,0.0072177204691794,0.0091947123083597,0.0091990468221696,0.0120837335871075,0.0120913430278821,0.0086736137715155,0.008673107878097,0.0105445570456117,0.0105444282592861
2015-02,2015Q1,7.008876973589286,7.1,7.4,7.3,7.35,-0.34112302641071324,-1.0,0.34112302641071324,-0.3493824588321104,0.0,-0.0087413345741619,-0.0087454943560882,-0.009710918123168,-0.0097141418049361,-0.0051551091860218,-0.0051636424839003,-0.0060864731432017,-0.0060906513914006,-0.0090835753776558,-0.009084111721699,-0.0095614158037437,-0.0095613251066773
2015-03,2015Q1,6.705922657979788,7.1,7.4,7.3,7.35,-0.6440773420202115,-1.0,0.6440773420202115,-0.30295431560949826,0.0,-0.0030968308931498,-0.0030969408243163,-0.0032384085535108,-0.0032390901804715,0.0014535933057053,0.0014208804957995,-0.0025169597398886,-0.0025301755512547,-0.0063370478893169,-0.0063371283030515,-0.0074672155650881,-0.0074670403367391
2015-04,2015Q2,6.694684343413422,7.1,7.1,7.4,7.25,-0.5553156565865782,-1.0,0.5553156565865782,-0.01123831456636637,0.0,0.0092869196047915,0.0092862542917675,0.0095122952061228,0.0095126834243448,0.0136284155511281,0.0136472831567757,0.0120790484925519,0.0120927963000285,0.0085129512494288,0.0085124275476664,0.0080002598776047,0.0080002987021028
2015-05,2015Q2,6.828817465499336,7.1,7.1,7.4,7.25,-0.4211825345006641,-1.0,0.4211825345006641,0.1341331220859141,0.0,-0.0056733244440417,-0.005673473255318,-0.0044968756537477,-0.0044967410950651,-0.0011197041742763,-0.0011279965766198,-0.0015176612507791,-0.001525070457323,-0.0054432741728428,-0.0054432133096207,-0.0056343856047761,-0.0056339428561098
2015-06,2015Q2,6.925129690970177,7.1,7.1,7.4,7.25,-0.32487030902982283,-1.0,0.32487030902982283,0.09631222547084128,0.0,0.0038211257204878,0.0038219205573029,0.003375450273364,0.0033757558518299,0.007130615687712,0.0071337384710274,0.0059604876783883,0.0059629015213888,0.0029809493901249,0.0029814390053672,0.004001723264613,0.0040013462133201
2015-07,2015Q3,7.458847024877933,7.0,7.1,7.1,7.1,0.3588470248779334,1.0,0.3588470248779334,0.5337173339077559,-0.09999999999999964,0.001673178407213,0.0016730481928903,0.0030314402620448,0.0030314554642991,0.0058058448817361,0.0058180494145776,0.0065060725857102,0.0065166226894581,0.0027450263738766,0.0027454781907212,0.0029948417684904,0.0029953155762745
2015-08,2015Q3,7.308409788814623,7.0,7.1,7.1,7.1,0.20840978881462302,1.0,0.20840978881462302,-0.1504372360633104,0.0,0.0004305965979913,0.0004296062929916,4.358904970436228e-05,4.283560787365914e-05,0.0049811231130461,0.0049911293697431,0.0093364426004933,0.0093558264553188,0.005779194137796,0.0057791884324618,0.0056120747239343,0.0056124106562702
2015-09,2015Q3,7.216429409277,7.0,7.1,7.1,7.1,0.11642940927699996,1.0,0.11642940927699996,-0.09198037953762306,0.0,0.0045391322849723,0.0045386555824871,0.0041465439110464,0.0041469912439242,0.0087311218000263,0.0087461112433584,0.0116121243517994,0.011619316886315,0.0083329775880469,0.0083334044941367,0.0103696366937369,0.0103701935673752
2015-10,2015Q4,7.017585809774822,6.9,7.0,7.1,7.05,-0.032414190225178,-1.0,0.032414190225178,-0.19884359950217778,-0.09999999999999964,-0.0025558328947845,-0.0025567685117702,-0.0027130812632005,-0.0027129374736393,0.002082667111587,0.0020978996609208,0.0016917681736956,0.0016997941791756,-0.0020143768632281,-0.0020147081210403,-0.0018682702506523,-0.0018677680526522
2015-11,2015Q4,6.972009998629622,6.9,7.0,7.1,7.05,-0.07799000137037826,-1.0,0.07799000137037826,-0.04557581114520026,0.0,0.0089577811267667,0.0089575929804452,0.0101315038200455,0.0101309252450869,0.0132709502534433,0.0132863433264356,0.0173889834746501,0.0173819952103098,0.0142382342368792,0.0142189327894726,0.014710632795742,0.0147726232998823
2015-12,2015Q4,6.948918486255735,6.9,7.0,7.1,7.05,-0.10108151374426466,-1.0,0.10108151374426466,-0.023091512373886403,0.0,0.0046122261399641,0.0046130429235999,0.0053273724532498,0.0053278132516103,0.0087444397789224,0.0087558032151766,0.0092649012053949,0.0085844460657187,0.0059870879425802,0.0052985804169869,0.006989420295872,0.0065844583746352
2016-01,2016Q1,6.863958165865039,6.8,6.9,7.0,6.95,-0.08604183413496092,-1.0,0.08604183413496092,-0.0849603203906959,-0.10000000000000053,-0.0033761148827897,-0.003375106503145,-0.0023691169825045,-0.0023687567426374,0.0008863751715588,0.0008829572275144,0.0007482284831099,0.0008509705155081,-0.0027881425725445,-0.0026536311563184,-0.0011056639916361,-0.0007687915741831
2016-02,2016Q1,6.799936131142248,6.8,6.9,7.0,6.95,-0.15006386885775225,-1.0,0.15006386885775225,-0.06402203472279133,0.0,0.003108094453426,0.0031074136794368,0.0033756887861546,0.0033753669949367,0.0070607977427099,0.0070690694153785,0.00622860348756,0.0060934540326218,0.0033499879105118,0.0032308671078522,0.0038235567601447,0.0039852126720729
2016-03,2016Q1,6.623568561136015,6.8,6.9,7.0,6.95,-0.3264314388639855,-1.0,0.3264314388639855,-0.17636757000623327,0.0,-0.007335934646134,-0.007335238766732,-0.0076624290639559,-0.0076624789773586,-0.0032779451119148,-0.0032828511020196,-0.0015625719587684,-0.0011432377837109,-0.0049874967568851,-0.0045366587434707,-0.0053845071679052,-0.0045034755929792
2016-04,2016Q2,6.047607142323775,6.7,6.8,6.9,6.85,-0.8023928576762245,-1.0,0.8023928576762245,-0.5759614188122395,-0.09999999999999964,-0.0028605617885256,-0.0028602476529605,-0.0016480759859235,-0.0016486342594681,0.0012627185853053,0.0012518199319053,0.0013217335659381,0.0009620336597575,-0.0019947270951821,-0.0023444320434782,-0.0024053410507214,-0.0023130186419014
2016-05,2016Q2,6.523631374978933,6.7,6.8,6.9,6.85,-0.32636862502106645,-1.0,0.32636862502106645,0.47602423265515803,0.0,0.0001461082259912,0.0001474255083477,6.935999639678947e-05,6.961137865779676e-05,0.0037807247081875,0.0037852739832109,0.0046174583279683,0.0046329940873652,0.0015980006410583,0.0015954479526942,0.0013886625497994,-0.0005739831020074
2016-06,2016Q2,6.392239111188106,6.7,6.8,6.9,6.85,-0.4577608888118938,-1.0,0.4577608888118938,-0.13139226379082736,0.0,0.0049220463554795,0.004922496960906,0.0052416056842461,0.0052416132380115,0.0083590328515639,0.0083707162890236,0.0107219577694868,0.0105761145181895,0.0077406789092933,0.007551856358791,0.0075757051153322,0.007772659329901
2016-07,2016Q3,6.557337334339792,6.7,6.7,6.8,6.75,-0.19266266566020818,-1.0,0.19266266566020818,0.16509822315168599,0.0,0.0044536047094334,0.0044540252349161,0.0054378878928182,0.0054387246905156,0.007984577377234,0.0079925137214171,0.0103275556213173,0.0099716727800196,0.007283554867516,0.0068899077757136,0.0080576858223344,0.0079450474051896
2016-08,2016Q3,6.609225234868523,6.7,6.7,6.8,6.75,-0.1407747651314768,-1.0,0.1407747651314768,0.05188790052873138,0.0,-0.002925288159816,-0.0029251688102659,-0.0031004851190078,-0.0031009914588608,0.0009891387180454,0.0009888727016562,0.0014378954410629,0.0012038775638549,-0.0014362283584841,-0.0016937338243395,-0.0008273861407712,-0.0008240906001253
2016-09,2016Q3,6.535163921197205,6.7,6.7,6.8,6.75,-0.21483607880279543,-1.0,0.21483607880279543,-0.07406131367131863,0.0,0.0023932482746802,0.0023928674593447,0.0029692681196393,0.0029683702660772,0.0062644157898203,0.0062702741985565,0.0076500125838196,0.0077205752353668,0.0047790096393447,0.004820476593969,0.0064697402902778,0.0066581755291839
2016-10,2016Q4,6.891809424742251,6.8,6.7,6.7,6.7,0.19180942474225038,1.0,0.19180942474225038,0.356645503545046,0.09999999999999964,-0.0093598503200699,-0.0093598551937561,-0.0093993331861023,-0.0093994353367647,-0.0053407940442319,-0.0053487340709603,-0.0072212838721694,-0.0074967124043222,-0.0102664029781294,-0.0105651778653609,-0.0104386959243405,-0.0103790159142632
2016-11,2016Q4,6.953418922127206,6.8,6.7,6.7,6.7,0.2534189221272056,1.0,0.2534189221272056,0.06160949738495525,0.0,-0.0288886273586755,-0.028887892799849,-0.0269146594536829,-0.0269146914510894,-0.0247905140941843,-0.0248122732127321,-0.029496158256125,-0.0285774102928249,-0.03286428975041,-0.0319104002120181,-0.0320114753761828,-0.03283452497264
2016-12,2016Q4,6.802524296424317,6.8,6.7,6.7,6.7,0.10252429642431693,1.0,0.10252429642431693,-0.1508946257028887,0.0,0.0092442073044125,0.0092450564276338,0.0099860030960039,0.009985915152282,0.0129543206074491,0.0129703204325664,0.0083422924247438,0.0087642943084824,0.0053570544860692,0.0057459992230761,0.0064164996210485,0.0068429527153219
2018-01,2018Q1,6.967974346711351,6.9,6.8,6.9,6.85,0.11797434671135143,1.0,0.11797434671135143,0.16545005028703397,0.10000000000000053,0.0028181349603786,0.0028182827165976,0.0046663649141196,0.0046670205186321,0.0053358148335209,0.0053392868024662,0.0063805113842438,0.0063862659270808,0.0039159148447061,0.0039161437874819,0.00610835685934,0.0061070129312459
2018-02,2018Q1,7.269744811457843,6.9,6.8,6.9,6.85,0.4197448114578437,1.0,0.4197448114578437,0.3017704647464923,0.0,0.0029938055593277,0.0029943755993986,0.0030019039239037,0.0030032687668613,0.0057223467497224,0.0057273844283844,0.006713616767247,0.0067210118725331,0.0040254795680754,0.0040257140262272,0.0042016538773741,0.0042022177043019
2018-03,2018Q1,7.275191060130854,6.9,6.8,6.9,6.85,0.42519106013085395,1.0,0.42519106013085395,0.0054462486730102455,0.0,0.0165009182793818,0.0165011129094363,0.0149230737240861,0.0149240422877903,0.0195009711736875,0.0195340561603429,0.0225826562507511,0.0226351403630564,0.0196414362198535,0.0196406098491881,0.0179195641706648,0.0179191820088813
2018-04,2018Q2,7.367642888438959,6.9,6.9,6.8,6.85,0.5176428884389592,1.0,0.5176428884389592,0.09245182830810528,0.0,-0.0068729437231653,-0.0068722526640755,-0.006270453455732,-0.0062698209503591,-0.0036549296867516,-0.0036602290338829,-0.0059482093226561,-0.0059593139251823,-0.0092350190999612,-0.0092345984871325,-0.0075286331176147,-0.0075287316028755
2018-05,2018Q2,6.990149974318663,6.9,6.9,6.8,6.85,0.14014997431866316,1.0,0.14014997431866316,-0.37749291412029606,0.0,-0.0003875901069686,-0.0003874435236491,-0.000981557398161,-0.0009822942634014,0.0028197653040573,0.002825688744815,0.0050212621693972,0.0050283786532143,0.001796190211589,0.0017972664063707,0.0005540374809045,0.0005537749900013
2018-06,2018Q2,7.01881044096572,6.9,6.9,6.8,6.85,0.1688104409657205,1.0,0.1688104409657205,0.028660466647057348,0.0,0.0095999554497716,0.0095991747624495,0.0086899367194832,0.0086903742460029,0.0126155781247909,0.012638239124241,0.0139332694740381,0.0139598648668388,0.0108488781538282,0.0108495096184628,0.0099480635428301,0.0099476425579962
2018-07,2018Q3,6.924196458261887,6.7,6.9,6.9,6.9,0.02419645826188699,1.0,0.02419645826188699,-0.09461398270383281,-0.20000000000000018,2.8592143287431423e-05,2.865757675629688e-05,0.0007573758182446,0.0007573221015875,0.0030813954409929,0.0030942517996395,0.0011958463651575,0.0011974668021874,-0.0019804564261205,-0.0019815300290561,-0.0014324511422333,-0.0014323721480207
2018-08,2018Q3,7.013489282223539,6.7,6.9,6.9,6.9,0.11348928222353827,1.0,0.11348928222353827,0.08929282396165128,0.0,3.065704171856254e-06,3.072718967267462e-06,-0.0004134677118882,-0.000414033497548,0.003278216852385,0.0032856908164939,0.00259022923709,0.0026019709750086,-0.0008310958909387,-0.000831143915988,-0.0011589971381138,-0.001159023401491
2018-09,2018Q3,7.120681702816979,6.7,6.9,6.9,6.9,0.22068170281697874,1.0,0.22068170281697874,0.10719242059344047,0.0,0.0051480682987965,0.0051485761241314,0.0069267893508402,0.0069266929660749,0.0082260811638608,0.0082329428307357,0.0104519676726098,0.0104688173809475,0.0072655198854183,0.007264975813958,0.008203542767333,0.0082035178254555
2018-10,2018Q4,7.241820182582654,6.5,6.7,6.9,6.800000000000001,0.4418201825826529,1.0,0.4418201825826529,0.12113847976567449,-0.20000000000000018,0.0075798493184542,0.0075798586792186,0.0073036193840609,0.0073031952522277,0.0104965709534436,0.0105095162196657,0.0156091204018788,0.0156261351034046,0.01265617891435,0.0126559605522531,0.0131473469062723,0.0131476010673829
2018-11,2018Q4,7.043055099049143,6.5,6.7,6.9,6.800000000000001,0.24305509904914224,1.0,0.24305509904914224,-0.19876508353351063,0.0,0.0021704061587042,0.0021703123529728,0.0032763217876317,0.0032753051382155,0.0052673714228861,0.0052723368962819,0.0077530755619352,0.0077582351840719,0.0045887354160321,0.0045880542203948,0.0058776046489685,0.0058777470928694
2018-12,2018Q4,6.8500937804632525,6.5,6.7,6.9,6.800000000000001,0.05009378046325175,1.0,0.05009378046325175,-0.1929613185858905,0.0,0.0096902247468013,0.0096891934278482,0.0110081318783699,0.011007687413945,0.0126369351321753,0.0126447741146424,0.0153854100598938,0.0153985197222383,0.0123839970788108,0.0123837785489011,0.0123342993508674,0.0123345609492004
2019-01,2019Q1,6.0093938871779695,6.4,6.5,6.7,6.6,-0.5906061128220301,-1.0,0.5906061128220301,-0.8406998932852829,-0.09999999999999964,-0.0002233193227044,-0.0002228310940307,0.0015652761736408,0.0015645988867312,0.0028747202674102,0.0028770572683471,0.002314290536161,0.0023157048267787,-0.0008732333067364,-0.0008742136727017,0.0012304879763747,0.0012315771890785
2019-02,2019Q1,6.0820818843226405,6.4,6.5,6.7,6.6,-0.5179181156773591,-1.0,0.5179181156773591,0.072687997144671,0.0,-0.0055182949326216,-0.0055179320297913,-0.0052156873005547,-0.0052155771905424,-0.0025332568766853,-0.0025352867426999,-0.0048346985863788,-0.0048406399351332,-0.0079185751962194,-0.0079190321079571,-0.0070987506335876,-0.0070984072225039
2019-03,2019Q1,5.922229307775696,6.4,6.5,6.7,6.6,-0.6777706922243034,-1.0,0.6777706922243034,-0.1598525765469443,0.0,-0.0061796366830936,-0.006179701870596,-0.0068458539762835,-0.0068460784144122,-0.0028755799701469,-0.0028703152734428,-0.0049407594266424,-0.0049437148079829,-0.0083357647935197,-0.0083353114529843,-0.0102876061346084,-0.0102877720391312
2019-04,2019Q2,6.16283896538667,6.1,6.4,6.5,6.45,-0.2871610346133302,-1.0,0.2871610346133302,0.24060965761097375,-0.3000000000000007,0.0044945952794634,0.0044947594868567,0.0057684082775562,0.0057682165672279,0.0070917201897211,0.0070949784573148,0.0090289946778892,0.0090376578930257,0.006437812962398,0.006437237643488,0.0077425569283844,0.007741663907343
2019-05,2019Q2,6.119885448029922,6.1,6.4,6.5,6.45,-0.33011455197007855,-1.0,0.33011455197007855,-0.04295351735674835,0.0,0.0010774129225226,0.0010768556620546,0.0005005996293199,0.0005005904048944,0.0042545286489719,0.0042596568960167,0.0065646027357639,0.0065698181626563,0.0034264462172164,0.0034266461500818,0.0026078993470297,0.0026077567002311
2019-06,2019Q2,6.0033720298818585,6.1,6.4,6.5,6.45,-0.4466279701181417,-1.0,0.4466279701181417,-0.11651341814806315,0.0,0.0031805294191444,0.0031807633228413,0.0022642119244258,0.0022651294886875,0.0061954503226504,0.0062026943471549,0.0082599722694693,0.0082681907464094,0.0052885647560894,0.0052888721791821,0.0056237902637754,0.0056231007010585
2019-07,2019Q3,6.296973802246106,6.0,6.1,6.4,6.25,0.046973802246106366,1.0,0.046973802246106366,0.2936017723642479,-0.09999999999999964,0.0035304051012303,0.0035304616371878,0.0036291016456395,0.0036295281613389,0.006426815201932,0.0064336102618403,0.0086759822152462,0.0086805388801696,0.0058661634619687,0.0058655701938405,0.0067334060140895,0.0067329952262138
2019-08,2019Q3,6.092891912500615,6.0,6.1,6.4,6.25,-0.15710808749938465,-1.0,0.15710808749938465,-0.20408188974549102,0.0,-0.0003269948179296,-0.0003267438328351,-0.001260655107503,-0.0012597903187242,0.0028356186946063,0.0028388710158011,0.0010227132941285,0.0010189966692142,-0.0020562568893413,-0.0020563769937956,-0.0047624079989364,-0.0047620890913234
2019-09,2019Q3,5.852536690735344,6.0,6.1,6.4,6.25,-0.3974633092646558,-1.0,0.3974633092646558,-0.24035522176527113,0.0,-0.0004866864333165,-0.0004868004118311,0.0002078592485617,0.0002067984069265,0.0024634635557816,0.002464845304509,0.001709666208026,0.0017098146020828,-0.0011394852535563,-0.0011395519248398,7.875619991071225e-05,7.862660914526032e-05
2019-10,2019Q4,5.974223420978734,5.9,6.0,6.1,6.05,-0.07577657902126589,-1.0,0.07577657902126589,0.12168673024338972,-0.09999999999999964,0.0001427940909208,0.000142119949237,0.0007106292413987,0.0007104824747656,0.0032026782994059,0.0032028543490638,0.0062107990279989,0.0062141098579759,0.003338464659927,0.003337726548422,0.0032933290381833,0.0032937746017032
2019-11,2019Q4,5.711077630476286,5.9,6.0,6.1,6.05,-0.338922369523714,-1.0,0.338922369523714,-0.26314579050244813,0.0,0.0013404785598289,0.0013405442609699,0.0023059664284528,0.0023061651845204,0.0043549713616495,0.0043583887431066,0.0052734865070098,0.0052798116105832,0.0024306824273065,0.0024298947540242,0.0029715474333258,0.0029716785588393
2019-12,2019Q4,5.781186451996099,5.9,6.0,6.1,6.05,-0.26881354800390067,-1.0,0.26881354800390067,0.07010882151981335,0.0,0.0036959222322174,0.0036953903973768,0.004640697257557,0.0046412437882457,0.0065387734627295,0.0065434507531718,0.006533894401109,0.0065454743276431,0.0038404693968661,0.0038406930440473,0.0053291482719608,0.0053281865878398
2020-01,2020Q1,6.0951409683192646,-6.8,5.9,6.0,5.95,0.14514096831926437,1.0,0.14514096831926437,0.3139545163231654,-12.7,0.0078119576406836,0.0078119408682097,0.0088576839758969,0.0088574190212871,0.0107367073258137,0.0107571403607558,0.0140950077189168,0.0141200859200056,0.0113714708077941,0.0113712097501701,0.0124485503612361,0.0124485507135041
2020-02,2020Q1,5.925992764243283,-6.8,5.9,6.0,5.95,-0.02400723575671737,-1.0,0.02400723575671737,-0.16914820407598175,0.0,0.0020059173577797,0.002005573778578,0.0016039475226736,0.0016035211506133,0.0048084824793466,0.0048264351668407,0.0074168672105763,0.0074458895135256,0.0048251431838479,0.0048254243414433,0.0043770275813725,0.0043773695643374
2020-03,2020Q1,1.95858341870604,-6.8,5.9,6.0,5.95,-3.99141658129396,-1.0,3.99141658129396,-3.967409345537243,0.0,0.0167777917475384,0.0167777834659776,0.0157161010448729,0.0157160974524419,0.0192669977327615,0.0193207093420149,0.0235499218455852,0.0236021810187201,0.0212458532855748,0.0212452732415189,0.0190749608703824,0.0190748800684963
2020-04,2020Q2,-6.890071268557498,3.2,-6.8,5.9,-0.44999999999999973,-6.440071268557498,-1.0,6.440071268557498,-8.848654687263538,10.0,-0.0022799751521352,-0.0022803504477426,-0.0010589308552196,-0.0010583883409062,0.0006262267895049,0.0006435811800549,-0.003382299329921,-0.0033667723275909,-0.006143059222181,-0.0061434138128239,-0.0056137192666634,-0.0056133090411456
2020-05,2020Q2,-3.4562638952637625,3.2,-6.8,5.9,-0.44999999999999973,-3.006263895263763,-1.0,3.006263895263763,3.4338073732937353,0.0,-0.0198488088098949,-0.0198485987225274,-0.0201792447798958,-0.0201795433586418,-0.0165056161177107,-0.0165145800685326,-0.0163146838425325,-0.016324226748331,-0.01940713048904,-0.0194073642315903,-0.0197640736129772,-0.0197634326730317
2020-06,2020Q2,-0.7176825577984962,3.2,-6.8,5.9,-0.44999999999999973,-0.2676825577984965,-1.0,0.2676825577984965,2.7385813374652663,0.0,-0.0074465936363852,-0.007445771797961,-0.0072178606740126,-0.0072188950945426,-0.0047974177638234,-0.004794419234935,-0.0056851931967324,-0.0056779669118333,-0.0081674314313728,-0.0081679086830365,-0.0073259735015835,-0.0073256597203098
2020-07,2020Q3,4.834423828845662,4.9,3.2,-6.8,-1.7999999999999998,6.634423828845661,1.0,6.634423828845661,5.552106386644158,1.7000000000000002,-0.0001365621816455,-0.0001368746228455,-0.0004958009885426,-0.0004957916410793,0.0028911913285285,0.0028977080326861,0.0038245997338812,0.0038282440251722,0.0009824004974552,0.0009815375274822,0.0017993519627141,0.0017990630875439
2020-08,2020Q3,5.581309066459834,4.9,3.2,-6.8,-1.7999999999999998,7.381309066459834,1.0,7.381309066459834,0.7468852376141726,0.0,-0.0050425401945949,-0.0050420773358622,-0.0057096968407845,-0.0057095820028765,-0.0020220599634512,-0.0020270874339224,-0.0039343049189088,-0.0039373023822686,-0.0068083978827723,-0.0068087925434521,-0.0080266235785658,-0.0080264146662469
2020-09,2020Q3,5.66427995068574,4.9,3.2,-6.8,-1.7999999999999998,7.46427995068574,1.0,7.46427995068574,0.08297088422590626,0.0,-0.0025392185462196,-0.0025389993107426,-0.0018870335777776,-0.0018875047187617,0.0003409323688543,0.0003373932186354,-0.0007241680198059,-0.00072632668967,-0.0034687869333721,-0.003468989198745,-0.0019659557736547,-0.0019653909092081
2020-10,2020Q4,9.131541728648289,6.5,4.9,3.2,4.050000000000001,5.081541728648288,1.0,5.081541728648288,3.4672617779625483,1.5999999999999996,-0.0019048786393379,-0.0019052088126984,-0.0008269143839533,-0.000826267847431,0.0011642071200808,0.0011649198448111,0.0033378142974829,0.003337588243637,0.0004586316992489,0.000458658525942,0.0005276316159592,0.0005273898589726
2020-11,2020Q4,8.66111043979681,6.5,4.9,3.2,4.050000000000001,4.611110439796809,1.0,4.611110439796809,-0.4704312888514792,0.0,0.0023980066632556,0.0023984470660916,0.0036469909143383,0.003647434160529,0.0051935977572126,0.0052014865212925,0.0064896421037055,0.0064999210997509,0.003860491365643,0.0038607171335451,0.0043789574860233,0.0043785073856672
2020-12,2020Q4,7.979874475711051,6.5,4.9,3.2,4.050000000000001,3.92987447571105,1.0,3.92987447571105,-0.6812359640857588,0.0,0.0036732956028904,0.003672640788757,0.0045066209667417,0.0045065999883699,0.0065263639797408,0.0065334237705478,0.0072881790794174,0.007297528879828,0.0045900718446028,0.0045903390364538,0.0046375057322487,0.0046371197155441
2021-01,2021Q1,5.571736738572828,18.9,6.5,4.9,5.7,-0.12826326142717193,-1.0,0.12826326142717193,-2.4081377371382224,12.399999999999999,-0.0044095820648325,-0.0044086468822204,-0.002708515605501,-0.0027083851423145,-0.0013215243274838,-0.0013249537516143,-0.0028974018313919,-0.0029044053067279,-0.0058621767756649,-0.0058625164035507,-0.0046643270512408,-0.0046643983283778
2021-02,2021Q1,6.970858023112768,18.9,6.5,4.9,5.7,1.2708580231127682,1.0,1.2708580231127682,1.3991212845399401,0.0,0.0008065941836823,0.0008064264435385,0.0005474136062091,0.0005484911507072,0.0033026682789805,0.0033062931463465,0.0026139421676008,0.0026141977421691,0.0001951640025084,0.0001951753757125,0.0006163884722638,0.0006170018672648
2021-03,2021Q1,12.54645380974586,18.9,6.5,4.9,5.7,6.846453809745859,1.0,6.846453809745859,5.575595786633091,0.0,0.0025744441769002,0.0025732946517906,0.0015430093555093,0.0015431679499231,0.0053231396811559,0.005334574807019,0.0066074016387436,0.0066139591309317,0.0039457833831486,0.0039460132137818,0.0039746995250864,0.0039741351958546
2021-04,2021Q2,11.34005877442308,8.1,18.9,6.5,12.7,-1.3599412255769199,-1.0,1.3599412255769199,-1.20639503532278,-10.799999999999999,0.0013865795902687,0.0013857401125638,0.0023661827716312,0.0023657181495873,0.0042501554735796,0.0042535304255775,0.0044429149699989,0.0044484556758925,0.0016481635537757,0.0016482591125905,0.0017305517440875,0.0017296649455138
2021-05,2021Q2,7.12917406512125,8.1,18.9,6.5,12.7,-5.57082593487875,-1.0,5.57082593487875,-4.21088470930183,0.0,-0.0018492944821725,-0.0018495221567349,-0.0018914100704563,-0.001892855372329,0.0010441912508936,0.0010455797383677,0.0011968112861746,0.0012003747900897,-0.0016491316348623,-0.00164922703961,-0.0013587951063184,-0.0013587279588848
2021-06,2021Q2,7.777282729397831,8.1,18.9,6.5,12.7,-4.922717270602169,-1.0,4.922717270602169,0.648108664276581,0.0,0.0076759846480305,0.0076765101195828,0.0072683205942047,0.0072684786397019,0.0103002139485559,0.0103086605848419,0.011562614655727,0.0115787578088808,0.008956480420279,0.0089570072841747,0.0094713745407026,0.0094713145368745
2021-07,2021Q3,8.35919865339825,5.5,8.1,18.9,13.5,-5.14080134660175,-1.0,5.14080134660175,0.5819159240004197,-2.5999999999999996,0.0017646288625434,0.0017656848689953,0.0028032085131837,0.0028026137419463,0.0046369658754525,0.0046449110698048,0.0071963699099568,0.0072096717453671,0.0043534098676683,0.0043536634762859,0.0047992186582022,0.0047993943981832
2021-08,2021Q3,7.278304263234621,5.5,8.1,18.9,13.5,-6.221695736765379,-1.0,6.221695736765379,-1.0808943901636292,0.0,-0.0016904069652292,-0.0016903041257118,-0.002041632201695,-0.0020409895761193,0.0010159526472959,0.0010172739893012,0.0011818312562215,0.0011835233420478,-0.0015633000584538,-0.0015633907362075,-0.0025302619662896,-0.0025304207127867
2021-09,2021Q3,5.41378349446499,5.5,8.1,18.9,13.5,-8.08621650553501,-1.0,8.08621650553501,-1.8645207687696308,0.0,-0.0056917979198507,-0.0056918998281297,-0.0046064533163966,-0.0046061372190212,-0.0030318370225848,-0.003033022131198,-0.0040304045322319,-0.0040308228698212,-0.0067549357582379,-0.0067553280789875,-0.0050053643744042,-0.0050050704962543
2021-10,2021Q4,5.863949222688838,4.5,5.5,8.1,6.8,-0.9360507773111619,-1.0,0.9360507773111619,0.4501657282238476,-1.0,0.0041579461142149,0.0041574639469923,0.0036906682528179,0.0036905577462154,0.0069556652856752,0.0069627195994512,0.0075564229595155,0.0075611097738272,0.004685339844656,0.004685613677499,0.0058317263946974,0.0058321860502736
2021-11,2021Q4,5.749751944733016,4.5,5.5,8.1,6.8,-1.0502480552669837,-1.0,1.0502480552669837,-0.1141972779558218,0.0,0.0022795779206596,0.0022798174951861,0.0028640844699705,0.002863718177178,0.0045960654777208,0.0046020453332824,0.0049462213355273,0.0049538235035522,0.0025496250070418,0.0025497732828103,0.0029971737141312,0.0029966541966555
2021-12,2021Q4,5.1904009385735534,4.5,5.5,8.1,6.8,-1.6095990614264464,-1.0,1.6095990614264464,-0.5593510061594626,0.0,0.0072833861502696,0.0072831685607075,0.0077796463877988,0.0077810552336148,0.0099695775298975,0.0099845768170874,0.0138972755172772,0.0139310322351571,0.0111706370789368,0.0111703786433818,0.0100222892139225,0.0100222549823278
2022-01,2022Q1,4.481735972986646,4.8,4.5,5.5,5.0,-0.5182640270133536,-1.0,0.5182640270133536,-0.7086649655869071,0.2999999999999998,-0.0011664021117189,-0.001166114659727,0.0004483964530781,0.0004491356132649,0.0015240673967535,0.0015282687173736,0.0001541031661427,0.000158935873602,-0.0026613451710921,-0.0026606040619689,-0.003275690886753,-0.0032756710581862
2022-02,2022Q1,4.547362945388111,4.8,4.5,5.5,5.0,-0.4526370546118894,-1.0,0.4526370546118894,0.0656269724014642,0.0,-0.0043336303914068,-0.0043336666416355,-0.0054207147607175,-0.005420861275232,-0.0019558225238415,-0.0019555827636634,-0.0005511012911455,-0.0005498205570245,-0.0030072034268258,-0.0030064792327897,-0.0021277978238394,-0.0021277160964255
2022-03,2022Q1,5.920606199774243,4.8,4.5,5.5,5.0,0.9206061997742427,1.0,0.9206061997742427,1.3732432543861322,0.0,0.0023067148280462,0.0023070294910636,0.0011459271616716,0.0011465139645578,0.0049468026321499,0.0049539290872493,0.0054366151662816,0.0054387343074751,0.0026883201205003,0.0026875724158983,0.0039046497231629,0.0039044528067051
2022-04,2022Q2,2.0069797534625,0.8,4.8,4.5,4.65,-2.6430202465375006,-1.0,2.6430202465375006,-3.913626446311743,-4.0,0.0024863006318069,0.0024860438708962,0.0024660868669776,0.002466115413845,0.0051321221946583,0.0051378507081896,0.0049243827850871,0.004931032128822,0.0021843190403412,0.0021844469897616,0.0013283692685834,0.0013274893950097
2022-05,2022Q2,2.9163916502982987,0.8,4.8,4.5,4.65,-1.7336083497017016,-1.0,1.7336083497017016,0.9094118968357989,0.0,-0.0007861301780284,-0.0007859513421973,-0.0010752621505065,-0.0010756033601494,0.0017881714783325,0.0017924672850293,0.0016170430456858,0.0016216406625451,-0.0010513128820451,-0.0010504749621811,-0.0010485887128205,-0.0010476016960381
2022-06,2022Q2,3.184533506279569,0.8,4.8,4.5,4.65,-1.4654664937204314,-1.0,1.4654664937204314,0.26814185598127027,0.0,0.0007663433079763,0.0007661166595729,0.00113284843517,0.0011325028312569,0.0034080934144113,0.0034092133447491,0.0046091066553151,0.0046148499263032,0.0018652666808971,0.0018653758854005,0.0024696977290448,0.0024695084533812
2022-07,2022Q3,6.575776962143659,4.0,0.8,4.8,2.8,3.7757769621436594,1.0,3.7757769621436594,3.3912434558640903,3.2,0.0061780944480012,0.0061773985124018,0.0061509080650061,0.006150976742036,0.0088068254439772,0.0088186786734261,0.012650417181738,0.0126671281983352,0.0099472046117796,0.0099477855821354,0.010084454852161,0.0100850770786262
2022-08,2022Q3,4.914822655610393,4.0,0.8,4.8,2.8,2.114822655610393,1.0,2.114822655610393,-1.6609543065332666,0.0,-0.0012286289168061,-0.0012284915695994,-0.0015978603637311,-0.0015983488146683,0.0013096581390359,0.0013093915903874,0.0002096521545362,0.0002084956851262,-0.0024216952578545,-0.0024218353098605,-0.002822861202161,-0.0028221766774272
2022-09,2022Q3,5.290797494691089,4.0,0.8,4.8,2.8,2.4907974946910896,1.0,2.4907974946910896,0.37597483908069673,0.0,-0.0002944571388189,-0.0002941471601517,0.0007916309272042,0.0007918454954607,0.002314116196022,0.0023103177145775,0.0015281608812216,0.0015228505658708,-0.0011704142803022,-0.0011704820995578,-0.0003478713201229,-0.0003470137131943
2022-10,2022Q4,4.726780428734635,3.0,4.0,0.8,2.4,2.326780428734635,1.0,2.326780428734635,-0.5640170659564543,-1.0,-0.0088503395215671,-0.0088499232901678,-0.0079116767258237,-0.0079120568253645,-0.0061440396810721,-0.0061471594568278,-0.0046846098830183,-0.0046816917453993,-0.0074428130030058,-0.0074414659732605,-0.0059909558201574,-0.005990181913706
2022-11,2022Q4,3.948178774224129,3.0,4.0,0.8,2.4,1.5481787742241293,1.0,1.5481787742241293,-0.7786016545105059,0.0,-0.0058157667277549,-0.0058151823893254,-0.0057316810239657,-0.0057319730471709,-0.0032340205134799,-0.0032396338293173,-0.0016885975316689,-0.0016912667860081,-0.0043311753851905,-0.004331428427617,-0.0031945460564767,-0.0031946351251451
2022-12,2022Q4,3.2559221427232607,3.0,4.0,0.8,2.4,0.8559221427232608,1.0,0.8559221427232608,-0.6922566315008685,0.0,0.0008584340648942,0.0008584016561163,0.0015428683609366,0.0015421899096716,0.0035329161060777,0.0035378654951472,0.0027075875688211,0.0027074158683209,-6.320193650732886e-05,-6.410852580196469e-05,0.0006594417874481,0.0006589682180291
2023-01,2023Q1,2.586310946859919,4.7,3.0,4.0,3.5,-0.913689053140081,-1.0,0.913689053140081,-0.6696111958633417,1.7000000000000002,0.0019491742127935,0.0019496462713388,0.0026488956547237,0.0026486571102712,0.0044299403103582,0.0044354884645751,0.0035292910131687,0.0035335659961148,0.0009707799742992,0.0009708369608014,0.0006123427643955,0.0006122614455656
2023-02,2023Q1,2.2218875617713767,4.7,3.0,4.0,3.5,-1.2781124382286233,-1.0,1.2781124382286233,-0.36442338508854233,0.0,0.0008138006277889,0.000814667196499,0.0004081737913299,0.0004078681969905,0.0030563289391982,0.0030593717095173,0.0027403809425234,0.0027421696233054,0.0004692314980665,0.0004701614431519,0.0006709726891995,0.000670614277717
2023-03,2023Q1,4.771538330191473,4.7,3.0,4.0,3.5,1.2715383301914729,1.0,1.2715383301914729,2.549650768420096,0.0,0.0008185823146531,0.0008184657000218,0.0007693496774239,0.0007703548893016,0.0034958301599061,0.0035006797942882,0.003952184138382,0.0039536465084499,0.0012639102245108,0.00126308159453,0.0024696025314654,0.0024695069575673
2023-04,2023Q2,8.62106305867474,6.5,4.7,3.0,3.85,4.77106305867474,1.0,4.77106305867474,3.8495247284832663,1.7999999999999998,0.0041349637905652,0.0041344855442049,0.0040957340098601,0.0040963232870365,0.0066366059575173,0.0066442362701157,0.0076737320711861,0.0076769487232082,0.005160709462501,0.0051610114934248,0.0053420242231618,0.0053415890156367
2023-05,2023Q2,8.424163304140109,6.5,4.7,3.0,3.85,4.574163304140109,1.0,4.574163304140109,-0.1968997545346305,0.0,0.0017220638318238,0.001721058035264,0.0006219938436746,0.0006215878065931,0.0041888644161889,0.0041943051860029,0.0055730227695476,0.0055814599303811,0.0031669881110352,0.0031671724412121,0.0026514627778546,0.0026515617945246
2023-06,2023Q2,7.577780828436475,6.5,4.7,3.0,3.85,3.7277808284364746,1.0,3.7277808284364746,-0.846382475703634,0.0,0.0024639423076922,0.0024636549184722,0.0030179123428024,0.0030182165229188,0.0049973086814247,0.0050053062582169,0.0049287841153156,0.0049365093764777,0.0024655541024873,0.0024648044493247,0.0013320818362285,0.0013322219201681
2023-07,2023Q3,3.714580318629704,5.0,6.5,4.7,5.6,-1.8854196813702955,-1.0,1.8854196813702955,-3.8632005098067705,-1.5,0.0015978679370993,0.0015975841218656,0.0014514184116254,0.0014513788098695,0.004139549571106,0.0041431569765857,0.0062111279475556,0.0062146628662211,0.0037860338801949,0.0037871468527856,0.0043709338972202,0.0043708080720523
2023-08,2023Q3,4.052159225027536,5.0,6.5,4.7,5.6,-1.5478407749724639,-1.0,1.5478407749724639,0.3375789063978316,0.0,-0.0056421265707581,-0.005642259144834,-0.0063317381007598,-0.0063317587689835,-0.0030098569006764,-0.0030115196454502,-0.004547144007586,-0.0045496803607711,-0.0070554286742334,-0.0070549550867023,-0.0062832718463969,-0.006283302520072
2023-09,2023Q3,4.8866820421135255,5.0,6.5,4.7,5.6,-0.7133179578864741,-1.0,0.7133179578864741,0.8345228170859897,0.0,-0.0034048865843326,-0.0034057554796084,-0.0027599717460931,-0.0027602128318399,-0.0008051977252528,-0.0008064656695173,-0.0013469348357951,-0.0013479391265115,-0.0038359621901576,-0.0038352921855363,-0.0027644347797863,-0.0027648244876967
2023-10,2023Q4,7.632661420383458,5.3,5.0,6.5,5.75,1.8826614203834584,1.0,1.8826614203834584,2.745979378269933,0.2999999999999998,0.002613475833763,0.0026135023014497,0.0036229860108052,0.0036227660276917,0.0050366185652113,0.0050416849644767,0.0050914670081487,0.00509359871585,0.0027491612234706,0.0027493214097467,0.0041180066536046,0.0041177925279975
2023-11,2023Q4,7.214273288852119,5.3,5.0,6.5,5.75,1.4642732888521186,1.0,1.4642732888521186,-0.4183881315313398,0.0,0.0003890747033306,0.0003899650318157,0.0011784608453293,0.0011782990822744,0.0029170271585576,0.0029210330466205,0.0039621944094465,0.0039629143908115,0.0015224305966532,0.0015234144509808,0.0016420707444622,0.001641831845645
2023-12,2023Q4,6.7225385460492335,5.3,5.0,6.5,5.75,0.9725385460492335,1.0,0.9725385460492335,-0.4917347428028851,0.0,0.0040123103406073,0.004011598515659,0.0046998103136441,0.0047000195686572,0.0065485190129841,0.0065575956776759,0.0086798259048459,0.0086882689404461,0.0062340768238868,0.0062344384454062,0.0064760748609002,0.0064760183922842
2024-01,2024Q1,4.777758933921067,5.3,5.3,5.0,5.15,-0.37224106607893326,-1.0,0.37224106607893326,-1.9447796121281664,0.0,0.0026752552647588,0.002675466679801,0.0030302099289412,0.003029737058644,0.0050559584616838,0.0050648231146357,0.0059844200409653,0.0059969686341316,0.0037090653137679,0.0037092823372024,0.0047574611120355,0.0047563920863631
2024-02,2024Q1,5.148031485219442,5.3,5.3,5.0,5.15,-0.0019685147805583725,-1.0,0.0019685147805583725,0.3702725512983749,0.0,0.0022014239205723,0.0022005689467414,0.0029074166238804,0.0029074182178896,0.0045028242455544,0.0045109185063505,0.0069705152307919,0.0069765506707863,0.0047972235241364,0.0047975030034046,0.0042775559016041,0.0042779109077852
2024-03,2024Q1,5.045844611208604,5.3,5.3,5.0,5.15,-0.10415538879139596,-1.0,0.10415538879139596,-0.10218687401083759,0.0,0.005615011945586,0.00561512625461,0.0054924926339368,0.0054922640838843,0.0080867654966327,0.0080951843691097,0.0103956721700531,0.010404386793746,0.0080223487244359,0.0080219353501063,0.0079156849009742,0.007915580001832
2024-04,2024Q2,5.15896615097089,4.7,5.3,5.3,5.3,-0.14103384902910943,-1.0,0.14103384902910943,0.113121539762286,-0.5999999999999996,-0.0012602853666974,-0.0012602468096958,-0.0013638862347202,-0.0013636082798086,0.0008695398824991,0.0008663947001481,-0.0011141275039182,-0.0011195334920737,-0.0031859698874457,-0.00318528480296,-0.00201964397757,-0.0020185637767375
2024-05,2024Q2,4.838086357171658,4.7,5.3,5.3,5.3,-0.4619136428283417,-1.0,0.4619136428283417,-0.32087979379923226,0.0,0.0030473215084678,0.0030464948736022,0.0023840064152076,0.0023839366048805,0.0055267545816906,0.0055344447118088,0.0075317640468184,0.0075406956510444,0.0051679157761612,0.0051682182093875,0.0042353536911983,0.0042357180276759
2024-06,2024Q2,4.807269995079173,4.7,5.3,5.3,5.3,-0.4927300049208272,-1.0,0.4927300049208272,-0.030816362092485505,0.0,0.0017518007581118,0.0017519209915697,0.0020349322828894,0.002034489019232,0.0041452495440224,0.004152939879735,0.0049651701552195,0.004972827590703,0.0026755039372472,0.0026756596630406,0.0019478038963955,0.0019476828536335
2024-07,2024Q3,4.4451683550659,4.6,4.7,5.3,5.0,-0.5548316449341,-1.0,0.5548316449341,-0.3621016400132726,-0.10000000000000053,0.0014385637565077,0.0014379789225622,0.0014478572920064,0.0014479086293448,0.0037019643183477,0.0037103355868202,0.0042943475857304,0.0043040958744602,0.0021226151933924,0.0021227400473853,0.0032643008399746,0.0032646393844955
2024-08,2024Q3,4.346410667791627,4.6,4.7,5.3,5.0,-0.653589332208373,-1.0,0.653589332208373,-0.09875768727427303,0.0,0.0034794630582202,0.0034796845834297,0.0040857331918002,0.004085839819514,0.0058548987897399,0.0058562873476362,0.0085345622742614,0.0085374245011342,0.0062604210896963,0.0062607885106675,0.0062010604689433,0.0062020497711337
2024-09,2024Q3,4.2943997171921655,4.6,4.7,5.3,5.0,-0.7056002828078345,-1.0,0.7056002828078345,-0.05201095059946148,0.0,-0.0036936129751868,-0.0036933826813243,-0.0036494878100069,-0.0036497922280186,-0.0014210874932256,-0.0014271934249343,-0.0026425375209432,-0.0026611192308508,-0.0048728604574365,-0.0048731446923381,-0.0042445389576651,-0.0042448660437408
2024-10,2024Q4,4.53987094422958,5.4,4.6,4.7,4.65,-0.11012905577041998,-1.0,0.11012905577041998,0.24547122703741486,0.8000000000000007,0.0012398902556995,0.0012398211170594,0.002065570888635,0.002065272290757,0.0035251944647169,0.0035239188104576,0.0034231389411447,0.0034200353406135,0.0011803789801148,0.0011795849033826,0.0009515975422667,0.0009517901705171
2024-11,2024Q4,4.944621701451991,5.4,4.6,4.7,4.65,0.29462170145199096,1.0,0.29462170145199096,0.40475075722241094,0.0,0.0109015731274049,0.010901362452647,0.0112145450292959,0.0112154952647411,0.0130396321162689,0.0130493639714708,0.0188461362519791,0.0188585582143627,0.0167689936364967,0.0167691144481512,0.0171564741360255,0.017156429936366
2024-12,2024Q4,4.689894526722498,5.4,4.6,4.7,4.65,0.039894526722497936,1.0,0.039894526722497936,-0.254727174729493,0.0,-0.0021572309657493,-0.0021564346692017,-0.0016597644238198,-0.0016589640293653,2.9218257620478028e-05,2.769494571208675e-05,0.0025210895332885,0.0025212214321279,0.000409121378029,0.0004091452414887,0.0005954757636765,0.0005948402826767
2025-01,2025Q1,4.980286412286775,5.4,5.4,4.6,5.0,-0.019713587713225067,-1.0,0.019713587713225067,0.29039188556427664,0.0,-0.0036176510787482,-0.003618263176197,-0.0027273384630435,-0.002726977784608,-0.0012760109157975,-0.0012766221827549,-0.0015118853308224,-0.0015126138860713,-0.0037984593117628,-0.003798680903195,-0.0023871780566607,-0.0023870077473329
2025-02,2025Q1,4.660091393895507,5.4,5.4,4.6,5.0,-0.33990860610449314,-1.0,0.33990860610449314,-0.32019501839126807,0.0,-0.0083158586044796,-0.0083156421839122,-0.0082976534519484,-0.0082977383436226,-0.0061525626575144,-0.0061587147995542,-0.0097343020257625,-0.0097438071103849,-0.0118907741152223,-0.0118906215749147,-0.0120860673796143,-0.0120862335533463
2025-03,2025Q1,5.0425402549554486,5.4,5.4,4.6,5.0,0.04254025495544855,1.0,0.04254025495544855,0.3824488610599417,0.0,0.0057837465018442,0.0057843763664693,0.0054754837494419,0.0054763396918955,0.00790303279132,0.0079079603824618,0.0116434507014042,0.0116526278864628,0.0095757260368549,0.0095745594448832,0.0093421032171789,0.0093421201315821
2025-04,2025Q2,5.457053660326285,5.2,5.4,5.4,5.4,0.057053660326285005,1.0,0.057053660326285005,0.4145134053708368,-0.20000000000000018,6.927479869434094e-05,6.94333276114456e-05,0.000824889059267,0.0008253021670838,0.0021472002703444,0.002148397246602,0.0025389546207736,0.0025415846196037,0.0004867372605881,0.0004867654267195,0.001009409857388,0.001008712099412
2025-05,2025Q2,5.126304030473294,5.2,5.4,5.4,5.4,-0.27369596952670605,-1.0,0.27369596952670605,-0.33074962985299106,0.0,0.0009850453948165,0.0009844066515423,0.0005883670931756,0.0005887830814983,0.0031705208515901,0.0031722202226474,0.0035813148350067,0.0035825282020542,0.0014090663256107,0.0014091478099953,0.0004332859001994,0.0004334424966287
2025-06,2025Q2,5.322682264977596,5.2,5.4,5.4,5.4,-0.07731773502240458,-1.0,0.07731773502240458,0.19637823450430147,0.0,-0.0005371198843894,-0.0005373858777303,-0.000630656575022,-0.0006303693964663,0.0014817559534205,0.0014824003794693,0.0010483228458935,0.0010476396753793,-0.0009831814835852,-0.0009832390850272,-0.0015528224990828,-0.0015533290224117
2025-07,2025Q3,4.779254866006481,4.8,5.2,5.4,5.300000000000001,-0.5207451339935201,-1.0,0.5207451339935201,-0.5434273989711151,-0.40000000000000036,-0.0045904426848655,-0.0045893801300372,-0.0042820837649489,-0.0042812930586735,-0.0024813944417548,-0.0024848536269592,-0.0047913035729683,-0.0047947716711937,-0.0069538107767483,-0.0069542129246135,-0.0059623821165533,-0.0059619752932756
2025-08,2025Q3,4.6282405235466655,4.8,5.2,5.4,5.300000000000001,-0.6717594764533352,-1.0,0.6717594764533352,-0.15101434245981515,0.0,-0.0008253193280315,-0.0008252703196178,-0.0003505702781706,-0.0003509782548706,0.0012891870614357,0.0012898362479039,0.0009862905611992,0.0009875316884366,-0.0011839348099107,-0.0011840037833289,-0.0016085774250039,-0.0016079221872126
2025-09,2025Q3,4.671335970707635,4.8,5.2,5.4,5.300000000000001,-0.6286640292923655,-1.0,0.6286640292923655,0.04309544716096969,0.0,-0.0006626257779807,-0.0006622028570708,-0.0008039393889889,-0.0008042636327864,0.001094698698804,0.001093774335594,0.0014081298492742,0.0014064880679915,-0.0003876810071471,-0.0003877036194533,0.000437321634138,0.0004382639728983
2025-10,2025Q4,4.651591281578889,4.5,4.8,5.2,5.0,-0.3484087184211111,-1.0,0.3484087184211111,-0.019744689128746273,-0.2999999999999998,0.0027410178655109,0.0027404970547419,0.0030682951725775,0.0030673203833848,0.0048030984494029,0.0048101044016206,0.0059527039296671,0.0059622173815068,0.0038756296288666,0.0038758558645177,0.0032308959771187,0.0032304297381531
2025-11,2025Q4,4.622567255993165,4.5,4.8,5.2,5.0,-0.3774327440068346,-1.0,0.3774327440068346,-0.02902402558572348,0.0,-0.001600775478205,-0.0016015343763788,-0.0012405745078238,-0.0012407652964577,0.0004280000187273,0.0004273024781589,-0.0006758935726475,-0.000678342045901,-0.002726444977365,-0.0027266034933698,-0.0021285165448012,-0.0021280388269361
2025-12,2025Q4,4.325643477986,4.5,4.8,5.2,5.0,-0.6743565220140004,-1.0,0.6743565220140004,-0.29692377800716585,0.0,0.0006218316083872,0.0006213154828715,0.0008030900500148,0.00080255230598,0.0025469898572716,0.0025494107051806,0.0026884960215798,0.0026882753483532,0.000742571285986,0.0007426145864597,0.0007692833167212,0.0007694055519427
