month,sample,information_date,release_calendar_mode,target_quarter_end,target_gdp_release_date,target_gdp_released_by_information_date,monthly_release_lag_days,gdp_release_lag_days,latest_released_monthly_period,latest_released_gdp_quarter_end,is_information_month_quarter_end,months_before_quarter_end,model_loading_gdp_std,model_loading_gdp_raw,actual_gdp_raw,actual_gdp_std,macro_S_target_nowcast,real_S_target_nowcast,nominal_S_target_nowcast,nowcast_gdp_std,nowcast_gdp_raw,nowcast_error_raw,abs_error_raw,squared_error_raw
2011-01,train_diagnostics,2011-01-19,monthly_19th_information_set,2011-03,2011-04-19,False,19,19,2011-01,2011-01,False,2,2.909760051154982,10.723509654211936,10.1,2.421578022199667,18.317254308192133,3.988891865457731,6.636684927934444,2.909760051154982,10.723509654211936,0.6235096542119365,0.6235096542119365,0.38876428889548864
2011-02,train_diagnostics,2011-02-19,monthly_19th_information_set,2011-03,2011-04-19,False,19,19,2011-02,2011-01,False,1,2.9812270669683403,10.814787848972,10.1,2.421578022199667,18.248580501353793,-3.423658585555586,6.655593876666107,2.9812270669683403,10.814787848972,0.7147878489719997,0.7147878489719997,0.5109216690380182
2011-03,train_diagnostics,2011-03-19,monthly_19th_information_set,2011-03,2011-04-19,False,19,19,2011-03,2011-01,True,0,2.2116997587100022,9.83194194842633,10.1,2.421578022199667,17.682404421757003,57.48190873782396,6.801469049369326,2.2116997587100022,9.83194194842633,-0.2680580515736697,0.2680580515736697,0.07185511901347216
2011-04,train_diagnostics,2011-04-19,monthly_19th_information_set,2011-06,2011-07-19,False,19,19,2011-04,2011-04,False,2,1.434599647952381,8.839424009199009,9.9,2.264986371803384,12.198536851711209,47.843423324703025,11.130996929166193,1.434599647952381,8.839424009199009,-1.0605759908009915,1.0605759908009915,1.1248214322635048
2011-05,train_diagnostics,2011-05-19,monthly_19th_information_set,2011-06,2011-07-19,False,19,19,2011-05,2011-04,False,1,1.4195817919013747,8.820243093724907,9.9,2.264986371803384,13.297307057385739,65.10582104166298,10.654022284572301,1.4195817919013747,8.820243093724907,-1.0797569062750938,1.0797569062750938,1.1658749766487617
2011-06,train_diagnostics,2011-06-19,monthly_19th_information_set,2011-06,2011-07-19,False,19,19,2011-06,2011-04,True,0,1.760284055038698,9.255390513494882,9.9,2.264986371803384,15.069261259513219,60.173476765412296,11.70620200100513,1.760284055038698,9.255390513494882,-0.644609486505118,0.644609486505118,0.41552139009239186
2011-07,train_diagnostics,2011-07-19,monthly_19th_information_set,2011-09,2011-10-19,False,19,19,2011-07,2011-07,False,2,1.5331923182985696,8.965347288118009,9.3,1.7952114206145344,10.53668573304533,14.920544876868632,13.902459247996262,1.5331923182985696,8.965347288118009,-0.33465271188199175,0.33465271188199175,0.11199243756997138
2011-08,train_diagnostics,2011-08-19,monthly_19th_information_set,2011-09,2011-10-19,False,19,19,2011-08,2011-07,False,1,1.4115522205726296,8.809987666556951,9.3,1.7952114206145344,8.732571328059613,-0.2852692798804952,15.888945361720376,1.4115522205726296,8.809987666556951,-0.4900123334430493,0.4900123334430493,0.24011208692630212
2011-09,train_diagnostics,2011-09-19,monthly_19th_information_set,2011-09,2011-10-19,False,19,19,2011-09,2011-07,True,0,1.4141182912352122,8.81326507075582,9.3,1.7952114206145344,8.91983640735489,2.196495908332311,16.151591197040318,1.4141182912352122,8.81326507075582,-0.4867349292441805,0.4867349292441805,0.2369108913463374
2011-10,train_diagnostics,2011-10-19,monthly_19th_information_set,2011-12,2012-01-19,False,19,19,2011-10,2011-10,False,2,1.4749272006502028,8.890930654152001,8.7,1.3254364694256833,9.332921230159231,2.7184985371326746,12.945322209787514,1.4749272006502028,8.890930654152001,0.19093065415200172,0.19093065415200172,0.036454514694911296
2011-11,train_diagnostics,2011-11-19,monthly_19th_information_set,2011-12,2012-01-19,False,19,19,2011-11,2011-10,False,1,1.4579937489781394,8.869303125954668,8.7,1.3254364694256833,8.219614253075113,-11.885124961709632,11.811522448493676,1.4579937489781394,8.869303125954668,0.16930312595466823,0.16930312595466823,0.028663548458022256
2011-12,train_diagnostics,2011-12-19,monthly_19th_information_set,2011-12,2012-01-19,False,19,19,2011-12,2011-10,True,0,1.3105620149080064,8.681002238012008,8.7,1.3254364694256833,5.061160700199569,-44.390000705670715,9.343653650985543,1.3105620149080064,8.681002238012008,-0.018997761987991524,0.018997761987991524,0.00036091496055237564
2012-01,train_diagnostics,2012-01-19,monthly_19th_information_set,2012-03,2012-04-19,False,19,19,2012-01,2012-01,False,2,1.1911181735180396,8.528447691089879,8.1,0.8556615182368337,5.691517941225716,-24.534005135878516,3.6854110059370306,1.1911181735180396,8.528447691089879,0.4284476910898789,0.4284476910898789,0.1835674240002483
2012-02,train_diagnostics,2012-02-19,monthly_19th_information_set,2012-03,2012-04-19,False,19,19,2012-02,2012-01,False,1,1.1563675695949869,8.484063965859178,8.1,0.8556615182368337,5.875176799950039,-18.75333148376737,7.012897862626976,1.1563675695949869,8.484063965859178,0.3840639658591787,0.3840639658591787,0.14750512987148037
2012-03,train_diagnostics,2012-03-19,monthly_19th_information_set,2012-03,2012-04-19,False,19,19,2012-03,2012-01,True,0,1.5215318643232212,8.950454471105301,8.1,0.8556615182368337,9.67458157297548,3.4816228655365897,3.9873750196156936,1.5215318643232212,8.950454471105301,0.8504544711053015,0.8504544711053015,0.723272807422998
2012-04,train_diagnostics,2012-04-19,monthly_19th_information_set,2012-06,2012-07-19,False,19,19,2012-04,2012-04,False,2,0.7451149445263512,7.958809108364687,7.7,0.5424782174442674,7.525260974673331,42.076832371310275,1.7442473972366663,0.7451149445263512,7.958809108364687,0.2588091083646864,0.2588091083646864,0.06698215457252399
2012-05,train_diagnostics,2012-05-19,monthly_19th_information_set,2012-06,2012-07-19,False,19,19,2012-05,2012-04,False,1,0.9539419260922118,8.225524454984237,7.7,0.5424782174442674,10.712457535942763,69.48454088736872,2.0683244728312085,0.9539419260922118,8.225524454984237,0.5255244549842368,0.5255244549842368,0.27617595278647916
2012-06,train_diagnostics,2012-06-19,monthly_19th_information_set,2012-06,2012-07-19,False,19,19,2012-06,2012-04,True,0,0.824952346051562,8.06077802091292,7.7,0.5424782174442674,6.921250990380436,26.159195805179557,1.697979308898538,0.824952346051562,8.06077802091292,0.3607780209129201,0.3607780209129201,0.1301607803738434
2012-07,train_diagnostics,2012-07-19,monthly_19th_information_set,2012-09,2012-10-19,False,19,19,2012-07,2012-07,False,2,0.5753860231855903,7.742030089928861,7.5,0.3858865670479839,2.5210304169437263,-15.158528833947152,-1.9430329939713462,0.5753860231855903,7.742030089928861,0.24203008992886144,0.24203008992886144,0.05857856443097276
2012-08,train_diagnostics,2012-08-19,monthly_19th_information_set,2012-09,2012-10-19,False,19,19,2012-08,2012-07,False,1,0.5538710426102542,7.714550999542,7.5,0.3858865670479839,1.8301497735091035,-23.232616273974134,-3.7207640484649698,0.5538710426102542,7.714550999542,0.2145509995420003,0.2145509995420003,0.04603213140447141
2012-09,train_diagnostics,2012-09-19,monthly_19th_information_set,2012-09,2012-10-19,False,19,19,2012-09,2012-07,True,0,0.44778948788039624,7.579062862771745,7.5,0.3858865670479839,-0.07151428297456452,-41.24846474751199,-2.847459870051215,0.44778948788039624,7.579062862771745,0.07906286277174512,0.07906286277174512,0.006250936269663801
2012-10,train_diagnostics,2012-10-19,monthly_19th_information_set,2012-12,2013-01-19,False,19,19,2012-10,2012-10,False,2,0.6329351020438453,7.8155321939205065,8.1,0.8556615182368337,1.30989014436231,-37.867828055532726,-2.65261697418537,0.6329351020438453,7.8155321939205065,-0.2844678060794932,0.2844678060794932,0.08092193269568014
2012-11,train_diagnostics,2012-11-19,monthly_19th_information_set,2012-12,2013-01-19,False,19,19,2012-11,2012-10,False,1,0.730258880273911,7.939834834557821,8.1,0.8556615182368337,2.797954977100067,-25.055764806596898,-3.855327242011876,0.730258880273911,7.939834834557821,-0.1601651654421783,0.1601651654421783,0.025652880221120344
2012-12,train_diagnostics,2012-12-19,monthly_19th_information_set,2012-12,2013-01-19,False,19,19,2012-12,2012-10,True,0,0.749768143665634,7.964752208303294,8.1,0.8556615182368337,3.193516794821997,-21.0787322584821,-3.3089690486329832,0.749768143665634,7.964752208303294,-0.1352477916967061,0.1352477916967061,0.0182919651588356
2013-01,train_diagnostics,2013-01-19,monthly_19th_information_set,2013-03,2013-04-19,False,19,19,2013-01,2013-01,False,2,0.7390690689538829,7.951087271910229,7.9,0.6990698678405508,3.9975885361241463,-8.472361649848906,-0.4980674972616147,0.7390690689538829,7.951087271910229,0.05108727191022844,0.05108727191022844,0.0026099093512296154
2013-02,train_diagnostics,2013-02-19,monthly_19th_information_set,2013-03,2013-04-19,False,19,19,2013-02,2013-01,False,1,1.1634108545423412,8.493059700854666,7.9,0.6990698678405508,6.179734554125795,-14.97485416374915,-2.670674804385322,1.1634108545423412,8.493059700854666,0.5930597008546652,0.5930597008546652,0.351719808777825
2013-03,train_diagnostics,2013-03-19,monthly_19th_information_set,2013-03,2013-04-19,False,19,19,2013-03,2013-01,True,0,0.7081466613446306,7.911592946981668,7.9,0.6990698678405508,2.389669645736653,-28.983322627038973,0.8457771101092519,0.7081466613446306,7.911592946981668,0.011592946981667573,0.011592946981667573,0.0001343964197197553
2013-04,train_diagnostics,2013-04-19,monthly_19th_information_set,2013-06,2013-07-19,False,19,19,2013-04,2013-04,False,2,0.0849025009658341,7.115580951704059,7.6,0.4641823922461253,-0.9606688815766752,-21.53807293725697,-0.5126171769636146,0.0849025009658341,7.115580951704059,-0.4844190482959405,0.4844190482959405,0.23466181435194475
2013-05,train_diagnostics,2013-05-19,monthly_19th_information_set,2013-06,2013-07-19,False,19,19,2013-05,2013-04,False,1,0.4366129384635967,7.564788092196794,7.6,0.4641823922461253,1.6185830697342711,-15.766693185484627,-0.8887520071038476,0.4366129384635967,7.564788092196794,-0.03521190780320538,0.03521190780320538,0.0012398784511414359
2013-06,train_diagnostics,2013-06-19,monthly_19th_information_set,2013-06,2013-07-19,False,19,19,2013-06,2013-04,True,0,0.4881692129425883,7.6306361426497,7.6,0.4641823922461253,2.8150117261423553,-3.068421430865058,-1.610138913200747,0.4881692129425883,7.6306361426497,0.030636142649700382,0.030636142649700382,0.0009385732364527908
2013-07,train_diagnostics,2013-07-19,monthly_19th_information_set,2013-09,2013-10-19,False,19,19,2013-07,2013-07,False,2,0.5251785001125391,7.677904674626076,7.9,0.6990698678405508,2.5513790921022,-10.210210401679753,-0.10788604760156628,0.5251785001125391,7.677904674626076,-0.22209532537392462,0.22209532537392462,0.04932633355294945
2013-08,train_diagnostics,2013-08-19,monthly_19th_information_set,2013-09,2013-10-19,False,19,19,2013-08,2013-07,False,1,0.5642766724544535,7.727841146006216,7.9,0.6990698678405508,2.3408867063963124,-16.76994388434433,0.5928242053093888,0.5642766724544535,7.727841146006216,-0.1721588539937846,0.1721588539937846,0.029638671008453247
2013-09,train_diagnostics,2013-09-19,monthly_19th_information_set,2013-09,2013-10-19,False,19,19,2013-09,2013-07,True,0,0.5374733315999026,7.693607723232115,7.9,0.6990698678405508,3.2751055339198047,-0.832415043477468,0.03420229208903358,0.5374733315999026,7.693607723232115,-0.20639227676788519,0.20639227676788519,0.04259777190943132
2013-10,train_diagnostics,2013-10-19,monthly_19th_information_set,2013-12,2014-01-19,False,19,19,2013-10,2013-10,False,2,0.3493156830220582,7.453291399722302,7.7,0.5424782174442674,3.0520003784407796,12.833364563203773,1.8811301497470176,0.3493156830220582,7.453291399722302,-0.2467086002776986,0.2467086002776986,0.06086513345098126
2013-11,train_diagnostics,2013-11-19,monthly_19th_information_set,2013-12,2014-01-19,False,19,19,2013-11,2013-10,False,1,0.5932881067184647,7.76489476181599,7.7,0.5424782174442674,5.651853650959177,28.578283013653504,2.448354267900827,0.5932881067184647,7.76489476181599,0.06489476181598963,0.06489476181598963,0.004211330111154026
2013-12,train_diagnostics,2013-12-19,monthly_19th_information_set,2013-12,2014-01-19,False,19,19,2013-12,2013-10,True,0,0.6571638554151198,7.846477334750122,7.7,0.5424782174442674,6.069187270134578,28.88641152855321,1.8986950601648347,0.6571638554151198,7.846477334750122,0.1464773347501218,0.1464773347501218,0.021455609595499244
2014-01,train_diagnostics,2014-01-19,monthly_19th_information_set,2014-03,2014-04-19,False,19,19,2014-01,2014-01,False,2,0.5880511750084944,7.758206114373143,7.6,0.4641823922461253,4.15867150134617,7.422456750792996,-0.5755661075421259,0.5880511750084944,7.758206114373143,0.1582061143731437,0.1582061143731437,0.025029174625048223
2014-02,train_diagnostics,2014-02-19,monthly_19th_information_set,2014-03,2014-04-19,False,19,19,2014-02,2014-01,False,1,0.7522417681364629,7.9679115395506095,7.6,0.4641823922461253,4.139073067492069,-7.606151074264265,-0.933409507139675,0.7522417681364629,7.9679115395506095,0.36791153955060985,0.36791153955060985,0.13535890093449995
2014-03,train_diagnostics,2014-03-19,monthly_19th_information_set,2014-03,2014-04-19,False,19,19,2014-03,2014-01,True,0,0.5919352125135968,7.763166835452809,7.6,0.4641823922461253,3.129441908000941,-7.832920526323917,-2.16241502162522,0.5919352125135968,7.763166835452809,0.16316683545280952,0.16316683545280952,0.026623416191684218
2014-04,train_diagnostics,2014-04-19,monthly_19th_information_set,2014-06,2014-07-19,False,19,19,2014-04,2014-04,False,2,0.21388542645614048,7.280318886535056,7.7,0.5424782174442674,-0.46493127708264936,-25.941201037087794,-1.0077658762134463,0.21388542645614048,7.280318886535056,-0.41968111346494386,0.41968111346494386,0.17613223699917507
2014-05,train_diagnostics,2014-05-19,monthly_19th_information_set,2014-06,2014-07-19,False,19,19,2014-05,2014-04,False,1,0.32348213414692095,7.42029660234995,7.7,0.5424782174442674,0.8586821861338564,-16.613068833511676,-2.992272488161655,0.32348213414692095,7.42029660234995,-0.27970339765005026,0.27970339765005026,0.07823399065698214
2014-06,train_diagnostics,2014-06-19,monthly_19th_information_set,2014-06,2014-07-19,False,19,19,2014-06,2014-04,True,0,0.37589482849397815,7.487238478515655,7.7,0.5424782174442674,2.285440045146807,-0.6557925540298974,-1.719158027794038,0.37589482849397815,7.487238478515655,-0.21276152148434502,0.21276152148434502,0.0452674650243334
2014-07,train_diagnostics,2014-07-19,monthly_19th_information_set,2014-09,2014-10-19,False,19,19,2014-07,2014-07,False,2,0.3602402759314555,7.467244369605115,7.3,0.22929491665170046,3.2796911946525227,15.150007554002308,-0.6327554251488477,0.3602402759314555,7.467244369605115,0.16724436960511557,0.16724436960511557,0.027970679164612506
2014-08,train_diagnostics,2014-08-19,monthly_19th_information_set,2014-09,2014-10-19,False,19,19,2014-08,2014-07,False,1,0.47858595684896826,7.618396337948277,7.3,0.22929491665170046,4.647458482411795,24.331948798425437,-1.5984441800557216,0.47858595684896826,7.618396337948277,0.31839633794827726,0.31839633794827726,0.10137622801887358
2014-09,train_diagnostics,2014-09-19,monthly_19th_information_set,2014-09,2014-10-19,False,19,19,2014-09,2014-07,True,0,0.33481130625371036,7.434766303739671,7.3,0.22929491665170046,3.3045870301088307,17.794170136417634,-2.304518518095861,0.33481130625371036,7.434766303739671,0.13476630373967158,0.13476630373967158,0.018161956623653417
2014-10,train_diagnostics,2014-10-19,monthly_19th_information_set,2014-12,2015-01-19,False,19,19,2014-10,2014-10,False,2,0.052930831335859976,7.074746501656353,7.4,0.30759074184984253,0.3443797362104986,0.2344030057472679,-3.8223844692627647,0.052930831335859976,7.074746501656353,-0.32525349834364725,0.32525349834364725,0.10578983818478095
2014-11,train_diagnostics,2014-11-19,monthly_19th_information_set,2014-12,2015-01-19,False,19,19,2014-11,2014-10,False,1,0.1633990667107944,7.215837338997137,7.4,0.30759074184984253,1.0855953335278636,1.0492610364780255,-4.329729109509677,0.1633990667107944,7.215837338997137,-0.18416266100286371,0.18416266100286371,0.0339158857076557
2014-12,train_diagnostics,2014-12-19,monthly_19th_information_set,2014-12,2015-01-19,False,19,19,2014-12,2014-10,True,0,0.12766925884347607,7.1702029673344105,7.4,0.30759074184984253,0.11745189565821756,-9.763960360900619,-4.727972082170755,0.12766925884347607,7.1702029673344105,-0.22979703266558982,0.22979703266558982,0.052806676221910154
2015-01,train_diagnostics,2015-01-19,monthly_19th_information_set,2015-03,2015-04-19,False,19,19,2015-01,2015-01,False,2,0.27783385070892047,7.361994281220465,7.1,0.072703266255417,0.9240522001514921,-11.566959951986185,-4.154733812512883,0.27783385070892047,7.361994281220465,0.2619942812204652,0.2619942812204652,0.0686410033922282
2015-02,train_diagnostics,2015-02-19,monthly_19th_information_set,2015-03,2015-04-19,False,19,19,2015-02,2015-01,False,1,0.594152864066645,7.765999236219308,7.1,0.072703266255417,1.8267900226972895,-26.898692782239237,-7.6784751992060425,0.594152864066645,7.765999236219308,0.6659992362193083,0.6659992362193083,0.44355498264470206
2015-03,train_diagnostics,2015-03-19,monthly_19th_information_set,2015-03,2015-04-19,False,19,19,2015-03,2015-01,True,0,0.2966297243204094,7.386000508326346,7.1,0.072703266255417,-0.23475908557773573,-30.03822328635819,-6.247602528850871,0.2966297243204094,7.386000508326346,0.28600050832634594,0.28600050832634594,0.08179629076292827
2015-04,train_diagnostics,2015-04-19,monthly_19th_information_set,2015-06,2015-07-19,False,19,19,2015-04,2015-04,False,2,-0.32946827568346443,6.586343568228428,7.1,0.072703266255417,-4.59527937928611,-36.967397030763294,-3.50141508348488,-0.32946827568346443,6.586343568228428,-0.5136564317715715,0.5136564317715715,0.26384292990030306
2015-05,train_diagnostics,2015-05-19,monthly_19th_information_set,2015-06,2015-07-19,False,19,19,2015-05,2015-04,False,1,-0.1894748006836996,6.765144257339867,7.1,0.072703266255417,-3.458446438012532,-33.07416398581037,-3.7150853622496407,-0.1894748006836996,6.765144257339867,-0.3348557426601326,0.3348557426601326,0.11212836839246897
2015-06,train_diagnostics,2015-06-19,monthly_19th_information_set,2015-06,2015-07-19,False,19,19,2015-06,2015-04,True,0,-0.21172900999890532,6.736721018605378,7.1,0.072703266255417,-3.270631629202007,-28.355508714206866,-4.779970832463387,-0.21172900999890532,6.736721018605378,-0.3632789813946218,0.3632789813946218,0.13197161832311397
2015-07,train_diagnostics,2015-07-19,monthly_19th_information_set,2015-09,2015-10-19,False,19,19,2015-07,2015-07,False,2,-0.03372153918404924,6.964073460915522,7.0,-0.005592558942724385,-1.4159054717657116,-17.47861478603329,-4.034510979475511,-0.03372153918404924,6.964073460915522,-0.03592653908447829,0.03592653908447829,0.0012907162105885463
2015-08,train_diagnostics,2015-08-19,monthly_19th_information_set,2015-09,2015-10-19,False,19,19,2015-08,2015-07,False,1,-0.02900159317153339,6.970101810448299,7.0,-0.005592558942724385,-2.591155501898428,-34.92390807850302,-3.3069902842953955,-0.02900159317153339,6.970101810448299,-0.02989818955170076,0.02989818955170076,0.0008939017384694285
2015-09,train_diagnostics,2015-09-19,monthly_19th_information_set,2015-09,2015-10-19,False,19,19,2015-09,2015-07,True,0,-0.14308118199579822,6.824398526096207,7.0,-0.005592558942724385,-3.949004635022912,-44.34530889839364,-2.4871400485732678,-0.14308118199579822,6.824398526096207,-0.175601473903793,0.175601473903793,0.03083587763718449
2015-10,train_diagnostics,2015-10-19,monthly_19th_information_set,2015-12,2016-01-19,False,19,19,2015-10,2015-10,False,2,-0.2930046130139779,6.632915224606286,6.9,-0.08388838414086577,-4.3914672141155355,-37.29007178032387,-2.3514727916292086,-0.2930046130139779,6.632915224606286,-0.2670847753937142,0.2670847753937142,0.07133427724711078
2015-11,train_diagnostics,2015-11-19,monthly_19th_information_set,2015-12,2016-01-19,False,19,19,2015-11,2015-10,False,1,-0.12763599399776127,6.844125233055295,6.9,-0.08388838414086577,-3.7642348918983655,-43.056263807540205,-4.673358216453311,-0.12763599399776127,6.844125233055295,-0.05587476694470528,0.05587476694470528,0.0031219895811251297
2015-12,train_diagnostics,2015-12-19,monthly_19th_information_set,2015-12,2016-01-19,False,19,19,2015-12,2015-10,True,0,-0.15466651500730888,6.809601654127374,6.9,-0.08388838414086577,-4.680206263979466,-53.89508407375418,-4.435284764524649,-0.15466651500730888,6.809601654127374,-0.09039834587262607,0.09039834587262607,0.008171860936506932
2016-01,train_diagnostics,2016-01-19,monthly_19th_information_set,2016-03,2016-04-19,False,19,19,2016-01,2016-01,False,2,-0.14131432641804992,6.826655166949378,6.8,-0.16218420933900785,-3.340574250158059,-35.69193342744438,-3.096901163735365,-0.14131432641804992,6.826655166949378,0.02665516694937775,0.02665516694937775,0.0007104979250992
2016-02,train_diagnostics,2016-02-19,monthly_19th_information_set,2016-03,2016-04-19,False,19,19,2016-02,2016-01,False,1,-0.47297593761334783,6.403054533893952,6.8,-0.16218420933900785,-5.784995472404408,-41.31096602372199,-2.242443611487875,-0.47297593761334783,6.403054533893952,-0.39694546610604764,0.39694546610604764,0.15756570306214743
2016-03,train_diagnostics,2016-03-19,monthly_19th_information_set,2016-03,2016-04-19,False,19,19,2016-03,2016-01,True,0,-0.03839802942750348,6.958100613408494,6.8,-0.16218420933900785,-4.79867717306972,-66.05215101640064,-1.0196986007187063,-0.03839802942750348,6.958100613408494,0.1581006134084939,0.1581006134084939,0.024995803960142043
2016-04,train_diagnostics,2016-04-19,monthly_19th_information_set,2016-06,2016-07-19,False,19,19,2016-04,2016-04,False,2,-0.4203404244503441,6.470280995879377,6.7,-0.24048003453714922,-5.304617390432432,-39.080345834941284,0.6520237991668526,-0.4203404244503441,6.470280995879377,-0.22971900412062318,0.22971900412062318,0.05277082085417089
2016-05,train_diagnostics,2016-05-19,monthly_19th_information_set,2016-06,2016-07-19,False,19,19,2016-05,2016-04,False,1,-0.21852689586060264,6.728038709115065,6.7,-0.24048003453714922,-3.693916152801149,-33.87557194630733,0.10632355068436902,-0.21852689586060264,6.728038709115065,0.028038709115064897,0.028038709115064897,0.0007861692088392233
2016-06,train_diagnostics,2016-06-19,monthly_19th_information_set,2016-06,2016-07-19,False,19,19,2016-06,2016-04,True,0,-0.2615018401199571,6.673150796316906,6.7,-0.24048003453714922,-3.860341021525909,-32.426677289762395,-0.983040952104539,-0.2615018401199571,6.673150796316906,-0.026849203683093847,0.026849203683093847,0.0007208797384162602
2016-07,train_diagnostics,2016-07-19,monthly_19th_information_set,2016-09,2016-10-19,False,19,19,2016-07,2016-07,False,2,-0.2033381663230202,6.7474378654546845,6.7,-0.24048003453714922,-2.978152303351057,-24.87298059771561,-2.213764948489411,-0.2033381663230202,6.7474378654546845,0.047437865454684314,0.047437865454684314,0.0022503510788967314
2016-08,train_diagnostics,2016-08-19,monthly_19th_information_set,2016-09,2016-10-19,False,19,19,2016-08,2016-07,False,1,-0.15524743630698906,6.808859697199006,6.7,-0.24048003453714922,-3.30429977913094,-33.91533060054465,-2.9130986610402725,-0.15524743630698906,6.808859697199006,0.1088596971990059,0.1088596971990059,0.011850433674259253
2016-09,train_diagnostics,2016-09-19,monthly_19th_information_set,2016-09,2016-10-19,False,19,19,2016-09,2016-07,True,0,-0.16426328086050684,6.797344594662311,6.7,-0.24048003453714922,-2.783672390734887,-25.56531147339833,-4.325860948834691,-0.16426328086050684,6.797344594662311,0.09734459466231105,0.09734459466231105,0.009475970109969636
2016-10,train_diagnostics,2016-10-19,monthly_19th_information_set,2016-12,2017-01-19,False,19,19,2016-10,2016-10,False,2,-0.2829118435850674,6.645805783462226,6.8,-0.16218420933900785,-2.7592555344439247,-14.556714681820878,-2.437644637409712,-0.2829118435850674,6.645805783462226,-0.15419421653777388,0.15419421653777388,0.0237758564136979
2016-11,train_diagnostics,2016-11-19,monthly_19th_information_set,2016-12,2017-01-19,False,19,19,2016-11,2016-10,False,1,-0.23899371301552175,6.701898340707013,6.8,-0.16218420933900785,-0.8518924997269223,9.124116951848144,-1.587216033209333,-0.23899371301552175,6.701898340707013,-0.09810165929298709,0.09810165929298709,0.00962393555603732
2016-12,train_diagnostics,2016-12-19,monthly_19th_information_set,2016-12,2017-01-19,False,19,19,2016-12,2016-10,True,0,-0.07323349277242963,6.913608505104164,6.8,-0.16218420933900785,1.0228843125920908,21.391245545582898,-1.5413697180084833,-0.07323349277242963,6.913608505104164,0.11360850510416398,0.11360850510416398,0.012906892432002853
2017-01,train_diagnostics,2017-01-19,monthly_19th_information_set,2017-03,2017-04-19,False,19,19,2017-01,2017-01,False,2,0.03563318315567479,7.052653819017898,7.0,-0.005592558942724385,1.3843496656970784,16.849913647942657,-1.465793823271835,0.03563318315567479,7.052653819017898,0.05265381901789823,0.05265381901789823,0.0027724246571695812
2017-02,train_diagnostics,2017-02-19,monthly_19th_information_set,2017-03,2017-04-19,False,19,19,2017-02,2017-01,False,1,-0.38565730977656953,6.514578523347799,7.0,-0.005592558942724385,-0.51340183653796,27.197346137300343,0.19705827034850837,-0.38565730977656953,6.514578523347799,-0.4854214766522009,0.4854214766522009,0.23563400999520326
2017-03,train_diagnostics,2017-03-19,monthly_19th_information_set,2017-03,2017-04-19,False,19,19,2017-03,2017-01,True,0,0.08483781605134993,7.1154983356586685,7.0,-0.005592558942724385,3.155365019217898,38.08124676375154,-5.156610629806842,0.08483781605134993,7.1154983356586685,0.11549833565866852,0.11549833565866852,0.013339865539922459
2017-04,train_diagnostics,2017-04-19,monthly_19th_information_set,2017-06,2017-07-19,False,19,19,2017-04,2017-04,False,2,0.05479540661610885,7.077127950827532,7.0,-0.005592558942724385,1.415064177440243,15.57393987045532,-7.9246246274099015,0.05479540661610885,7.077127950827532,0.07712795082753221,0.07712795082753221,0.005948720798854227
2017-05,train_diagnostics,2017-05-19,monthly_19th_information_set,2017-06,2017-07-19,False,19,19,2017-05,2017-04,False,1,0.20363347467125983,7.267225018811029,7.0,-0.005592558942724385,2.1672336501347296,13.101730849367186,-6.418573869152749,0.20363347467125983,7.267225018811029,0.267225018811029,0.267225018811029,0.07140921067855481
2017-06,train_diagnostics,2017-06-19,monthly_19th_information_set,2017-06,2017-07-19,False,19,19,2017-06,2017-04,True,0,0.07688519443210728,7.105341189221912,7.0,-0.005592558942724385,2.0791547390861007,23.208400856744838,-5.691459872450762,0.07688519443210728,7.105341189221912,0.10534118922191205,0.10534118922191205,0.01109676614668668
2017-07,train_diagnostics,2017-07-19,monthly_19th_information_set,2017-09,2017-10-19,False,19,19,2017-07,2017-07,False,2,0.050133295651712095,7.071173468640777,6.9,-0.08388838414086577,2.633885661113925,33.64509528029964,-3.8059017630303424,0.050133295651712095,7.071173468640777,0.17117346864077643,0.17117346864077643,0.02930035636651487
2017-08,train_diagnostics,2017-08-19,monthly_19th_information_set,2017-09,2017-10-19,False,19,19,2017-08,2017-07,False,1,0.15014403898857925,7.198907920744412,6.9,-0.08388838414086577,2.8221884709823817,27.391095221885223,-4.891139374806114,0.15014403898857925,7.198907920744412,0.2989079207444121,0.2989079207444121,0.08934594508374774
2017-09,train_diagnostics,2017-09-19,monthly_19th_information_set,2017-09,2017-10-19,False,19,19,2017-09,2017-07,True,0,0.0023424045952732953,7.010134593406375,6.9,-0.08388838414086577,2.480708728984232,35.71834803227553,-4.254367590620369,0.0023424045952732953,7.010134593406375,0.11013459340637421,0.11013459340637421,0.012129628664787367
2017-10,train_diagnostics,2017-10-19,monthly_19th_information_set,2017-12,2018-01-19,False,19,19,2017-10,2017-10,False,2,-0.04072685710891438,6.955126217678559,6.8,-0.16218420933900785,2.7507781970152014,43.497565310998965,-3.5000731314246485,-0.04072685710891438,6.955126217678559,0.15512621767855883,0.15512621767855883,0.02406414341125562
2017-11,train_diagnostics,2017-11-19,monthly_19th_information_set,2017-12,2018-01-19,False,19,19,2017-11,2017-10,False,1,0.016706205658375217,7.028480145071169,6.8,-0.16218420933900785,2.8010518344938906,39.06804626868575,-2.984850745254982,0.016706205658375217,7.028480145071169,0.22848014507116954,0.22848014507116954,0.05220317669174268
2017-12,train_diagnostics,2017-12-19,monthly_19th_information_set,2017-12,2018-01-19,False,19,19,2017-12,2017-10,True,0,-0.04627500675044838,6.948040080419652,6.8,-0.16218420933900785,2.6711139390372534,42.84200749768694,-3.635644045217525,-0.04627500675044838,6.948040080419652,0.14804008041965222,0.14804008041965222,0.021915865410657098
2018-01,train_diagnostics,2018-01-19,monthly_19th_information_set,2018-03,2018-04-19,False,19,19,2018-01,2018-01,False,2,-0.12617707732033392,6.845988572095066,6.9,-0.08388838414086577,1.2995731523228178,30.153073656236757,-2.887610753493065,-0.12617707732033392,6.845988572095066,-0.05401142790493463,0.05401142790493463,0.002917234344329951
2018-02,train_diagnostics,2018-02-19,monthly_19th_information_set,2018-03,2018-04-19,False,19,19,2018-02,2018-01,False,1,0.2999679847357392,7.390264158919313,6.9,-0.08388838414086577,3.9796216271394016,30.699883303221952,-4.727981832609901,0.2999679847357392,7.390264158919313,0.4902641589193131,0.4902641589193131,0.24035894552086146
2018-03,train_diagnostics,2018-03-19,monthly_19th_information_set,2018-03,2018-04-19,False,19,19,2018-03,2018-01,True,0,0.1662521332432826,7.219481296417942,6.9,-0.08388838414086577,1.3136246304790498,4.095651207186634,-0.8681434144252163,0.1662521332432826,7.219481296417942,0.31948129641794143,0.31948129641794143,0.10206829876088855
2018-04,train_diagnostics,2018-04-19,monthly_19th_information_set,2018-06,2018-07-19,False,19,19,2018-04,2018-04,False,2,-0.17252440769954977,6.786793423104777,6.9,-0.08388838414086577,-1.2380376051260893,-2.437638908007691,-0.18906868270360838,-0.17252440769954977,6.786793423104777,-0.11320657689522307,0.11320657689522307,0.012815729052334053
2018-05,train_diagnostics,2018-05-19,monthly_19th_information_set,2018-06,2018-07-19,False,19,19,2018-05,2018-04,False,1,-0.17675753107839803,6.781386846996618,6.9,-0.08388838414086577,0.6127642425200016,24.748116156273454,-2.9695447304752567,-0.17675753107839803,6.781386846996618,-0.11861315300338227,0.11861315300338227,0.014069080065403772
2018-06,train_diagnostics,2018-06-19,monthly_19th_information_set,2018-06,2018-07-19,False,19,19,2018-06,2018-04,True,0,-0.28143664908148897,6.647689912660488,6.9,-0.08388838414086577,1.6891120187259716,49.73758805533671,-3.394310944959321,-0.28143664908148897,6.647689912660488,-0.2523100873395121,0.2523100873395121,0.06366038017327222
2018-07,train_diagnostics,2018-07-19,monthly_19th_information_set,2018-09,2018-10-19,False,19,19,2018-07,2018-07,False,2,-0.04759031894710403,6.946360154071948,6.7,-0.24048003453714922,1.8606004449909688,31.221263844832833,-2.988553604057237,-0.04759031894710403,6.946360154071948,0.24636015407194822,0.24636015407194822,0.060693325514354066
2018-08,train_diagnostics,2018-08-19,monthly_19th_information_set,2018-09,2018-10-19,False,19,19,2018-08,2018-07,False,1,-0.1292103912957471,6.842114401323205,6.7,-0.24048003453714922,0.1322900447439918,13.519430922852607,-1.9001932753703807,-0.1292103912957471,6.842114401323205,0.1421144013232052,0.1421144013232052,0.020196503063453025
2018-09,train_diagnostics,2018-09-19,monthly_19th_information_set,2018-09,2018-10-19,False,19,19,2018-09,2018-07,True,0,-0.30186190733840024,6.621602623580615,6.7,-0.24048003453714922,-0.06441862535186849,26.1750245813701,-1.2387226510318836,-0.30186190733840024,6.621602623580615,-0.07839737641938527,0.07839737641938527,0.006146148629442785
2018-10,train_diagnostics,2018-10-19,monthly_19th_information_set,2018-12,2019-01-19,False,19,19,2018-10,2018-10,False,2,-0.3186441548934744,6.60016821438625,6.5,-0.3970716849334327,-1.4240012194335643,7.990953438484773,0.6994474300381001,-0.3186441548934744,6.60016821438625,0.10016821438625012,0.10016821438625012,0.010033671173329766
2018-11,train_diagnostics,2018-11-19,monthly_19th_information_set,2018-12,2019-01-19,False,19,19,2018-11,2018-10,False,1,-0.4043721533951444,6.490675788340902,6.5,-0.3970716849334327,-2.967849650898597,-6.670369469914471,0.756740618537796,-0.4043721533951444,6.490675788340902,-0.009324211659097692,0.009324211659097692,8.694092306365334e-05
2018-12,train_diagnostics,2018-12-19,monthly_19th_information_set,2018-12,2019-01-19,False,19,19,2018-12,2018-10,True,0,-0.618882786647222,6.216701240260951,6.5,-0.3970716849334327,-4.792085977674573,-13.827589197552403,-0.06795639985191415,-0.618882786647222,6.216701240260951,-0.28329875973904883,0.28329875973904883,0.08025818726968331
2019-01,train_diagnostics,2019-01-19,monthly_19th_information_set,2019-03,2019-04-19,False,19,19,2019-01,2019-01,False,2,-0.4415681619521531,6.443168774444724,6.4,-0.4753675101315741,-4.664949748688732,-27.90957704440457,-1.605394947663929,-0.4415681619521531,6.443168774444724,0.043168774444724,0.043168774444724,0.001863543087059456
2019-02,train_diagnostics,2019-02-19,monthly_19th_information_set,2019-03,2019-04-19,False,19,19,2019-02,2019-01,False,1,-0.3650400198220401,6.540911076714922,6.4,-0.4753675101315741,-4.74218912632089,-35.90068754210486,-2.8787877972975253,-0.3650400198220401,6.540911076714922,0.14091107671492153,0.14091107671492153,0.0198559315409585
2019-03,train_diagnostics,2019-03-19,monthly_19th_information_set,2019-03,2019-04-19,False,19,19,2019-03,2019-01,True,0,-0.3546792592430348,6.554143915825801,6.4,-0.4753675101315741,-5.449517645954204,-47.07552123580387,-3.569072828961744,-0.3546792592430348,6.554143915825801,0.15414391582580045,0.15414391582580045,0.023760346786111455
2019-04,train_diagnostics,2019-04-19,monthly_19th_information_set,2019-06,2019-07-19,False,19,19,2019-04,2019-04,False,2,-0.6070211283233495,6.2318510369376625,6.1,-0.7102549857259997,-4.95729358061392,-17.28553969419393,-0.49659119868845736,-0.6070211283233495,6.2318510369376625,0.13185103693766287,0.13185103693766287,0.017384695941536937
2019-05,train_diagnostics,2019-05-19,monthly_19th_information_set,2019-06,2019-07-19,False,19,19,2019-05,2019-04,False,1,-0.74614618135791,6.054159502705181,6.1,-0.7102549857259997,-5.302135926435372,-9.786168739575302,0.9548030058445296,-0.74614618135791,6.054159502705181,-0.04584049729481876,0.04584049729481876,0.002101351192236286
2019-06,train_diagnostics,2019-06-19,monthly_19th_information_set,2019-06,2019-07-19,False,19,19,2019-06,2019-04,True,0,-0.5941655169147448,6.248270317756367,6.1,-0.7102549857259997,-5.608624585044576,-27.873392228346226,1.4898549868307842,-0.5941655169147448,6.248270317756367,0.14827031775636712,0.14827031775636712,0.021984087127574076
2019-07,train_diagnostics,2019-07-19,monthly_19th_information_set,2019-09,2019-10-19,False,19,19,2019-07,2019-07,False,2,-0.31030556824918487,6.610818318172994,6.0,-0.788550810924141,-4.547726372291637,-37.999538286133514,2.1782747401341593,-0.31030556824918487,6.610818318172994,0.6108183181729938,0.6108183181729938,0.3730990178156847
2019-08,train_diagnostics,2019-08-19,monthly_19th_information_set,2019-09,2019-10-19,False,19,19,2019-08,2019-07,False,1,-0.7384514638919215,6.063987252073063,6.0,-0.788550810924141,-7.006645648296378,-35.1640001981952,2.4883328744295414,-0.7384514638919215,6.063987252073063,0.06398725207306288,0.06398725207306288,0.004094368427861691
2019-09,train_diagnostics,2019-09-19,monthly_19th_information_set,2019-09,2019-10-19,False,19,19,2019-09,2019-07,True,0,-0.8324282270831551,5.9439594434978185,6.0,-0.788550810924141,-7.79941349251049,-38.206480613208996,2.5962823504149033,-0.8324282270831551,5.9439594434978185,-0.05604055650218154,0.05604055650218154,0.0031405439730742015
2019-10,train_diagnostics,2019-10-19,monthly_19th_information_set,2019-12,2020-01-19,False,19,19,2019-10,2019-10,False,2,-0.7806039989518792,6.010149726313186,5.9,-0.8668466361222824,-6.399515326604524,-22.58537388484693,3.00768538214241,-0.7806039989518792,6.010149726313186,0.11014972631318543,0.11014972631318543,0.012132962206869654
2019-11,train_diagnostics,2019-11-19,monthly_19th_information_set,2019-12,2020-01-19,False,19,19,2019-11,2019-10,False,1,-0.7915808668611637,5.996129990418576,5.9,-0.8668466361222824,-7.320157540517244,-34.93350451193999,6.808975327416359,-0.7915808668611637,5.996129990418576,0.09612999041857595,0.09612999041857595,0.009240975057875503
2019-12,train_diagnostics,2019-12-19,monthly_19th_information_set,2019-12,2020-01-19,False,19,19,2019-12,2019-10,True,0,-0.7928216497035898,5.994545253506632,5.9,-0.8668466361222824,-6.658846225471719,-25.244147728311837,9.217285642944573,-0.7928216497035898,5.994545253506632,0.09454525350663179,0.09454525350663179,0.00893880496063327
2020-01,train_diagnostics,2020-01-19,monthly_19th_information_set,2020-03,2020-04-19,False,19,19,2020-01,2020-01,False,2,-0.6795893073742943,6.139166428445067,4.550000000000001,-1.9238402762971945,-4.500580155189766,-4.154030507159966,9.601556378468446,-0.6795893073742943,6.139166428445067,1.5891664284450666,1.5891664284450666,2.525449937296849
2020-02,train_diagnostics,2020-02-19,monthly_19th_information_set,2020-03,2020-04-19,False,19,19,2020-02,2020-01,False,1,-0.6374662760640196,6.192966271800284,4.550000000000001,-1.9238402762971945,-4.291776916644683,-4.912644936626698,8.490755384762966,-0.6374662760640196,6.192966271800284,1.642966271800283,1.642966271800283,2.6993381702733217
2020-03,train_diagnostics,2020-03-19,monthly_19th_information_set,2020-03,2020-04-19,False,19,19,2020-03,2020-01,True,0,-1.563004043336428,5.010862673134367,4.550000000000001,-1.9238402762971945,-8.862600153881925,12.002813442551801,8.275973826412628,-1.563004043336428,5.010862673134367,0.4608626731343666,0.4608626731343666,0.212394403488554
2020-04,train_diagnostics,2020-04-19,monthly_19th_information_set,2020-06,2020-07-19,False,19,19,2020-04,2020-04,False,2,-2.911609819633888,3.288413522257458,3.2,-2.9808339164721076,-16.898969718050953,16.718579824236265,6.127907564332798,-2.911609819633888,3.288413522257458,0.0884135222574578,0.0884135222574578,0.007816950917969986
2020-05,train_diagnostics,2020-05-19,monthly_19th_information_set,2020-06,2020-07-19,False,19,19,2020-05,2020-04,False,1,-2.7422109915415165,3.5047709431846625,3.2,-2.9808339164721076,-15.164457608306085,26.627464113039494,5.4574684024023705,-2.7422109915415165,3.5047709431846625,0.30477094318466236,0.30477094318466236,0.0928853278096687
2020-06,train_diagnostics,2020-06-19,monthly_19th_information_set,2020-06,2020-07-19,False,19,19,2020-06,2020-04,True,0,-2.802985191832466,3.4271496905353045,3.2,-2.9808339164721076,-14.898426315510456,35.93814685911616,3.2195048418919194,-2.802985191832466,3.4271496905353045,0.22714969053530432,0.22714969053530432,0.05159698191028452
2020-07,train_diagnostics,2020-07-19,monthly_19th_information_set,2020-09,2020-10-19,False,19,19,2020-07,2020-07,False,2,-1.9633115972707718,4.499586940461145,4.9,-1.649804888103699,-9.33871790508957,41.0557854893741,0.3415397118503168,-1.9633115972707718,4.499586940461145,-0.4004130595388551,0.4004130595388551,0.1603306182492667
2020-08,train_diagnostics,2020-08-19,monthly_19th_information_set,2020-09,2020-10-19,False,19,19,2020-08,2020-07,False,1,-2.1434598810276397,4.26950023621993,4.9,-1.649804888103699,-10.365586015572319,42.361209930873,1.871993794070653,-2.1434598810276397,4.26950023621993,-0.6304997637800707,0.6304997637800707,0.39752995212672493
2020-09,train_diagnostics,2020-09-19,monthly_19th_information_set,2020-09,2020-10-19,False,19,19,2020-09,2020-07,True,0,-2.185508987041858,4.21579481079296,4.9,-1.649804888103699,-10.216250496982985,48.30019558880948,1.3832142540508148,-2.185508987041858,4.21579481079296,-0.6842051892070407,0.6842051892070407,0.4681367409378423
2020-10,train_diagnostics,2020-10-19,monthly_19th_information_set,2020-12,2021-01-19,False,19,19,2020-10,2020-10,False,2,-1.371036897828336,5.256044513957022,6.5,-0.3970716849334327,-5.903756673417538,37.61728810473059,-2.8032551821177694,-1.371036897828336,5.256044513957022,-1.243955486042978,1.243955486042978,1.5474252512564217
2020-11,train_diagnostics,2020-11-19,monthly_19th_information_set,2020-12,2021-01-19,False,19,19,2020-11,2020-10,False,1,-1.2145676173134436,5.455888222250432,6.5,-0.3970716849334327,-4.260890021720831,47.35995745524923,-8.524915622902949,-1.2145676173134436,5.455888222250432,-1.0441117777495679,1.0441117777495679,1.090169404435363
2020-12,train_diagnostics,2020-12-19,monthly_19th_information_set,2020-12,2021-01-19,False,19,19,2020-12,2020-10,True,0,-1.1939009365995639,5.482283857856263,6.5,-0.3970716849334327,-2.80154009257654,66.64015035738959,-10.161751918422683,-1.1939009365995639,5.482283857856263,-1.0177161421437368,1.0177161421437368,1.0357461459799309
