month,GDP同比,制造业PMI一阶差分_去季节性,服务业PMI,工业增加值,用电量,社零,固投当月同比_去季节性,CPI,PPI,失业率差分_去季节性,逆回购7天(19日),银行间7天回购(20-19均值)
1980-01,,,,,,,,,,,,
1980-02,,,,,,,,,,,,
1980-03,,,,,,,,,,,,
1980-04,,,,,,,,,,,,
1980-05,,,,,,,,,,,,
1980-06,,,,,,,,,,,,
1980-07,,,,,,,,,,,,
1980-08,,,,,,,,,,,,
1980-09,,,,,,,,,,,,
1980-10,,,,,,,,,,,,
1980-11,,,,,,,,,,,,
1980-12,,,,,,,,,,,,
1981-01,,,,,,,,,,,,
1981-02,,,,,,,,,,,,
1981-03,,,,,,,,,,,,
1981-04,,,,,,,,,,,,
1981-05,,,,,,,,,,,,
1981-06,,,,,,,,,,,,
1981-07,,,,,,,,,,,,
1981-08,,,,,,,,,,,,
1981-09,,,,,,,,,,,,
1981-10,,,,,,,,,,,,
1981-11,,,,,,,,,,,,
1981-12,,,,,,,,,,,,
1982-01,,,,,,,,,,,,
1982-02,,,,,,,,,,,,
1982-03,,,,,,,,,,,,
1982-04,,,,,,,,,,,,
1982-05,,,,,,,,,,,,
1982-06,,,,,,,,,,,,
1982-07,,,,,,,,,,,,
1982-08,,,,,,,,,,,,
1982-09,,,,,,,,,,,,
1982-10,,,,,,,,,,,,
1982-11,,,,,,,,,,,,
1982-12,,,,,,,,,,,,
1983-01,,,,,,,,,,,,
1983-02,,,,,,,,,,,,
1983-03,,,,,,,,,,,,
1983-04,,,,,,,,,,,,
1983-05,,,,,,,,,,,,
1983-06,,,,,,,,,,,,
1983-07,,,,,,,,,,,,
1983-08,,,,,,,,,,,,
1983-09,,,,,,,,,,,,
1983-10,,,,,,,,,,,,
1983-11,,,,,,,,,,,,
1983-12,,,,,,,,,,,,
1984-01,,,,,,,,,,,,
1984-02,,,,,,,,,,,,
1984-03,,,,,,,,,,,,
1984-04,,,,,,,,,,,,
1984-05,,,,,,,,,,,,
1984-06,,,,,,,,,,,,
1984-07,,,,,,,,,,,,
1984-08,,,,,,,,,,,,
1984-09,,,,,,,,,,,,
1984-10,,,,,,,,,,,,
1984-11,,,,,,,,,,,,
1984-12,,,,,,,,,,,,
1985-01,,,,,,,,,,,,
1985-02,,,,,,,,,,,,
1985-03,,,,,,,,,,,,
1985-04,,,,,,,,,,,,
1985-05,,,,,,,,,,,,
1985-06,,,,,,,,,,,,
1985-07,,,,,,,,,,,,
1985-08,,,,,,,,,,,,
1985-09,,,,,,,,,,,,
1985-10,,,,,,,,,,,,
1985-11,,,,,,,,,,,,
1985-12,,,,,,,,,,,,
1986-01,,,,,,,,,,,,
1986-02,,,,,,,,,,,,
1986-03,,,,,,,,,,,,
1986-04,,,,,,,,,,,,
1986-05,,,,,,,,,,,,
1986-06,,,,,,,,,,,,
1986-07,,,,,,,,,,,,
1986-08,,,,,,,,,,,,
1986-09,,,,,,,,,,,,
1986-10,,,,,,,,,,,,
1986-11,,,,,,,,,,,,
1986-12,,,,,,,,,,,,
1987-01,,,,,,,,5.1,,,,
1987-02,,,,,,,,5.4,,,,
1987-03,,,,,,,,5.8,,,,
1987-04,,,,,,,,6.7,,,,
1987-05,,,,,,,,7.6,,,,
1987-06,,,,,,,,7.8,,,,
1987-07,,,,,,,,7.8,,,,
1987-08,,,,,,,,8.2,,,,
1987-09,,,,,,,,7.7,,,,
1987-10,,,,,,,,7.5,,,,
1987-11,,,,,,,,8.3,,,,
1987-12,,,,,,,,8.9,,,,
1988-01,,,,,,,,9.4,,,,
1988-02,,,,,,,,10.4,,,,
1988-03,,,,,,,,11.3,,,,
1988-04,,,,,,,,12.2,,,,
1988-05,,,,,,,,14.2,,,,
1988-06,,,,,,,,16.3,,,,
1988-07,,,,,,,,19.2,,,,
1988-08,,,,,,,,23.6,,,,
1988-09,,,,,,,,26.4,,,,
1988-10,,,,,,,,27.1,,,,
1988-11,,,,,,,,26.8,,,,
1988-12,,,,,,,,27.9,,,,
1989-01,,,,,,,,27.4,,,,
1989-02,,,,,,,,28.4,,,,
1989-03,,,,,,,,27.1,,,,
1989-04,,,,,,,,26.6,,,,
1989-05,,,,,,,,24.8,,,,
1989-06,,,,,,,,22.8,,,,
1989-07,,,,,,,,19.4,,,,
1989-08,,,,,,,,15.3,,,,
1989-09,,,,,,,,11.5,,,,
1989-10,,,,,,,,8.6,,,,
1989-11,,,,,,,,7.4,,,,
1989-12,,,,,,,,6.6,,,,
1990-01,,,,-21.1,,,,4.3,,,,
1990-02,,,,5.0,,,,4.4,,,,
1990-03,,,,0.8,,,,3.4,,,,
1990-04,,,,1.7,,,,3.2,,,,
1990-05,,,,3.3,,,,2.7,,,,
1990-06,,,,5.0,,,,1.1,,,,
1990-07,,,,2.5,,,,1.1,,,,
1990-08,,,,4.2,,,,2.5,,,,
1990-09,,,,6.7,,,,2.9,,,,
1990-10,,,,10.9,,,,3.1,,,,
1990-11,,,,12.6,,,,3.7,,,,
1990-12,,,,12.6,,,,4.3,,,,
1991-01,,,,23.5,,,,2.2,,,,
1991-02,,,,9.2,,,,1.0,,,,
1991-03,,,,10.9,,,,1.6,,,,
1991-04,,,,10.9,,,,1.3,,,,
1991-05,,,,10.9,,,,3.6,,,,
1991-06,,,,9.2,,,,4.4,,,,
1991-07,,,,10.9,,,,4.7,,,,
1991-08,,,,11.8,,,,4.9,,,,
1991-09,,,,12.6,,,,4.5,,,,
1991-10,,,,11.8,,,,4.8,,,,
1991-11,,,,7.6,,,,4.4,,,,
1991-12,,,,5.0,,,,4.5,,,,
1992-01,,,,10.9,,,,5.5,,,,
1992-02,,,,18.5,,0.0,,5.3,,,,
1992-03,13.6,,,16.8,,0.0,,5.3,,,,
1992-04,,,,15.1,,0.0,,7.1,,,,
1992-05,,,,14.3,,0.0,,4.7,,,,
1992-06,14.1,,,16.8,,0.0,,4.8,,,,
1992-07,,,,19.3,,0.0,,5.2,,,,
1992-08,,,,17.6,,0.0,,5.8,,,,
1992-09,14.6,,,17.6,,0.0,,7.5,,,,
1992-10,,,,18.5,,0.0,,7.9,,,,
1992-11,,,,21.8,,0.0,,8.2,,,,
1992-12,14.6,,,26.9,,0.0,,8.8,,,,
1993-01,,,,8.4,,,,10.3,,,,
1993-02,,,,27.7,,0.0,,10.5,,,,
1993-03,15.3,,,21.8,,0.0,94.90725492557013,12.2,,,,
1993-04,,,,21.0,,0.0,66.02837965334614,12.6,,,,
1993-05,,,,22.7,,0.0,90.14971989967748,14.0,,,,
1993-06,13.5,,,25.2,,0.0,84.33791021332439,15.1,,,,
1993-07,,,,21.0,,0.0,57.46838363135717,16.2,,,,
1993-08,,,,19.3,,0.0,31.743595736929876,16.0,,,,
1993-09,13.0,,,16.0,,0.0,38.66836123685816,15.7,,,,
1993-10,,,,13.4,,0.0,63.21726250425727,15.9,,,,
1993-11,,,,16.0,,0.0,58.83686377922832,16.7,,,,
1993-12,14.2,,,25.2,,0.0,950.7077658045465,18.8,,,,
1994-01,,,,27.7,,,,21.1,,,,
1994-02,,,,3.4,,0.0,-112.18260528692812,23.2,,,,
1994-03,14.2,,,16.0,,0.0,39.96554107145757,22.4,,,,
1994-04,,,,16.8,,0.0,54.56300569924362,21.7,,,,
1994-05,,,,17.6,,0.0,40.214925608493324,21.3,,,,
1994-06,13.4,,,15.1,,0.0,58.10019989716377,22.6,,,,
1994-07,,,,15.1,,0.0,63.012116707295434,24.0,,,,
1994-08,,,,29.4,,0.0,1.507092022213321,25.8,,,,
1994-09,13.1,,,21.8,,0.0,28.30099025872879,27.3,,,,
1994-10,,,,24.4,,0.0,30.140683435037325,27.7,,,,
1994-11,,,,23.5,,0.0,27.533377430006986,27.5,,,,
1994-12,12.1,,,18.5,,0.0,786.7834305603536,25.5,,,,
1995-01,,,,11.4,,34.3,,24.1,,,,
1995-02,,,,15.5,,28.3,36.91339862482725,22.4,,,,
1995-03,12.0,,,16.4,,31.3,35.46318716520614,21.3,,,,
1995-04,,,,15.4,,32.3,32.30899020672409,20.7,,,,
1995-05,,,,13.1,,30.6,11.792913638410795,20.3,,,,
1995-06,11.0,,,13.9,,28.0,-6.404912836187179,18.2,,,,
1995-07,,,,13.6,,29.7,28.277131930095205,16.7,,,,
1995-08,,,,11.8,,27.3,26.85461351133057,14.5,,,,
1995-09,10.5,,,11.4,,25.8,10.367150692847702,13.2,,,,
1995-10,,,,12.9,,25.9,38.55061339361829,12.1,,,,
1995-11,,,,12.1,,24.5,24.467252679908256,11.2,,,,
1995-12,10.8,,,14.9,,23.7,-15.73319405374216,10.1,,,,
1996-01,,,,16.9,,19.1,,9.0,,,,
1996-02,,,,12.2,,28.1,-15.128501334000777,9.3,,,,
1996-03,11.0,,,12.2,,21.3,-12.072962383959062,9.8,,,,
1996-04,,,,13.7,,18.6,5.745047316430595,9.7,,,,
1996-05,,,,13.1,,19.3,-4.979125390778179,8.9,,,,
1996-06,9.4,,,13.8,,19.5,-0.37586576982514686,8.6,,,,
1996-07,,,,12.2,,16.1,43.48725849905655,8.3,,,,
1996-08,,,,10.6,,16.7,-20.66740030152773,8.1,,,,
1996-09,9.3,,,13.7,,18.3,-17.748925604640874,7.4,,,,
1996-10,,,,13.3,,18.0,10.91405488235717,7.0,0.34,,,
1996-11,,,,13.4,,17.6,15.829817947915952,6.9,0.04,,,
1996-12,10.3,,,14.0,,20.1,-17.842405108032892,7.0,0.43,,,
1997-01,,,,10.3,,19.8,,5.9,0.12,,,
1997-02,,,,10.4,,12.4,1.7528059143937433,5.6,0.44,,,
1997-03,10.2,,,13.5,,14.3,-26.272518315231512,4.0,0.47,,,
1997-04,,,,11.9,,13.6,8.379709118077754,3.2,0.06,,,
1997-05,,,,11.9,,13.0,-20.83587096105208,2.8,0.07,,,
1997-06,10.1,,,12.1,,13.0,-22.74984959107258,2.8,-0.37,,,
1997-07,,,,8.4,,13.0,10.722315511821945,2.7,-0.65,,,
1997-08,,,,10.9,,11.8,-14.078279376201863,1.9,-0.89,,,
1997-09,8.7,,,11.1,,9.9,-22.123049609478905,1.8,-0.95,,,
1997-10,,,,11.8,,11.6,21.16621279730073,1.5,-0.92,,,
1997-11,,,,11.6,,10.8,6.4247474474694775,1.1,-0.61,,,
1997-12,8.6,,,9.2,,8.9,-15.044763994688921,0.4,-0.92,,,
1998-01,,,,1.8,,12.9,,0.3,-1.32,,,
1998-02,,,,9.5,,6.0,-11.106008054614605,-0.1,-2.65,,,
1998-03,7.3,,,9.0,,6.4,-25.849563908158682,0.7,-3.2,,,
1998-04,,,,7.2,,6.6,4.970159415269215,-0.3,-3.69,,,
1998-05,,,,8.0,,6.8,-17.5639541204267,-1.0,-4.47,,,
1998-06,7.0,,,7.9,,6.8,-29.51016059659841,-1.3,-4.88,,,
1998-07,,,,7.6,,8.1,57.974774195329296,-1.4,-4.96,,,
1998-08,,,,7.9,,9.3,-1.4296798720824633,-1.4,-5.54,,,
1998-09,7.9,,,10.2,,7.0,1.4696555737621324,-1.5,-4.19,,,
1998-10,,,,10.6,,7.6,23.920744212445694,-1.1,-5.38,,,
1998-11,,,,11.0,,7.4,32.06384934307879,-1.2,-5.68,,,
1998-12,9.2,,,11.5,,8.7,-33.00273798882148,-1.0,-5.38,,,
1999-01,,,,17.9,,5.9,,-1.2,-4.92,,,4.0535
1999-02,,,,2.1,,10.6,7.106832672407894,-1.3,-4.89,,,4.037967741935484
1999-03,9.0,,,9.0,,5.8,-12.151507685149372,-1.8,-4.62,,,4.052821428571428
1999-04,,,,9.1,,5.7,3.1207646876971946,-2.2,-3.86,,,4.049838709677418
1999-05,,,,8.9,,5.3,-16.50197347566742,-2.2,-3.42,,,4.020499999999999
1999-06,7.9,,,9.1,,5.4,-28.69231201061306,-2.1,-3.6,,,3.5587741935483876
1999-07,,,,9.3,,5.6,23.614694674104804,-1.4,-2.51,,,2.6722000000000006
1999-08,,,,9.5,,6.0,-25.810190003232382,-1.3,-2.3,,,2.6123548387096776
1999-09,7.7,,,8.2,,6.6,-35.54160677548605,-0.8,-2.1,,,2.5776129032258064
1999-10,,,,7.0,,8.2,-1.9911619172348973,-0.6,-0.74,,,2.568600000000001
1999-11,,,,7.6,,7.8,-1.3014960266287936,-0.9,-1.04,,2.57,2.5789999999999993
1999-12,6.8,,,7.4,,8.0,-15.74524185600783,-1.0,-0.83,,2.57,2.5700666666666674
2000-01,,,,8.9,,11.3,,-0.2,0.03,,2.57,2.5667419354838716
2000-02,,,,12.0,,10.5,-9.199568768728927,0.7,1.2,,2.53,2.514903225806451
2000-03,8.8,,,11.9,,9.3,-25.52782987402243,-0.2,1.87,,2.5,2.47803448275862
2000-04,,,,11.4,,9.1,-0.4352068116835657,-0.3,2.59,,2.48,2.4292903225806453
2000-05,,,,11.5,,11.5,-21.50797303989517,0.1,0.67,,2.48,2.3957333333333333
2000-06,9.2,,,12.2,,8.9,-15.917679150493928,0.5,2.95,,2.48,2.3779903225806445
2000-07,,,,12.8,,9.1,33.10378269244255,0.5,4.5,,2.48,2.361866666666667
2000-08,,,,12.8,,9.3,-15.140390423848281,0.3,3.92,,2.48,2.3395806451612904
2000-09,8.9,,,12.0,,9.6,-9.565424980866254,0.0,3.7,,2.48,2.312935483870968
2000-10,,,,11.4,,10.4,8.233304456782854,0.0,3.6,,2.4,2.298166666666667
2000-11,,,,10.6,,8.7,-1.6632855702236435,1.3,3.5,,2.4,2.302741935483871
2000-12,7.6,,,10.4,,8.8,-23.86131350011717,1.5,2.8,,2.4,2.350666666666667
2001-01,,,,2.3,,12.5,,1.2,1.43,,2.5,2.5238387096774195
2001-02,,,,19.0,,8.6,-3.7593657936181657,0.0,0.9,,2.5,2.479870967741936
2001-03,9.5,,,12.1,,9.5,-22.627571031259862,0.8,0.2,,2.5,2.507357142857143
2001-04,,,,11.5,,9.7,11.031694202680201,1.6,-0.1,,2.5,2.456745161290323
2001-05,,,,10.2,,11.1,-9.95355221249487,1.7,-0.2,,2.5,2.369906666666666
2001-06,8.6,,,10.1,,10.0,-16.56686867250749,1.4,-0.6,,2.5,2.3670290322580643
2001-07,,,,8.1,,9.8,36.920180918658524,1.5,-1.3,,2.5,2.3162999999999996
2001-08,,,,8.1,,9.6,-6.253666925585794,1.0,-2.0,,2.5,2.301012903225806
2001-09,8.0,,,9.5,,9.9,-17.576345864628152,-0.1,-2.9,,2.5,2.28161935483871
2001-10,,,,8.8,,10.5,9.408835897131373,0.2,-3.1,,2.5,2.2212533333333337
2001-11,,,,7.9,,10.1,1.7357624109446155,-0.3,-3.7,,2.5,2.1427548387096773
2001-12,7.5,,,8.7,,9.6,-9.660971854979781,-0.3,-4.0,,2.5,2.1395833333333334
2002-01,,,,18.6,,7.9,,-1.0,-4.2,,2.15,2.1383548387096774
2002-02,,,,2.7,,9.1,2.343910017608952,0.0,-4.2,,2.15,2.1354387096774197
2002-03,9.0,,,10.9,,8.3,-4.4431456599978745,-0.8,-4.0,,1.97,1.9660214285714288
2002-04,,,,12.1,,8.2,17.727526557621026,-1.3,-3.06,,1.97,1.9519709677419355
2002-05,,,,12.9,,9.3,-8.23704304521404,-1.1,-2.63,,1.97,1.9508300000000003
2002-06,8.9,,,12.4,,8.6,-14.91299032666555,-0.8,-2.5,,1.97,1.9511129032258065
2002-07,,,,12.8,,8.6,41.8153517296312,-0.9,-2.3,,1.97,1.9498066666666667
2002-08,,,,12.7,,8.8,-3.061023459947201,-0.7,-1.7,,1.97,1.950151612903226
2002-09,9.7,,,13.8,,9.1,-7.456101567219783,-0.7,-1.4,,1.97,2.049677419354839
2002-10,,,,14.2,,9.4,19.456923730853283,-0.8,-1.0,,1.97,2.2632366666666663
2002-11,,,,14.5,,9.1,10.901934398097914,-0.7,-0.4,,1.97,2.2333612903225806
2002-12,9.2,,,14.9,,9.2,-17.35245258499236,-0.4,0.4,,1.97,2.2537100000000003
2003-01,,,,14.8,,10.0,,0.4,2.4,,2.3,2.3061225806451615
2003-02,,,,19.8,,8.5,15.355694263026532,0.2,4.0,,2.3,2.2762161290322585
2003-03,11.2,,,16.9,,9.3,2.7294942178999975,0.9,4.6,,2.3,2.1226107142857145
2003-04,,,,14.9,,7.7,18.67921896461204,1.0,3.6,,2.3,1.9732677419354843
2003-05,,,,13.7,,4.3,6.350781109863718,0.7,2.0,,2.3,1.9816466666666668
2003-06,9.2,,,16.9,,8.3,2.2527502287396786,0.3,1.3,,2.3,2.106977419354839
2003-07,,,,16.5,,9.8,55.410200535715916,0.5,1.4,,2.3,2.2300333333333335
2003-08,,,,17.1,,9.9,4.087553748442332,0.9,1.4,,2.3,2.117774193548387
2003-09,10.1,,,16.3,,9.5,-4.687579552351064,1.1,1.4,,2.9337,2.6812258064516126
2003-10,,,,17.2,,10.2,24.76155012633469,1.8,1.2,,2.6,3.111800000000001
2003-11,,,,17.9,,9.7,20.071536194389726,3.0,1.9,,3.7561,2.9776774193548383
2003-12,10.1,,,18.1,,10.9,-2.139804522618771,3.2,3.0,,3.7561,2.1673
2004-01,,,,7.2,,11.8,,3.2,3.5,,3.7561,2.2533870967741936
2004-02,,,,23.2,,9.2,47.56949626675163,2.1,3.5,,3.7561,2.5634838709677426
2004-03,10.6,,,19.4,,11.1,14.095890821117827,3.0,4.0,,3.7561,1.9849655172413794
2004-04,,,,19.1,,13.2,32.41057395149385,3.8,5.0,,3.7561,1.907696774193548
2004-05,,,,17.5,,17.8,1.4598448645528492,4.4,5.7,,3.7561,2.2867133333333336
2004-06,11.6,,,16.2,,13.9,7.5787040812240605,5.0,6.4,,3.7561,2.304367741935484
2004-07,,,,15.5,,13.2,61.81859991245234,5.3,6.4,,3.7561,2.3558700000000004
2004-08,,,,15.9,,13.1,12.721158062582788,5.3,6.8,,3.7561,2.336158064516129
2004-09,9.8,,,16.1,,14.0,8.67998534830668,5.2,7.9,,3.7561,2.162512903225806
2004-10,,,,15.7,,14.2,36.23818459481951,4.3,8.4,,3.7561,2.1762566666666667
2004-11,,,,14.8,,13.9,30.042374816961498,2.8,8.1,,3.7561,2.1025870967741933
2004-12,8.8,,,14.4,,14.5,-3.3037108079635225,2.4,7.1,,3.7561,1.8898
2005-01,,,,20.9,,11.5,,1.9,5.8,,3.7561,1.846035483870968
2005-02,,0.07399775298893874,,7.6,,15.8,6.260993140712106,3.9,5.38,,3.7561,1.9896225806451613
2005-03,11.2,3.19366193959809,,15.1,,13.9,-6.594321057422821,2.7,5.6,,3.7561,1.8469464285714283
2005-04,,-0.3083587712703647,,16.0,,12.2,14.292626724550432,1.8,5.78,,3.7561,1.4059064516129032
2005-05,,-3.4181320755493645,,16.6,,12.8,-1.3190402779589405,1.8,5.9,,3.7561,1.1971500000000002
2005-06,11.1,-0.9537265440768437,,16.8,,12.9,-6.223580237301288,1.6,5.2,,3.7561,1.1085709677419353
2005-07,,-0.1905554009952971,,16.1,,12.7,45.113770897388555,1.8,5.2,,3.7561,1.13699
2005-08,,1.6431698870605675,,16.0,,12.5,0.8110642623492375,1.3,5.3,,3.7561,1.2405225806451616
2005-09,10.9,2.4927322765127213,,16.5,,12.7,-2.259952407267285,0.9,4.5,,3.7561,1.2155258064516132
2005-10,,-0.42607356591334156,,16.1,,12.8,23.97513332984813,1.2,4.0,,3.7561,1.1436166666666665
2005-11,,0.0003083019136979545,,16.6,,12.4,22.907864834659843,1.3,3.2,,3.7561,1.116583870967742
2005-12,12.4,0.7258959666960049,,16.5,,12.5,6.8910847022746005,1.6,3.2,,3.7561,1.4822966666666664
2006-01,,-2.199999999999996,,12.6,,15.5,,1.9,3.05,,3.7561,1.493067741935484
2006-02,,0.2739977529889415,,20.1,,9.4,3.2231803889433728,0.9,3.01,,3.7561,1.7082580645161294
2006-03,12.4,2.9936619395980877,,17.8,,13.5,-3.1205650444292417,0.8,2.49,,3.7561,1.3861428571428571
2006-04,,3.691641228729635,,16.6,,13.554756,17.501017213666373,1.2,1.87,,3.7561,1.5805645161290323
2006-05,,-2.918132075549365,,17.9,,14.2,-0.43432588288401064,1.4,2.43,,3.7561,1.7795066666666666
2006-06,13.6,-0.4537265440768438,,19.5,,13.9,-2.497366742525692,1.5,3.52,,3.7561,1.7819806451612903
2006-07,,-1.2905554009952986,,16.7,,13.7,44.563095105725786,1.0,3.58,,3.7561,2.07187
2006-08,,0.8431698870605704,,15.7,,13.8,-7.566668873245831,1.3,3.4,,3.7561,2.593903225806452
2006-09,12.2,3.8927322765127204,,16.1,,13.9,-9.840896606396264,1.5,3.5,,3.7561,2.1855322580645162
2006-10,,-1.7260735659133388,,14.7,,14.348977,12.595296719403954,1.4,2.9,,3.7561,2.2781766666666665
2006-11,,0.6003083019136922,,14.9,,14.1,16.061930571906494,1.9,2.78,,3.7561,2.8131612903225807
2006-12,12.5,0.02589596669600913,,14.7,,14.6,-0.12777119231650147,2.8,3.1,,3.7561,2.6644300000000007
2007-01,,0.3000000000000042,,24.71,,12.748329,,2.2,3.3,,3.7561,1.679232258064516
2007-02,,-1.7260022470110585,,12.6,,16.857995,1.2629567143849734,2.7,2.6,,3.7561,2.4272645161290316
2007-03,13.6,2.7936619395980915,,17.6,,15.338037,-7.428653984305864,3.3,2.7,,3.7561,1.67045
2007-04,,3.3916412287296307,,17.4,,15.5,15.095381388677792,3.0,2.9,,3.7561,2.232435483870968
2007-05,,-2.5181320755493593,,18.1,,15.9,-3.9863087273988818,3.4,2.8,,3.7561,2.8124233333333337
2007-06,14.9,-0.953726544076851,,19.4,,15.9827,-6.5071143751984195,4.4,2.49,,3.7561,2.7836870967741936
2007-07,,-0.7905554009952985,,18.0,,16.4,44.977872822100096,5.6,2.4,,3.7561,2.691326666666667
2007-08,,0.8431698870605704,,17.5,,17.1,-0.3237298340949337,6.5,2.6,,3.7561,2.1419290322580644
2007-09,14.2,2.0927322765127228,,18.9,,17.010498,-7.401182145146553,6.2,2.7,,3.7561,3.287529032258065
2007-10,,-2.3260735659133402,,17.9,,18.1,27.150390668415262,6.5,3.2,,3.7561,3.205653333333333
2007-11,,2.200308301913694,,17.3,,18.8,18.383047588376478,6.9,4.55,,3.7561,3.8934580645161287
2007-12,13.9,0.4258959666960077,,17.4,,20.2,-1.0510459610864018,6.5,5.43,,3.7561,3.2340599999999995
2008-01,,-2.299999999999997,,15.4,,21.2,,7.1,6.1,,3.7561,2.474238709677419
2008-02,,0.67399775298894,,15.4,,19.1,2.0970340002329237,8.7,6.62,,3.7561,2.980932258064516
2008-03,11.6,4.793661939598091,,17.8,,21.5,-6.952630632282805,8.3,7.95,,3.7561,2.8818137931034475
2008-04,,1.691641228729635,,15.7,,22.0,14.615790831680036,8.5,8.12,,3.7561,2.8368129032258063
2008-05,,-5.518132075549366,,16.0,,21.6,-5.609193298230238,7.7,8.22,,3.7561,3.0750733333333335
2008-06,11.0,-1.0537265440768453,,16.0,,23.0,-5.464578486122598,7.1,8.84,,3.7561,3.427193548387096
2008-07,,-3.190555400995297,,14.7,,23.3,47.817897298973776,6.3,10.03,,3.7561,3.0590299999999995
2008-08,,0.1431698870605675,,12.8,,23.2,0.432218106723969,4.9,10.06,,3.7561,3.261051612903226
2008-09,9.5,2.7927322765127256,,11.4,,23.2,-3.158614573983627,4.6,9.13,,3.7561,3.050958064516129
2008-10,,-6.026073565913343,,8.2,,22.0,20.824413294225263,4.0,6.59,,3.7561,3.31933
2008-11,,-5.799691698086306,,5.4,,20.8,16.115027974051035,2.4,1.99,,3.7561,2.8392161290322577
2008-12,7.1,2.925895966696015,,5.7,,19.0,2.5136419847427582,1.2,-1.14,,3.7561,1.9375666666666667
2009-01,,4.099999999999994,,-2.93,,18.5,,1.0,-3.35,,3.7561,1.0609709677419354
2009-02,,3.9739977529889443,,11.0,,11.6,4.35250411483646,-1.6,-4.47,,3.7561,0.9331612903225807
2009-03,6.4,3.19366193959809,,8.3,,14.7,-3.948863458727544,-1.2,-6.0,,3.7561,0.9584000000000001
2009-04,,1.9916412287296321,,7.3,,14.8,23.203225555623533,-1.5,-6.6,,3.7561,0.9508387096774192
2009-05,,-0.01813207554935925,,8.9,,15.2,7.624327778521518,-1.4,-7.2,,3.7561,0.9505833333333332
2009-06,8.2,0.3462734559231533,,10.7,,15.0,0.29643465495195187,-1.7,-7.8,,3.7561,0.9534096774193548
2009-07,,0.5094445990046986,,10.8,6.0,15.2,48.533318334783836,-1.8,-8.2,,3.7561,1.2501933333333333
2009-08,,0.8431698870605704,,12.3,8.22,15.4,5.985292394383777,-1.2,-7.86,,3.7561,1.657635483870968
2009-09,10.6,0.2927322765127184,,13.9,10.24,15.522151,2.870421767560188,-0.8,-6.99,,3.7561,1.478058064516129
2009-10,,1.473926434086664,,16.1,15.87,16.214903,28.07633000527429,-0.5,-5.85,,3.7561,1.671453333333333
2009-11,,0.0003083019136979545,,19.2,27.63,15.812804,16.567340090930188,0.6,-2.08,,3.7561,1.4326838709677425
2009-12,11.9,1.9258959666960078,,18.5,,17.5374,4.33170808596353,1.9,1.7,,3.7561,1.4615033333333336
2010-01,,-0.8000000000000043,,29.2,,14.0,,1.5,4.32,,3.7561,1.4445096774193549
2010-02,,-3.5260022470110557,,12.8,10.54,22.1,4.470956375172623,2.7,5.39,,3.7561,1.9535419354838717
2010-03,12.2,2.893661939598093,,18.1,21.036924,18.0,-7.9751966971509525,2.4,5.91,,3.7561,1.6712321428571428
2010-04,,1.4916412287296321,,17.8,23.08,18.5,14.615311284884784,2.8,6.81,,3.7561,1.6230612903225807
2010-05,,-1.4181320755493652,,16.5,20.8,18.65733,-5.630983950161031,3.1,7.13,,3.7561,1.6826166666666673
2010-06,10.7,-1.5537265440768453,,13.7,14.14,18.3,-10.093531661109438,2.9,6.41,,3.7561,2.3989129032258063
2010-07,,-0.49055540099529427,,13.4,13.94,17.948076,40.935768047631804,3.3,4.84,,3.7561,2.4691599999999996
2010-08,,0.6431698870605675,,13.9,14.69,18.4,-3.7431159687413427,3.5,4.32,,3.7561,1.725558064516129
2010-09,9.9,2.0927322765127157,,13.3,8.58,18.84,-9.004775449746624,3.6,4.33,,3.7561,2.2158322580645167
2010-10,,1.473926434086664,,13.1,8.37,18.64,20.11839014478804,4.4,5.04,,3.7561,2.3645666666666667
2010-11,,0.5003083019136979,,13.3,3.925325,18.7,21.415690763151396,5.1,6.06,,3.7561,1.8469
2010-12,9.9,-0.7741040333039954,,13.5,,19.1,0.6796100156231191,4.6,5.93,,3.7561,2.871903333333334
2011-01,,-1.0,,13.3,,19.899985,,4.9,6.6,,3.7561,3.980861290322581
2011-02,,-0.4260022470110542,,14.9,15.82,11.633507,11.864652254527382,4.944,7.23,,3.7561,4.8585
2011-03,10.1,0.993661939598087,,14.8,13.41,17.437599,-3.0187182764133205,5.383,7.31,,3.7561,2.840307142857143
2011-04,,0.3916412287296308,,13.4,11.23,17.121601,26.423115570336584,5.344,6.82,,3.7561,2.416596774193549
2011-05,,-0.5181320755493593,,13.3,10.79,16.89981,2.535326160597556,5.515,6.79,,3.7561,3.330486666666667
2011-06,9.9,-0.8537265440768496,,15.1,13.0,17.686683,-23.15160857288319,6.355,7.12,,3.7561,4.534093548387098
2011-07,,0.2094445990047086,,14.0,11.81,17.2,46.24558726220859,6.451,7.54,,3.7561,6.2365200000000005
2011-08,,0.3431698870605632,,13.5,9.09,17.0,5.730933918140359,6.151,7.25,,3.7561,4.169164516129032
2011-09,9.3,0.2927322765127255,,13.8,12.17,17.7,-4.864474322364167,6.067,6.52,,3.7561,4.122325806451612
2011-10,,-0.22607356591334582,,13.2,11.35,17.249736,30.5734894237279,5.495,5.0,,3.7561,4.249156666666666
2011-11,,-1.3996916980863006,,12.4,9.91,17.3,13.677857375359025,4.225,2.72,,3.7561,3.794603225806452
2011-12,8.7,1.8258959666960064,,12.8,,18.1,-14.016983713175872,4.07,1.69,,3.7561,3.6592233333333337
2012-01,,0.2000000000000028,,2.8,,13.1,,4.5,0.73,,3.7561,4.887661290322579
2012-02,,0.7739977529889415,56.0,21.3,22.9,16.4,-0.7099488694131857,3.2,0.03,,3.7561,4.082503225806451
2012-03,8.1,1.893661939598093,57.4,11.9,7.01,15.2,-13.118510748654145,3.6,-0.32,,3.7561,3.5581068965517244
2012-04,,1.0916412287296264,55.0,9.3,3.74,14.078876,8.493467524618707,3.4,-0.7,,3.7561,3.582383870967742
2012-05,,-2.5181320755493593,54.3,9.6,5.21,13.793596,-10.003807512735861,3.0,-1.4,,3.3,3.5283666666666673
2012-06,7.7,0.04627345592315621,56.4,9.5,4.253966,13.7,-13.1759701715666,2.2,-2.08,,3.3,2.5445387096774197
2012-07,,0.3094445990047029,54.4,9.2,4.514594,13.1,39.22792961986377,1.8,-2.87,,3.35,3.7784199999999997
2012-08,,-0.756830112939431,55.1,8.9,3.58,13.2,-8.296383577222993,2.0,-3.48,,3.35,3.416451612903226
2012-09,7.5,0.5927322765127157,52.6,9.2,2.92,14.2,-9.103096675428105,1.9,-3.55,,3.35,3.4070451612903225
2012-10,,0.9739264340866641,54.4,9.6,6.05,14.5,18.835269593452384,1.7,-2.76,,3.35,3.4209766666666668
2012-11,,0.40030830191369654,54.2,10.1,7.58,14.9,12.271872203800363,2.0,-2.2,,3.35,3.2396838709677414
2012-12,8.1,0.5258959666960091,54.7,10.3,,15.2,-0.9223152823600991,2.5,-1.94,,3.35,3.0586100000000003
2013-01,,-0.2000000000000028,54.9,17.7,,,,2.0305,-1.64,,3.35,3.473622580645161
2013-02,,-0.02600224701105558,53.6,2.2,-12.49,12.2999,,3.2198,-1.63,,3.35,3.2132096774193544
2013-03,7.9,0.5936619395980887,53.9,8.9,1.94,12.60029,18.72659092483739,2.0696,-1.92,,3.35,3.318171428571428
2013-04,,0.5916412287296338,52.5,9.3,6.78,12.8,13.802364976654394,2.3861,-2.62,,3.35,3.1368999999999994
2013-05,,0.5818679244506351,52.3,9.2,5.022142,12.892196,12.83162453809257,2.0981,-2.87,,3.35,3.28407
2013-06,7.6,-0.4537265440768438,52.6,8.9,6.295814,13.31247,15.36670728898951,2.6684,-2.7,,3.35,5.376338709677419
2013-07,,0.6094445990047,53.0,9.7,8.832639,13.212343,15.283731168740186,2.6741,-2.27,,3.35,5.381523333333333
2013-08,,0.8431698870605704,52.5,10.4,13.67,13.370123,-6.072707115087223,2.5666,-1.62,,3.9,4.124535483870968
2013-09,7.9,0.09273227651272269,53.9,10.2,10.4,13.3,6.404695552362391,3.0519,-1.34,,3.9,3.8194129032258064
2013-10,,0.8739264340866555,54.8,10.3,9.53,13.320159,5.3762133541387325,3.2058,-1.51,,3.9,4.050676666666667
2013-11,,0.0003083019136979545,54.1,10.0,8.45,13.721251,3.553209134688786,3.018,-1.42,,4.1,4.50561935483871
2013-12,7.7,0.12589596669601055,52.5,9.7,,13.6,14.5232592167478,2.4987,-1.36,,4.1,4.765443333333334
2014-01,,-0.5,51.5,8.5,,,,2.4861,-1.64,,4.1,5.225654838709678
2014-02,,-0.02600224701105558,53.8,8.8,13.736301,11.8246,-43.72084599574157,1.9511,-2.0,,4.1,4.947696774193548
2014-03,7.6,-0.10633806040191422,52.8,8.8,7.2,12.2404,13.887870206397466,2.3848,-2.3019,,4.1,2.9737928571428576
2014-04,,0.9916412287296322,53.4,8.7,4.61,11.93653,8.805042308725342,1.8014,-2.0042,,4.1,3.6074483870967744
2014-05,,0.7818679244506379,54.4,8.8,5.3,12.514318,9.319324627357119,2.4773,-1.4464,,4.1,3.3648000000000002
2014-06,7.7,0.4462734559231547,53.5,9.2,5.86,12.42793,13.079154310432628,2.3361,-1.1092,,4.1,3.197306451612903
2014-07,,1.109444599004707,53.2,9.0,2.98,12.22174,11.834681418312305,2.2852,-0.8688,,4.1,3.6874566666666673
2014-08,,-0.45683011293943393,53.6,6.9,-1.49,11.901354,-13.086364966579552,1.9909,-1.2038,,4.1,3.721674193548387
2014-09,7.3,-0.007267723487278702,52.5,8.0,2.73,11.567603,-4.904160801208434,1.6275,-1.7996,,4.1,3.378806451612903
2014-10,,0.27392643408665424,52.6,7.7,3.052641,11.520769,0.16975679347528283,1.6011,-2.2428,,4.1,3.064403333333334
2014-11,,-0.49969169808630204,52.6,7.2,3.282558,11.720801,-1.9327692374253447,1.4393,-2.6928,,4.1,3.139099999999999
2014-12,7.4,0.3258959666960134,53.3,7.9,4.153247,11.889118,8.82787415594327,1.5056,-3.3152,,4.1,3.7007100000000004
2015-01,,-0.3000000000000042,52.9,9.6,,,,0.7638,-4.3202,,4.1,4.546899999999999
2015-02,,0.3739977529889429,53.2,3.6,-6.3,10.7142,-45.97522614811611,1.4311,-4.7976,,3.85,4.3852548387096775
2015-03,7.1,-0.006338060401905737,52.3,5.6,-2.177386,10.244532,7.844069447121498,1.3758,-4.5603,,3.65,4.772775
2015-04,,0.8916412287296308,52.4,5.9,1.287186,10.002445,0.8900201812705149,1.5091,-4.5725,,3.35,3.5274
2015-05,,0.48186792445064075,52.0,6.1,1.578521,10.130209,1.2359768827566313,1.2308,-4.607,,3.35,2.3374166666666674
2015-06,7.1,0.24627345592315192,52.3,6.8,1.760122,10.631952,6.312677074083993,1.3909,-4.8135,,3.35,2.1223
2015-07,,0.20944459900470153,52.8,6.0,-1.317016,10.512323,5.520947557226345,1.6473,-5.3692,,2.5,2.7596233333333324
2015-08,,-0.1568301129394296,52.6,6.1,1.903499,10.792317,-19.55726081960158,1.9554,-5.9227,,2.5,2.4700935483870965
2015-09,7.0,0.0927322765127156,53.0,5.7,-0.15279,10.9,-12.179625773544416,1.5956,-5.945,,2.35,2.4493419354838704
2015-10,,0.5739264340866584,52.3,5.6,-0.242482,11.023401,-1.8526540055832572,1.2674,-5.9,,2.35,2.4100099999999998
2015-11,,-0.19969169808629775,52.8,6.2,0.581849,11.172228,-4.830843297523884,1.4856,-5.9,,2.25,2.378858064516129
2015-12,6.9,0.6258959666960106,53.7,5.9,-2.153065,11.1,1.39826726504727,1.6,-5.9,,2.25,2.403823333333333
2016-01,,-0.3000000000000042,52.7,5.865724,,,,1.8,-5.3,,2.25,2.4532709677419353
2016-02,,-0.12600224701105706,52.2,4.906937,4.020384,10.2,-47.55973818647935,2.3,-4.9,,2.25,2.4278580645161294
2016-03,6.8,0.9936619395980943,53.1,6.8,5.640467,10.5,4.481715629565869,2.301391,-4.3,,2.25,2.399079310344828
2016-04,,0.7916412287296294,52.5,6.0,1.885077,10.1,-2.1188587530004863,2.327865,-3.4,,2.25,2.4769064516129036
2016-05,,0.38186792445063933,52.0,6.0,2.053089,10.0,-1.3471527284594416,2.038999,-2.8,,2.25,2.5032799999999993
2016-06,6.7,0.14627345592315052,52.2,6.2,2.640878,10.6,2.92683640933069,1.879503,-2.6,,2.25,2.401606451612903
2016-07,,0.3094445990047029,52.6,6.0,8.168144,10.2,-0.46187980287644237,1.765113,-1.7,,2.25,2.4618399999999996
2016-08,,0.6431698870605675,52.7,6.3,8.279983,10.6,-21.217108547094192,1.339773,-0.8,,2.25,2.490638709677419
2016-09,6.7,-0.007267723487278702,52.3,6.1,6.871408,10.7,-12.268512126387662,1.920226,0.1,,2.25,2.481170967741935
2016-10,,1.3739264340866626,52.6,6.1,6.986335,10.0,-0.026068824638716848,2.095947,1.2,,2.25,2.529173333333333
2016-11,,0.5003083019136979,53.7,6.2,6.966866,10.8,-5.375422393048034,2.252258,3.3,,2.25,2.7168999999999994
2016-12,6.8,0.22589596669600492,53.2,6.0,6.879046,10.9,-3.2876448464519825,2.076545,5.5,,2.25,2.9143533333333336
2017-01,,-0.1000000000000014,53.5,2.93725,,,,2.549055,6.9,,2.25,2.778103225806452
2017-02,,0.5739977529889457,53.2,10.322581,17.212391,9.5,-46.125265528531074,0.8,7.8,,2.35,2.759290322580645
2017-03,7.0,-0.006338060401912815,54.2,7.6,7.892457,10.9,3.6028599762366227,0.9,7.6,,2.45,3.164078571428572
2017-04,,0.2916412287296365,52.6,6.5,6.023428,10.7,-5.077013231148356,1.2,6.4,,2.45,3.2884774193548383
2017-05,,0.38186792445063933,53.5,6.5,5.054293,10.7,-4.001937651511508,1.5,5.5,,2.45,3.5392000000000006
2017-06,7.0,0.7462734559231519,53.8,7.6,6.513623,11.0,4.635764405152187,1.5,5.5,,2.45,3.249845161290322
2017-07,,0.1094445990047001,53.1,6.4,9.936585,10.4,-1.0522133657132642,1.4,5.5,,2.45,3.2946266666666664
2017-08,,0.4431698870605717,52.6,6.0,6.430298,10.1,-21.274642845699972,1.8,6.3,,2.45,3.43353870967742
2017-09,6.9,0.6927322765127171,54.4,6.6,7.199605,10.3,-14.462406252060433,1.6,6.9,,2.45,3.5058483870967745
2017-10,,-0.22607356591333871,53.5,6.2,4.96278,10.0,-5.596805469327537,1.9,6.9,,2.45,3.353063333333333
2017-11,,0.20030830191369367,53.6,6.1,4.641953,10.2,-8.184466014611253,1.7,5.8,,2.45,3.317370967741935
2017-12,6.8,0.3258959666960134,53.4,6.2,7.37,9.4,-15.12446666870781,1.8,4.9,,2.5,3.4343266666666663
2018-01,,-0.3000000000000042,54.4,15.434501,,,,1.5,4.3,,2.5,3.7107645161290326
2018-02,,-0.7260022470110585,53.8,-2.119883,2.03,9.7,-45.172450652860086,2.9,3.7,0.06717540181925172,2.5,3.071948387096776
2018-03,6.9,0.9936619395980943,53.6,6.0,3.64,10.1,1.4076800470630317,2.1,3.1,0.2416810474017026,2.5,3.126139285714286
2018-04,,0.7916412287296294,53.8,7.0,7.82,9.4,-8.470087387692505,1.8,3.4,0.03781904126371846,2.55,3.2342677419354833
2018-05,,0.8818679244506393,54.0,6.8,11.4,8.5,-9.016600662034971,1.8,4.1,0.03117135208705893,2.55,3.476316666666667
2018-06,6.9,-0.15372654407684666,54.0,6.0,7.98,9.0,1.8855841763773924,1.9,4.7,0.13082491780893918,2.55,3.1936967741935494
2018-07,,0.10944459900470721,53.0,6.0,6.82,8.8,-5.348088461390553,2.1,4.6,0.30607102903618993,2.55,3.0592933333333336
2018-08,,0.2431698870605618,53.4,6.1,8.82,9.0,-23.162794236904343,2.3,4.1,0.1124609562908709,2.55,2.560900000000001
2018-09,6.7,-0.5072677234872787,53.4,5.8,8.0,9.2,-11.838568533663224,2.5,3.6,0.10852693790211983,2.55,2.6624
2018-10,,-0.026073565913335872,52.1,5.9,6.73,8.6,-3.8858544176759873,2.5,3.3,0.1396297125442272,2.55,2.7917066666666672
2018-11,,-0.19969169808630483,52.4,5.4,6.32,8.1,-3.7141753405140636,2.2,2.7,-0.0020166737896650383,2.55,2.628116129032258
2018-12,6.5,-0.07410403330399229,52.3,5.7,8.78,8.160814,-73.69042910326866,1.9,0.9,0.184908368447873,2.55,2.7453566666666664
2019-01,,0.1000000000000014,53.6,6.797753,,,,1.7,0.1,0.1999999999999993,2.55,2.9213161290322582
2019-02,,-0.02600224701105558,53.5,3.360717,7.18,8.2,-42.97567719373171,1.5,0.1,0.2271754018192518,2.55,2.481293548387096
2019-03,6.4,1.0936619395980887,53.6,8.5,7.5,8.7,-6.48386991172994,2.3,0.4,0.08168104740170339,2.55,2.631171428571428
2019-04,,0.49164122872963223,53.3,5.4,5.84,7.2,-14.779893777440027,2.5,0.9,-0.0021809587362824345,2.55,2.812977419354839
2019-05,,-0.3181320755493635,53.5,5.0,2.35,8.6,-15.720620473497599,2.7,0.6,0.13117135208705943,2.55,2.622640000000001
2019-06,6.1,0.24627345592315192,53.4,6.3,5.51,9.8,-2.761570318292776,2.7,0.0,0.23082491780893877,2.55,2.6122225806451613
2019-07,,0.7094445990047085,52.9,4.8,2.69,7.6,-20.145675778940415,2.8,-0.3,0.20607102903619018,2.55,2.4657199999999992
2019-08,,-0.056830112939435296,52.5,4.4,3.59,7.5,-39.196442119026415,2.8,-0.8,0.1124609562908709,2.55,2.7843741935483868
2019-09,6.0,0.2927322765127184,53.0,5.8,4.41,7.8,-30.134120637232684,3.0,-1.2,0.20852693790211943,2.55,2.7766064516129045
2019-10,,0.07392643408665844,51.4,4.7,5.03,7.2,-30.821102385959858,3.8,-1.6,0.0396297125442267,2.55,2.7312433333333335
2019-11,,0.9003083019137036,53.5,6.2,4.71,8.0,-72.07679149798136,4.5,-1.4,0.09798332621033547,2.5,2.7754096774193546
2019-12,5.9,0.5258959666960091,53.0,6.9,13.77,8.0,-90.97417122231099,4.5,-0.5,0.184908368447873,2.5,2.583346666666667
2020-01,,-0.2000000000000028,53.1,-4.313519,,,,5.4,0.1,0.0999999999999996,2.5,2.6516322580645157
2020-02,,-14.026002247011053,30.1,-25.867052,-10.09,-20.5,4.195343538236415,5.2,-0.4,0.9271754018192521,2.4,2.4665129032258064
2020-03,-6.8,16.09366193959809,51.8,-1.1,-4.17,-15.8,-20.943376008214955,4.3,-1.5,-0.11831895259829683,2.4,2.1843965517241384
2020-04,,-0.30835877127037203,52.1,3.9,0.69,-7.5,-18.368605725716286,3.3,-3.1,0.2978190412637173,2.2,1.6948516129032263
2020-05,,0.18186792445064362,52.3,4.4,4.61,-2.8,-15.27897851016939,2.4,-3.7,0.03117135208705983,2.2,1.5607066666666667
2020-06,3.2,0.546273455923149,53.4,4.8,6.07,-1.8,-1.6267671785947115,2.5,-3.0,-0.06917508219106092,2.2,1.8857903225806447
2020-07,,0.609444599004707,53.1,4.8,2.29,-1.1,-23.02462742910685,2.7,-2.4,0.006071029036190094,2.2,2.285493333333333
2020-08,,0.0431698870605661,54.3,5.6,7.73,0.5,-28.006705921330973,2.4,-2.0,0.11246095629087,2.2,2.267309677419355
2020-09,4.9,0.4927322765127213,55.2,6.9,7.22,3.3,-20.662613416455585,1.7,-2.1,0.00852693790212014,2.2,2.403758064516129
2020-10,,0.473926434086657,55.5,6.9,6.59,4.3,-26.374620045943857,0.5,-2.1,0.0396297125442267,2.2,2.4087566666666667
2020-11,,0.7003083019137007,55.7,7.0,9.38,5.0,-74.94339792242657,-0.5,-1.5,-0.0020166737896641362,2.2,2.737061290322581
2020-12,6.5,0.32589596669600635,54.8,7.3,17.25,4.6,-35.04453902893087,0.2,-0.4,0.08490836844787249,2.2,2.390023333333333
2021-01,,-0.6000000000000014,51.1,25.398571,26.16,,,-0.3,0.3,0.2000000000000001,2.2,2.271487096774193
2021-02,,-0.4260022470110542,50.8,52.339181,18.53,33.8,132.5306746788503,-0.2,1.7,0.1271754018192513,2.2,2.7744419354838716
2021-03,18.9,1.0936619395980887,55.2,14.1,20.73,34.2,18.05982087146633,0.4,4.4,-0.018318952598297106,2.2,2.167682142857143
2021-04,,0.09164122872963365,54.4,9.8,14.17,17.7,-16.678814361942745,0.9,6.8,-0.0021809587362824345,2.2,2.1687322580645163
2021-05,,0.2818679244506379,54.3,8.8,13.47,12.4,-35.91582238181935,1.3,9.0,0.03117135208705983,2.2,2.1630733333333336
2021-06,8.1,0.14627345592315052,52.3,8.3,10.75,12.1,-35.57789460985417,1.1,8.8,0.13082491780893918,2.2,2.2508741935483876
2021-07,,-0.09055540099529569,52.5,6.4,13.68,8.5,-24.823528622119582,1.0,9.0,0.1060710290361897,2.2,2.360696666666667
2021-08,,-0.1568301129394296,45.2,5.3,4.3,2.5,-34.44751577905812,0.8,9.5,0.2124609562908705,2.2,2.2243548387096768
2021-09,5.5,-0.5072677234872787,52.4,3.1,7.63,4.4,-29.574818729798192,0.7,10.7,0.00852693790212014,2.2,2.2851290322580646
2021-10,,0.17392643408665986,51.6,3.5,6.11,4.9,-20.382466406956887,1.5,13.5,0.1396297125442272,2.2,2.32953
2021-11,,0.9003083019136965,51.1,3.8,3.1,3.9,-4.490289003870124,2.3,12.9,0.19798332621033507,2.2,2.2375806451612905
2021-12,4.5,0.7258959666960049,52.0,4.3,-2.18,1.7,190.45161660468253,1.5,10.3,0.1849083684478721,2.2,2.3321266666666673
2022-01,,-0.1999999999999957,50.3,3.857957,-1.27,,,0.9,9.1,0.2000000000000001,2.1,2.4648774193548393
2022-02,,0.3739977529889429,50.5,12.795905,16.94,6.7,140.205232086312,0.9,8.8,0.2271754018192518,2.1,2.245132258064516
2022-03,4.8,-0.9063380604019113,46.7,5.0,3.5,-3.525412,-14.646490226631194,1.5,8.3,0.4816810474017028,2.1,2.235114285714286
2022-04,,-1.2083587712703707,40.0,-2.9,-1.3,-11.1,-14.861944120857967,2.1,8.0,0.49781904126371745,2.1,2.2211354838709676
2022-05,,2.581867924450642,47.1,0.7,-1.3,-6.7,-21.402476923228782,2.1,6.4,-0.06882864791293986,2.1,1.804706666666667
2022-06,0.8,0.8462734559231533,54.3,3.9,4.7,3.1,-4.32064306904347,2.5,6.1,-0.2691750821910611,2.1,1.7120290322580647
2022-07,,-0.7905554009952985,52.8,3.8,6.3,2.7,-3.3539080104096826,2.7,4.2,-0.0939289709638095,2.1,1.8365133333333334
2022-08,,0.5431698870605661,51.9,4.2,10.7,5.4,-26.243817742141253,2.5,2.3,0.11246095629087,2.0,1.5522129032258059
2022-09,4.0,0.6927322765127242,48.9,6.3,0.89,2.5,-9.816707558079244,2.8,0.9,0.4085269379021195,2.0,1.6277677419354841
2022-10,,-0.32607356591334014,47.0,5.0,2.24,-0.5,-5.273080566912677,2.1,-1.3,0.1396297125442272,2.0,1.8271
2022-11,,-1.1996916980863048,45.1,2.2,0.43,-5.9,-6.4665042209551835,1.6,-1.3,0.2979833262103356,2.0,1.8999967741935484
2022-12,3.0,-0.47410403330399087,39.4,1.3,-4.55,-1.8,-11.809835671058192,1.8,-0.7,-0.11509163155212761,2.0,1.9506100000000004
2023-01,,3.1000000000000014,54.0,-9.793162,-4.8,,,2.1,-0.8,0.0,2.0,2.3978935483870965
2023-02,,2.7739977529889415,55.6,18.774816,11.0,3.5,-16.009882374785146,1.0,-1.4,0.1271754018192513,2.0,2.1640225806451614
2023-03,4.7,-0.9063380604019113,56.9,3.9,5.92,10.6,-28.465838948511372,0.7,-2.5,-0.11831895259829683,2.0,2.323717857142857
2023-04,,-1.8083587712703655,55.1,5.6,8.33,18.4,-36.457767465856435,0.1,-3.6,0.09781904126371806,2.0,2.513032258064515
2023-05,,-0.018132075549366355,53.8,3.5,7.4,12.7,-46.12329571256597,0.2,-4.6,0.13117135208705943,2.0,2.1565633333333336
2023-06,6.5,0.4462734559231547,52.8,4.4,3.87,3.1,-31.37480192908122,0.0,-5.4,0.13082491780893918,1.9,1.9925709677419357
2023-07,,0.7094445990047014,51.5,3.7,6.46,2.5,-16.056259397514943,-0.3,-4.4,0.1060710290361897,1.9,2.225526666666667
2023-08,,0.5431698870605732,50.5,4.5,3.89,4.6,-42.6213780348313,0.1,-3.0,0.1124609562908709,1.8,1.8884032258064518
2023-09,5.0,0.4927322765127213,50.9,4.5,9.89,5.5,-30.704649406232523,0.0,-2.5,0.008526937902119336,1.8,2.0529193548387092
2023-10,,-0.1260735659133444,50.1,4.6,8.39,7.6,-21.859164238000336,-0.2,-2.6,0.1396297125442272,1.8,2.2680733333333336
2023-11,,-0.09969169808630343,49.3,6.6,11.597037,10.1,-24.959374610596235,-0.5,-3.0,0.09798332621033547,1.8,2.3371774193548394
2023-12,5.3,0.12589596669601055,49.3,6.8,10.0,7.4,-32.85345810494717,-0.3,-2.7,0.1849083684478721,1.8,2.3918166666666663
2024-01,,0.2000000000000028,50.1,26.3,,,,-0.8,-2.5,0.1000000000000005,1.8,2.3835096774193545
2024-02,,0.17399775298894013,51.0,-12.7,,5.5,-24.572155908719715,0.7,-2.7,0.1271754018192513,1.8,2.093164516129033
2024-03,5.3,1.493661939598087,52.4,4.5,7.36,3.1,-42.44028143613233,0.1,-2.8,0.08168104740170339,1.8,2.0196965517241376
2024-04,,0.49164122872963223,50.3,6.7,6.96,2.3,-30.016747639337197,0.3,-2.5,-0.0021809587362824345,1.8,2.1012548387096777
2024-05,,-0.5181320755493593,50.5,5.6,7.22,3.7,-20.08709972014151,0.3,-1.4,0.13117135208705943,1.8,1.9355800000000003
2024-06,4.7,0.24627345592315192,50.2,5.3,5.83,2.0,3.878393073515994,0.2,-0.8,0.13082491780893918,1.8,1.8586032258064518
2024-07,,0.3094445990047029,50.0,5.1,5.69,2.7,-3.654707795720686,0.5,-0.8,0.20607102903619018,1.8,2.006973333333333
2024-08,,-0.1568301129394296,50.2,4.5,8.87,2.1,-30.024246582429253,0.6,-1.8,0.3124609562908701,1.7,1.885809677419355
2024-09,4.6,0.6927322765127171,49.9,5.4,8.52,3.2,-11.647444690600192,0.4,-2.8,0.008526937902119336,1.7,1.870132258064516
2024-10,,0.8739264340866626,50.1,5.3,4.33,4.8,-11.381764909988949,0.3,-2.9,0.039629712544227605,1.5,1.9104266666666665
2024-11,,0.20030830191369367,50.1,5.4,2.79,3.0,-11.651132161265995,0.2,-2.5,0.09798332621033547,1.5,1.839409677419355
2024-12,5.4,0.3258959666960134,52.0,6.2,3.18,3.7,-2.5384695702309124,0.1,-2.3,0.1849083684478721,1.5,1.8481866666666666
2025-01,,-1.0,50.3,-11.11,,,,0.5,-2.3,0.1000000000000005,1.5,2.1261741935483873
2025-02,,1.3739977529889429,50.0,31.02,8.6,4.0,2.4480707590287842,-0.7,-2.2,0.2271754018192518,1.5,2.075422580645161
2025-03,5.4,0.09366193959808858,50.3,7.7,4.8041,5.9,-34.83567054171606,-0.1,-2.5,-0.018318952598297106,1.5,2.015060714285714
2025-04,,-0.6083587712703692,50.1,6.1,4.6813,5.1,-21.617172424566903,-0.1,-2.7,0.09781904126371715,1.5,1.8902677419354834
2025-05,,0.8818679244506393,50.2,5.8,4.4315,6.4,-27.43771690337362,-0.1,-3.3,0.03117135208705983,1.4,1.6950200000000002
2025-06,5.2,0.4462734559231547,50.1,6.8,5.421237,4.8,-7.825916487962356,0.1,-3.6,0.13082491780893918,1.4,1.6094064516129034
2025-07,,0.009444599004698628,50.0,5.7,8.582166,3.7,-12.446779589586193,0.0,-3.6,0.20607102903619018,1.4,1.6211866666666666
2025-08,,0.24316988706056888,50.5,5.2,4.990763,3.4,-37.93602020603626,-0.4,-2.9,0.3124609562908701,1.4,1.5225290322580645
2025-09,4.8,0.39273227651271986,50.1,6.5,4.5367,3.0,-23.445145937407162,-0.3,-2.3,0.10852693790211983,1.4,1.4992870967741936
2025-10,,-0.22607356591333871,50.2,4.9,10.356738,2.9,-28.198684851048537,0.2,-2.1,0.0396297125442267,1.4,1.561713333333333
2025-11,,0.20030830191370075,49.5,4.8,6.171445,1.3,-28.311351362972466,0.7,-2.2,0.09798332621033547,1.4,1.4996645161290325
2025-12,4.5,1.4258959666960078,49.7,5.2,2.770855,0.9,-23.19855387235868,0.8,-1.9,0.08490836844787249,1.4,1.5052333333333334
2026-01,,-0.8000000000000043,49.5,6.3,,,,0.2,-1.4,0.1000000000000005,1.4,1.6336677419354835
2026-02,,-0.02600224701105558,49.7,6.3,,2.8,-13.551828706372806,1.3,-0.9,0.1271754018192513,1.4,1.5295322580645165
2026-03,5.0,1.19366193959809,50.2,5.7,3.515013,1.7,-39.26339418352186,1.0,0.5,0.2816810474017035,1.4,1.4895535714285717
2026-04,,0.7916412287296294,49.6,,,,,,,,1.4,1.4384838709677417
