month,中国:GDP:不变价:当季值同比,万得一致预测:中国:GDP:不变价:当季同比,中国:制造业PMI:一阶差分,中国:非制造业PMI:服务业:一阶差分,中国:工业增加值:规模以上工业企业:当月同比(1-2月拆分),中国:全社会用电量:当月同比,中国:社会消费品零售总额:当月同比(1-2月合并),中国:固定资产投资完成额:当月同比,中国:CPI:当月同比,中国:PPI:当月同比,中国:城镇调查失业率:一阶差分
1980-01,,,,,,,,,,,
1980-02,,,,,,,,,,,
1980-03,,,,,,,,,,,
1980-04,,,,,,,,,,,
1980-05,,,,,,,,,,,
1980-06,,,,,,,,,,,
1980-07,,,,,,,,,,,
1980-08,,,,,,,,,,,
1980-09,,,,,,,,,,,
1980-10,,,,,,,,,,,
1980-11,,,,,,,,,,,
1980-12,,,,,,,,,,,
1981-01,,,,,,,,,,,
1981-02,,,,,,,,,,,
1981-03,,,,,,,,,,,
1981-04,,,,,,,,,,,
1981-05,,,,,,,,,,,
1981-06,,,,,,,,,,,
1981-07,,,,,,,,,,,
1981-08,,,,,,,,,,,
1981-09,,,,,,,,,,,
1981-10,,,,,,,,,,,
1981-11,,,,,,,,,,,
1981-12,,,,,,,,,,,
1982-01,,,,,,,,,,,
1982-02,,,,,,,,,,,
1982-03,,,,,,,,,,,
1982-04,,,,,,,,,,,
1982-05,,,,,,,,,,,
1982-06,,,,,,,,,,,
1982-07,,,,,,,,,,,
1982-08,,,,,,,,,,,
1982-09,,,,,,,,,,,
1982-10,,,,,,,,,,,
1982-11,,,,,,,,,,,
1982-12,,,,,,,,,,,
1983-01,,,,,,,,,,,
1983-02,,,,,,,,,,,
1983-03,,,,,,,,,,,
1983-04,,,,,,,,,,,
1983-05,,,,,,,,,,,
1983-06,,,,,,,,,,,
1983-07,,,,,,,,,,,
1983-08,,,,,,,,,,,
1983-09,,,,,,,,,,,
1983-10,,,,,,,,,,,
1983-11,,,,,,,,,,,
1983-12,,,,,,,,,,,
1984-01,,,,,,,,,,,
1984-02,,,,,,,,,,,
1984-03,,,,,,,,,,,
1984-04,,,,,,,,,,,
1984-05,,,,,,,,,,,
1984-06,,,,,,,,,,,
1984-07,,,,,,,,,,,
1984-08,,,,,,,,,,,
1984-09,,,,,,,,,,,
1984-10,,,,,,,,,,,
1984-11,,,,,,,,,,,
1984-12,,,,,,,,,,,
1985-01,,,,,,,,,,,
1985-02,,,,,,,,,,,
1985-03,,,,,,,,,,,
1985-04,,,,,,,,,,,
1985-05,,,,,,,,,,,
1985-06,,,,,,,,,,,
1985-07,,,,,,,,,,,
1985-08,,,,,,,,,,,
1985-09,,,,,,,,,,,
1985-10,,,,,,,,,,,
1985-11,,,,,,,,,,,
1985-12,,,,,,,,,,,
1986-01,,,,,,,,,,,
1986-02,,,,,,,,,,,
1986-03,,,,,,,,,,,
1986-04,,,,,,,,,,,
1986-05,,,,,,,,,,,
1986-06,,,,,,,,,,,
1986-07,,,,,,,,,,,
1986-08,,,,,,,,,,,
1986-09,,,,,,,,,,,
1986-10,,,,,,,,,,,
1986-11,,,,,,,,,,,
1986-12,,,,,,,,,,,
1987-01,,,,,,,,,5.1,,
1987-02,,,,,,,,,5.4,,
1987-03,,,,,,,,,5.8,,
1987-04,,,,,,,,,6.7,,
1987-05,,,,,,,,,7.6,,
1987-06,,,,,,,,,7.8,,
1987-07,,,,,,,,,7.8,,
1987-08,,,,,,,,,8.2,,
1987-09,,,,,,,,,7.7,,
1987-10,,,,,,,,,7.5,,
1987-11,,,,,,,,,8.3,,
1987-12,,,,,,,,,8.9,,
1988-01,,,,,,,,,9.4,,
1988-02,,,,,,,,,10.4,,
1988-03,,,,,,,,,11.3,,
1988-04,,,,,,,,,12.2,,
1988-05,,,,,,,,,14.2,,
1988-06,,,,,,,,,16.3,,
1988-07,,,,,,,,,19.2,,
1988-08,,,,,,,,,23.6,,
1988-09,,,,,,,,,26.4,,
1988-10,,,,,,,,,27.1,,
1988-11,,,,,,,,,26.8,,
1988-12,,,,,,,,,27.9,,
1989-01,,,,,,,,,27.4,,
1989-02,,,,,,,,,28.4,,
1989-03,,,,,,,,,27.1,,
1989-04,,,,,,,,,26.6,,
1989-05,,,,,,,,,24.8,,
1989-06,,,,,,,,,22.8,,
1989-07,,,,,,,,,19.4,,
1989-08,,,,,,,,,15.3,,
1989-09,,,,,,,,,11.5,,
1989-10,,,,,,,,,8.6,,
1989-11,,,,,,,,,7.4,,
1989-12,,,,,,,,,6.6,,
1990-01,,,,,-21.1,,,,4.3,,
1990-02,,,,,5.0,,,,4.4,,
1990-03,,,,,0.8,,,,3.4,,
1990-04,,,,,1.7,,,,3.2,,
1990-05,,,,,3.3,,,,2.7,,
1990-06,,,,,5.0,,,,1.1,,
1990-07,,,,,2.5,,,,1.1,,
1990-08,,,,,4.2,,,,2.5,,
1990-09,,,,,6.7,,,,2.9,,
1990-10,,,,,10.9,,,,3.1,,
1990-11,,,,,12.6,,,,3.7,,
1990-12,,,,,12.6,,,,4.3,,
1991-01,,,,,23.5,,,,2.2,,
1991-02,,,,,9.2,,,,1.0,,
1991-03,,,,,10.9,,,,1.6,,
1991-04,,,,,10.9,,,,1.3,,
1991-05,,,,,10.9,,,,3.6,,
1991-06,,,,,9.2,,,,4.4,,
1991-07,,,,,10.9,,,,4.7,,
1991-08,,,,,11.8,,,,4.9,,
1991-09,,,,,12.6,,,,4.5,,
1991-10,,,,,11.8,,,,4.8,,
1991-11,,,,,7.6,,,,4.4,,
1991-12,,,,,5.0,,,,4.5,,
1992-01,,,,,10.9,,,,5.5,,
1992-02,,,,,18.5,,0.0,,5.3,,
1992-03,13.6,,,,16.8,,0.0,,5.3,,
1992-04,,,,,15.1,,0.0,,7.1,,
1992-05,,,,,14.3,,0.0,,4.7,,
1992-06,14.1,,,,16.8,,0.0,,4.8,,
1992-07,,,,,19.3,,0.0,,5.2,,
1992-08,,,,,17.6,,0.0,,5.8,,
1992-09,14.6,,,,17.6,,0.0,,7.5,,
1992-10,,,,,18.5,,0.0,,7.9,,
1992-11,,,,,21.8,,0.0,,8.2,,
1992-12,14.6,,,,26.9,,0.0,,8.8,,
1993-01,,,,,8.4,,,,10.3,,
1993-02,,,,,27.7,,0.0,,10.5,,
1993-03,15.3,,,,21.8,,0.0,129.168653632173,12.2,,
1993-04,,,,,21.0,,0.0,76.78062678062673,12.6,,
1993-05,,,,,22.7,,0.0,121.19453106260505,14.0,,
1993-06,13.5,,,,25.2,,0.0,119.29531420268793,15.1,,
1993-07,,,,,21.0,,0.0,38.879178207438095,16.2,,
1993-08,,,,,19.3,,0.0,59.404864640266,16.0,,
1993-09,13.0,,,,16.0,,0.0,70.85099939430648,15.7,,
1993-10,,,,,13.4,,0.0,66.78747156235116,15.9,,
1993-11,,,,,16.0,,0.0,66.52847009202449,16.7,,
1993-12,14.2,,,,25.2,,0.0,970.4663778696452,18.8,,
1994-01,,,,,27.7,,,,21.1,,
1994-02,,,,,3.4,,0.0,-90.0060727585712,23.2,,
1994-03,14.2,,,,16.0,,0.0,74.22693977806045,22.4,,
1994-04,,,,,16.8,,0.0,65.31525282652422,21.7,,
1994-05,,,,,17.6,,0.0,71.2597367714209,21.3,,
1994-06,13.4,,,,15.1,,0.0,93.05760388652732,22.6,,
1994-07,,,,,15.1,,0.0,44.42291128337636,24.0,,
1994-08,,,,,29.4,,0.0,29.168360925549443,25.8,,
1994-09,13.1,,,,21.8,,0.0,60.48362841617711,27.3,,
1994-10,,,,,24.4,,0.0,33.71089249313121,27.7,,
1994-11,,,,,23.5,,0.0,35.22498374280316,27.5,,
1994-12,12.1,,,,18.5,,0.0,806.5420426254523,25.5,,
1995-01,,,,,11.4,,34.3,,24.1,,
1995-02,,,,,15.5,,28.3,59.089931153184175,22.4,,
1995-03,12.0,,,,16.4,,31.3,69.72458587180903,21.3,,
1995-04,,,,,15.4,,32.3,43.06123733400469,20.7,,
1995-05,,,,,13.1,,30.6,42.837724801338375,20.3,,
1995-06,11.0,,,,13.9,,28.0,28.55249115317637,18.2,,
1995-07,,,,,13.6,,29.7,9.68792650617613,16.7,,
1995-08,,,,,11.8,,27.3,54.51588241466669,14.5,,
1995-09,10.5,,,,11.4,,25.8,42.549788850296025,13.2,,
1995-10,,,,,12.9,,25.9,42.12082245171218,12.1,,
1995-11,,,,,12.1,,24.5,32.15885899270443,11.2,,
1995-12,10.8,,,,14.9,,23.7,4.025418011356511,10.1,,
1996-01,,,,,16.9,,19.1,,9.0,,
1996-02,,,,,12.2,,28.1,7.04803119435615,9.3,,
1996-03,11.0,,,,12.2,,21.3,22.18843632264382,9.8,,
1996-04,,,,,13.7,,18.6,16.49729444371119,9.7,,
1996-05,,,,,13.1,,19.3,26.0656857721494,8.9,,
1996-06,9.4,,,,13.8,,19.5,34.5815382195384,8.6,,
1996-07,,,,,12.2,,16.1,24.89805307513748,8.3,,
1996-08,,,,,10.6,,16.7,6.99386860180839,8.1,,
1996-09,9.3,,,,13.7,,18.3,14.433712552807451,7.4,,
1996-10,,,,,13.3,,18.0,14.484263940451058,7.0,0.34,
1996-11,,,,,13.4,,17.6,23.521424260712127,6.9,0.04,
1996-12,10.3,,,,14.0,,20.1,1.9162069570657798,7.0,0.43,
1997-01,,,,,10.3,,19.8,,5.9,0.12,
1997-02,,,,,10.4,,12.4,23.92933844275067,5.6,0.44,
1997-03,10.2,,,,13.5,,14.3,7.98888039137137,4.0,0.47,
1997-04,,,,,11.9,,13.6,19.13195624535835,3.2,0.06,
1997-05,,,,,11.9,,13.0,10.2089402018755,2.8,0.07,
1997-06,10.1,,,,12.1,,13.0,12.20755439829097,2.8,-0.37,
1997-07,,,,,8.4,,13.0,-7.866889912097131,2.7,-0.65,
1997-08,,,,,10.9,,11.8,13.58298952713426,1.9,-0.89,
1997-09,8.7,,,,11.1,,9.9,10.059588547969419,1.8,-0.95,
1997-10,,,,,11.8,,11.6,24.736421855394617,1.5,-0.92,
1997-11,,,,,11.6,,10.8,14.116353760265651,1.1,-0.61,
1997-12,8.6,,,,9.2,,8.9,4.71384807040975,0.4,-0.92,
1998-01,,,,,1.8,,12.9,,0.3,-1.32,
1998-02,,,,,9.5,,6.0,11.07052447374232,-0.1,-2.65,
1998-03,7.3,,,,9.0,,6.4,8.4118347984442,0.7,-3.2,
1998-04,,,,,7.2,,6.6,15.72240654254981,-0.3,-3.69,
1998-05,,,,,8.0,,6.8,13.48085704250088,-1.0,-4.47,
1998-06,7.0,,,,7.9,,6.8,5.44724339276514,-1.3,-4.88,
1998-07,,,,,7.6,,8.1,39.38556877141022,-1.4,-4.96,
1998-08,,,,,7.9,,9.3,26.23158903125366,-1.4,-5.54,
1998-09,7.9,,,,10.2,,7.0,33.652293731210456,-1.5,-4.19,
1998-10,,,,,10.6,,7.6,27.49095327053958,-1.1,-5.38,
1998-11,,,,,11.0,,7.4,39.75545565587497,-1.2,-5.68,
1998-12,9.2,,,,11.5,,8.7,-13.24412592372281,-1.0,-5.38,
1999-01,,,,,17.9,,5.9,,-1.2,-4.92,
1999-02,,,,,2.1,,10.6,29.28336520076482,-1.3,-4.89,
1999-03,9.0,,,,9.0,,5.8,22.10989102145351,-1.8,-4.62,
1999-04,,,,,9.1,,5.7,13.87301181497779,-2.2,-3.86,
1999-05,,,,,8.9,,5.3,14.54283768726016,-2.2,-3.42,
1999-06,7.9,,,,9.1,,5.4,6.2650919787504895,-2.1,-3.6,
1999-07,,,,,9.3,,5.6,5.02548925018573,-1.4,-2.51,
1999-08,,,,,9.5,,6.0,1.85107890010374,-1.3,-2.3,
1999-09,7.7,,,,8.2,,6.6,-3.35896861803773,-0.8,-2.1,
1999-10,,,,,7.0,,8.2,1.57904714085899,-0.6,-0.74,
1999-11,,,,,7.6,,7.8,6.39011028616738,-0.9,-1.04,
1999-12,6.8,,,,7.4,,8.0,4.01337020909084,-1.0,-0.83,
2000-01,,,,,8.9,,11.3,,-0.2,0.03,
2000-02,,,,,12.0,,10.5,12.976963759628,0.7,1.2,
2000-03,8.8,,,,11.9,,9.3,8.73356883258045,-0.2,1.87,
2000-04,,,,,11.4,,9.1,10.31704031559703,-0.3,2.59,
2000-05,,,,,11.5,,11.5,9.53683812303241,0.1,0.67,
2000-06,9.2,,,,12.2,,8.9,19.03972483886962,0.5,2.95,
2000-07,,,,,12.8,,9.1,14.514577268523471,0.5,4.5,
2000-08,,,,,12.8,,9.3,12.520878479487841,0.3,3.92,
2000-09,8.9,,,,12.0,,9.6,22.61721317658207,0.0,3.7,
2000-10,,,,,11.4,,10.4,11.803513514876741,0.0,3.6,
2000-11,,,,,10.6,,8.7,6.0283207425725305,1.3,3.5,
2000-12,7.6,,,,10.4,,8.8,-4.1027014350185,1.5,2.8,
2001-01,,,,,2.3,,12.5,,1.2,1.43,
2001-02,,,,,19.0,,8.6,18.41716673473876,0.0,0.9,
2001-03,9.5,,,,12.1,,9.5,11.633827675343019,0.8,0.2,
2001-04,,,,,11.5,,9.7,21.783941329960797,1.6,-0.1,
2001-05,,,,,10.2,,11.1,21.09125895043271,1.7,-0.2,
2001-06,8.6,,,,10.1,,10.0,18.39053531685606,1.4,-0.6,
2001-07,,,,,8.1,,9.8,18.330975494739448,1.5,-1.3,
2001-08,,,,,8.1,,9.6,21.40760197775033,1.0,-2.0,
2001-09,8.0,,,,9.5,,9.9,14.60629229282017,-0.1,-2.9,
2001-10,,,,,8.8,,10.5,12.97904495522526,0.2,-3.1,
2001-11,,,,,7.9,,10.1,9.42736872374079,-0.3,-3.7,
2001-12,7.5,,,,8.7,,9.6,10.09764021011889,-0.3,-4.0,
2002-01,,,,,18.6,,7.9,,-1.0,-4.2,
2002-02,,,,,2.7,,9.1,24.520442545965878,0.0,-4.2,
2002-03,9.0,,,,10.9,,8.3,29.818253046605008,-0.8,-4.0,
2002-04,,,,,12.1,,8.2,28.479773684901623,-1.3,-3.06,
2002-05,,,,,12.9,,9.3,22.80776811771354,-1.1,-2.63,
2002-06,8.9,,,,12.4,,8.6,20.044413662698,-0.8,-2.5,
2002-07,,,,,12.8,,8.6,23.22614630571213,-0.9,-2.3,
2002-08,,,,,12.7,,8.8,24.60024544338892,-0.7,-1.7,
2002-09,9.7,,,,13.8,,9.1,24.72653659022854,-0.7,-1.4,
2002-10,,,,,14.2,,9.4,23.02713278894717,-0.8,-1.0,
2002-11,,,,,14.5,,9.1,18.59354071089409,-0.7,-0.4,
2002-12,9.2,,,,14.9,,9.2,2.40615948010631,-0.4,0.4,
2003-01,,,,,14.8,,10.0,,0.4,2.4,
2003-02,,,,,19.8,,8.5,37.53222679138346,0.2,4.0,
2003-03,11.2,,,,16.9,,9.3,36.99089292450288,0.9,4.6,
2003-04,,,,,14.9,,7.7,29.431466091892638,1.0,3.6,
2003-05,,,,,13.7,,4.3,37.3955922727913,0.7,2.0,
2003-06,9.2,,,,16.9,,8.3,37.21015421810323,0.3,1.3,
2003-07,,,,,16.5,,9.8,36.82099511179684,0.5,1.4,
2003-08,,,,,17.1,,9.9,31.748822651778454,0.9,1.4,
2003-09,10.1,,,,16.3,,9.5,27.49505860509726,1.1,1.4,
2003-10,,,,,17.2,,10.2,28.331759184428577,1.8,1.2,
2003-11,,,,,17.9,,9.7,27.7631425071859,3.0,1.9,
2003-12,10.1,,,,18.1,,10.9,17.6188075424799,3.2,3.0,
2004-01,,,,,7.2,,11.8,,3.2,3.5,
2004-02,,,,,23.2,,9.2,69.74602879510856,2.1,3.5,
2004-03,10.6,,,,19.4,,11.1,48.35728952772071,3.0,4.0,
2004-04,,,,,19.1,,13.2,43.16282107877445,3.8,5.0,
2004-05,,,,,17.5,,17.8,32.50465602748043,4.4,5.7,
2004-06,11.6,,,,16.2,,13.9,42.53610807058761,5.0,6.4,
2004-07,,,,,15.5,,13.2,43.229394488533266,5.3,6.4,
2004-08,,,,,15.9,,13.1,40.38242696591891,5.3,6.8,
2004-09,9.8,,,,16.1,,14.0,40.862623505755,5.2,7.9,
2004-10,,,,,15.7,,14.2,39.808393652913395,4.3,8.4,
2004-11,,,,,14.8,,13.9,37.73398112975767,2.8,8.1,
2004-12,8.8,,,,14.4,,14.5,16.45490125713515,2.4,7.1,
2005-01,,,,,20.9,,11.5,,1.9,5.8,
2005-02,,,-0.20000000000000284,,7.6,,15.8,28.437525669069032,3.9,5.38,
2005-03,11.2,,3.3999999999999986,,15.1,,13.9,27.66707764918006,2.7,5.6,
2005-04,,,-1.1999999999999957,,16.0,,12.2,25.044873851831028,1.8,5.78,
2005-05,,,-3.8000000000000043,,16.6,,12.8,29.72577088496864,1.8,5.9,
2005-06,11.1,,-1.1999999999999957,,16.8,,12.9,28.73382375206226,1.6,5.2,
2005-07,,,-0.6000000000000014,,16.1,,12.7,26.52456547346948,1.8,5.2,
2005-08,,,1.5,,16.0,,12.5,28.47233316568536,1.3,5.3,
2005-09,10.9,,2.5,,16.5,,12.7,29.92268575018104,0.9,4.5,
2005-10,,,-1.0,,16.1,,12.8,27.545342387942018,1.2,4.0,
2005-11,,,0.0,,16.6,,12.4,30.59947114745602,1.3,3.2,
2005-12,12.4,,0.19999999999999574,,16.5,,12.5,26.64969676737327,1.6,3.2,
2006-01,,,-2.1999999999999957,,12.6,,15.5,,1.9,3.05,
2006-02,,,0.0,,20.1,,9.4,25.3997129173003,0.9,3.01,
2006-03,12.4,,3.1999999999999957,,17.8,,13.5,31.14083366217364,0.8,2.49,
2006-04,,,2.8000000000000043,,16.6,,13.554756,28.25326434094697,1.2,1.87,
2006-05,,,-3.3000000000000043,,17.9,,14.2,30.61048528004357,1.4,2.43,
2006-06,13.6,,-0.6999999999999957,,19.5,,13.9,32.46003724683786,1.5,3.52,
2006-07,,,-1.7000000000000028,,16.7,,13.7,25.97388968180671,1.0,3.58,
2006-08,,,0.7000000000000028,,15.7,,13.8,20.09460003009029,1.3,3.4,
2006-09,12.2,,3.8999999999999986,,16.1,,13.9,22.34174155105206,1.5,3.5,
2006-10,,,-2.299999999999997,,14.7,,14.348977,16.16550577749784,1.4,2.9,
2006-11,,,0.5999999999999943,,14.9,,14.1,23.75353688470267,1.9,2.78,
2006-12,12.5,,-0.5,,14.7,,14.6,19.63084087278217,2.8,3.1,
2007-01,,,0.30000000000000426,,24.71,,12.748329,,2.2,3.3,
2007-02,,,-2.0,,12.6,,16.857995,23.4394892427419,2.7,2.6,
2007-03,13.6,,3.0,,17.6,,15.338037,26.83274472229702,3.3,2.7,
2007-04,,,2.5,,17.4,,15.5,25.847628515958387,3.0,2.9,
2007-05,,,-2.8999999999999986,,18.1,,15.9,27.0585024355287,3.4,2.8,
2007-06,14.9,,-1.2000000000000028,,19.4,,15.9827,28.45028961416513,4.4,2.49,
2007-07,,,-1.2000000000000028,,18.0,,16.4,26.38866739818102,5.6,2.4,
2007-08,,,0.7000000000000028,,17.5,,17.1,27.33753906924119,6.5,2.6,
2007-09,14.2,,2.1000000000000014,,18.9,,17.010498,24.78145601230177,6.2,2.7,
2007-10,,,-2.8999999999999986,,17.9,,18.1,30.72059972650915,6.5,3.2,
2007-11,,,2.1999999999999957,,17.3,,18.8,26.074653901172653,6.9,4.55,
2007-12,13.9,,-0.10000000000000142,,17.4,,20.2,18.70756610401227,6.5,5.43,
2008-01,,,-2.299999999999997,,15.4,,21.2,,7.1,6.1,
2008-02,,,0.3999999999999986,,15.4,,19.1,24.27356652858985,8.7,6.62,
2008-03,11.6,,5.0,,17.8,,21.5,27.308768074320078,8.3,7.95,
2008-04,,,0.8000000000000043,,15.7,,22.0,25.36803795896063,8.5,8.12,
2008-05,,,-5.900000000000006,,16.0,,21.6,25.435617864697342,7.7,8.22,
2008-06,11.0,,-1.2999999999999972,,16.0,,23.0,29.49282550324095,7.1,8.84,
2008-07,,,-3.6000000000000014,,14.7,,23.3,29.2286918750547,6.3,10.03,
2008-08,,,0.0,,12.8,,23.2,28.09348701006009,4.9,10.06,
2008-09,9.5,,2.8000000000000043,,11.4,,23.2,29.024023583464697,4.6,9.13,
2008-10,,,-6.600000000000001,,8.2,,22.0,24.39462235231915,4.0,6.59,
2008-11,,,-5.800000000000004,,5.4,,20.8,23.80663428684721,2.4,1.99,
2008-12,7.1,,2.4000000000000057,,5.7,,19.0,22.27225404984143,1.2,-1.14,
2009-01,,,4.099999999999994,,-2.93,,18.5,,1.0,-3.35,
2009-02,,,3.700000000000003,,11.0,,11.6,26.529036643193386,-1.6,-4.47,
2009-03,6.4,,3.3999999999999986,,8.3,,14.7,30.31253524787534,-1.2,-6.0,
2009-04,,,1.1000000000000014,,7.3,,14.8,33.95547268290413,-1.5,-6.6,
2009-05,,,-0.3999999999999986,,8.9,,15.2,38.6691389414491,-1.4,-7.2,
2009-06,8.2,,0.10000000000000142,,10.7,,15.0,35.2538386443155,-1.7,-7.8,
2009-07,,,0.09999999999999432,,10.8,6.0,15.2,29.94411291086476,-1.8,-8.2,
2009-08,,,0.7000000000000028,,12.3,8.22,15.4,33.6465612977199,-1.2,-7.86,
2009-09,10.6,,0.29999999999999716,,13.9,10.24,15.522151,35.05305992500851,-0.8,-6.99,
2009-10,,,0.9000000000000057,,16.1,15.87,16.214903,31.646539063368177,-0.5,-5.85,
2009-11,,,0.0,,19.2,27.63,15.812804,24.258946403726362,0.6,-2.08,
2009-12,11.9,,1.3999999999999986,,18.5,,17.5374,24.0903201510622,1.9,1.7,
2010-01,,,-0.8000000000000043,,29.2,,14.0,,1.5,4.32,
2010-02,,,-3.799999999999997,,12.8,10.54,22.1,26.64748890352955,2.7,5.39,
2010-03,12.2,11.49,3.1000000000000014,,18.1,21.036924,18.0,26.28620200945193,2.4,5.91,
2010-04,,,0.6000000000000014,,17.8,23.08,18.5,25.36755841216538,2.8,6.81,
2010-05,,,-1.8000000000000043,,16.5,20.8,18.65733,25.41382721276655,3.1,7.13,
2010-06,10.7,10.32,-1.7999999999999972,,13.7,14.14,18.3,24.86387232825411,2.9,6.41,
2010-07,,,-0.8999999999999986,,13.4,13.94,17.948076,22.346562623712728,3.3,4.84,
2010-08,,,0.5,,13.9,14.69,18.4,23.91815293459478,3.5,4.32,
2010-09,9.9,9.36,2.0999999999999943,,13.3,8.58,18.84,23.1778627077017,3.6,4.33,
2010-10,,,0.9000000000000057,,13.1,8.37,18.64,23.688599202881928,4.4,5.04,
2010-11,,,0.5,,13.3,3.925325,18.7,29.10729707594757,5.1,6.06,
2010-12,9.9,9.17,-1.3000000000000043,,13.5,,19.1,20.43822208072179,4.6,5.93,
2011-01,,,-1.0,,13.3,,19.899985,,4.9,6.6,
2011-02,,,-0.6999999999999957,,14.9,15.82,11.633507,34.04118478288431,4.944,7.23,
2011-03,10.1,8.25,1.1999999999999957,,14.8,13.41,17.437599,31.242680430189562,5.383,7.31,
2011-04,,,-0.5,,13.4,11.23,17.121601,37.17536269761718,5.344,6.82,
2011-05,,,-0.8999999999999986,,13.3,10.79,16.89981,33.580137323525136,5.515,6.79,
2011-06,9.9,8.5,-1.1000000000000014,,15.1,13.0,17.686683,11.80579541648036,6.355,7.12,
2011-07,,,-0.19999999999999574,,14.0,11.81,17.2,27.656381838289512,6.451,7.54,
2011-08,,,0.19999999999999574,,13.5,9.09,17.0,33.39220282147648,6.151,7.25,
2011-09,9.3,9.1,0.30000000000000426,,13.8,12.17,17.7,27.318163835084157,6.067,6.52,
2011-10,,,-0.8000000000000043,,13.2,11.35,17.249736,34.14369848182179,5.495,5.0,
2011-11,,,-1.3999999999999986,,12.4,9.91,17.3,21.3694636881552,4.225,2.72,
2011-12,8.7,8.58,1.2999999999999972,,12.8,,18.1,5.7416283519228,4.07,1.69,
2012-01,,,0.20000000000000284,,2.8,,13.1,,4.5,0.73,
2012-02,,,0.5,,21.3,22.9,16.4,21.46658365894374,3.2,0.03,
2012-03,8.1,8.39,2.1000000000000014,1.3999999999999986,11.9,7.01,15.2,21.142887957948737,3.6,-0.32,
2012-04,,,0.19999999999999574,-2.3999999999999986,9.3,3.74,14.078876,19.245714651899302,3.4,-0.7,
2012-05,,,-2.8999999999999986,-0.7000000000000028,9.6,5.21,13.793596,21.04100365019172,3.0,-1.4,
2012-06,7.7,7.59,-0.19999999999999574,2.1000000000000014,9.5,4.253966,13.7,21.781433817796948,2.2,-2.08,
2012-07,,,-0.10000000000000142,-2.0,9.2,4.514594,13.1,20.6387241959447,1.8,-2.87,
2012-08,,,-0.8999999999999986,0.7000000000000028,8.9,3.58,13.2,19.36488532611313,2.0,-3.48,
2012-09,7.5,7.43,0.5999999999999943,-2.5,9.2,2.92,14.2,23.07954148202022,1.9,-3.55,
2012-10,,,0.4000000000000057,1.7999999999999972,9.6,6.05,14.5,22.40547865154627,1.7,-2.76,
2012-11,,,0.3999999999999986,-0.19999999999999574,10.1,7.58,14.9,19.96347851659654,2.0,-2.2,
2012-12,8.1,7.77,0.0,0.5,10.3,,15.2,18.83629678273857,2.5,-1.94,
2013-01,,,-0.20000000000000284,0.19999999999999574,17.7,,,,2.0305,-1.64,
2013-02,,,-0.29999999999999716,-1.2999999999999972,2.2,-12.49,12.2999,,3.2198,-1.63,
2013-03,7.9,7.95,0.7999999999999972,0.29999999999999716,8.9,1.94,12.60029,52.98798963144027,2.0696,-1.92,
2013-04,,,-0.29999999999999716,-1.3999999999999986,9.3,6.78,12.8,24.55461210393499,2.3861,-2.62,
2013-05,,,0.19999999999999574,-0.20000000000000284,9.2,5.022142,12.892196,43.87643570102015,2.0981,-2.87,
2013-06,7.6,7.56,-0.6999999999999957,0.30000000000000426,8.9,6.295814,13.31247,50.32411127835306,2.6684,-2.7,
2013-07,,,0.19999999999999574,0.3999999999999986,9.7,8.832639,13.212343,-3.30547425517889,2.6741,-2.27,
2013-08,,,0.7000000000000028,-0.5,10.4,13.67,13.370123,21.5885617882489,2.5666,-1.62,
2013-09,7.9,7.74,0.10000000000000142,1.3999999999999986,10.2,10.4,13.3,38.587333709810714,3.0519,-1.34,
2013-10,,,0.29999999999999716,0.8999999999999986,10.3,9.53,13.320159,8.94642241223262,3.2058,-1.51,
2013-11,,,0.0,-0.6999999999999957,10.0,8.45,13.721251,11.24481544748496,3.018,-1.42,
2013-12,7.7,7.64,-0.3999999999999986,-1.6000000000000014,9.7,,13.6,34.28187128184647,2.4987,-1.36,
2014-01,,,-0.5,-1.0,8.5,,,,2.4861,-1.64,
2014-02,,,-0.29999999999999716,2.299999999999997,8.8,13.736301,11.8246,-21.54431346738464,1.9511,-2.0,
2014-03,7.6,7.32,0.09999999999999432,-1.0,8.8,7.2,12.2404,48.14926891300035,2.3848,-2.3019,
2014-04,,,0.10000000000000142,0.6000000000000014,8.7,4.61,11.93653,19.557289436005938,1.8014,-2.0042,
2014-05,,,0.3999999999999986,1.0,8.8,5.3,12.514318,40.3641357902847,2.4773,-1.4464,
2014-06,7.7,7.4,0.20000000000000284,-0.8999999999999986,9.2,5.86,12.42793,48.03655829979618,2.3361,-1.1092,
2014-07,,,0.7000000000000028,-0.29999999999999716,9.0,2.98,12.22174,-6.75452400560677,2.2852,-0.8688,
2014-08,,,-0.6000000000000014,0.3999999999999986,6.9,-1.49,11.901354,14.57490393675657,1.9909,-1.2038,
2014-09,7.3,7.24,0.0,-1.1000000000000014,8.0,2.73,11.567603,27.27847735623989,1.6275,-1.7996,
2014-10,,,-0.30000000000000426,0.10000000000000142,7.7,3.052641,11.520769,3.73996585156917,1.6011,-2.2428,
2014-11,,,-0.5,0.0,7.2,3.282558,11.720801,5.758837075370829,1.4393,-2.6928,
2014-12,7.4,7.25,-0.19999999999999574,0.6999999999999957,7.9,4.153247,11.889118,28.58648622104194,1.5056,-3.3152,
2015-01,,,-0.30000000000000426,-0.3999999999999986,9.6,,,,0.7638,-4.3202,
2015-02,,,0.10000000000000142,0.30000000000000426,3.6,-6.3,10.7142,-23.798693619759177,1.4311,-4.7976,
2015-03,7.1,7.02,0.20000000000000284,-0.9000000000000057,5.6,-2.177386,10.244532,42.10546815372438,1.3758,-4.5603,
2015-04,,,0.0,0.10000000000000142,5.9,1.287186,10.002445,11.64226730855111,1.5091,-4.5725,
2015-05,,,0.10000000000000142,-0.3999999999999986,6.1,1.578521,10.130209,32.28078804568421,1.2308,-4.607,
2015-06,7.1,6.91,0.0,0.29999999999999716,6.8,1.760122,10.631952,41.27008106344754,1.3909,-4.8135,
2015-07,,,-0.20000000000000284,0.5,6.0,-1.317016,10.512323,-13.068257866692731,1.6473,-5.3692,
2015-08,,,-0.29999999999999716,-0.19999999999999574,6.1,1.903499,10.792317,8.10400808373454,1.9554,-5.9227,
2015-09,7.0,6.79,0.09999999999999432,0.3999999999999986,5.7,-0.15279,10.9,20.003012383903908,1.5956,-5.945,
2015-10,,,0.0,-0.7000000000000028,5.6,-0.242482,11.023401,1.71755505251063,1.2674,-5.9,
2015-11,,,-0.19999999999999574,0.5,6.2,0.581849,11.172228,2.86076301527229,1.4856,-5.9,
2015-12,6.9,6.85,0.10000000000000142,0.9000000000000057,5.9,-2.153065,11.1,21.15687933014594,1.6,-5.9,
2016-01,,,-0.30000000000000426,-1.0,5.865724,,,,1.8,-5.3,
2016-02,,,-0.3999999999999986,-0.5,4.906937,4.020384,10.2,-25.38320565812242,2.3,-4.9,
2016-03,6.8,6.7,1.2000000000000028,0.8999999999999986,6.8,5.640467,10.5,38.74311433616875,2.301391,-4.3,
2016-04,,,-0.10000000000000142,-0.6000000000000014,6.0,1.885077,10.1,8.63338837428011,2.327865,-3.4,
2016-05,,,0.0,-0.5,6.0,2.053089,10.0,29.69765843446814,2.038999,-2.8,
2016-06,6.7,6.62,-0.10000000000000142,0.20000000000000284,6.2,2.640878,10.6,37.88424039869424,1.879503,-2.6,
2016-07,,,-0.10000000000000142,0.3999999999999986,6.0,8.168144,10.2,-19.051085226795518,1.765113,-1.7,
2016-08,,,0.5,0.10000000000000142,6.3,8.279983,10.6,6.44416035624193,1.339773,-0.8,
2016-09,6.7,6.67,0.0,-0.4000000000000057,6.1,6.871408,10.7,19.91412603106066,1.920226,0.1,
2016-10,,,0.8000000000000043,0.30000000000000426,6.1,6.986335,10.0,3.5441402334551704,2.095947,1.2,
2016-11,,,0.5,1.1000000000000014,6.2,6.966866,10.8,2.31618391974814,2.252258,3.3,
2016-12,6.8,6.7,-0.30000000000000426,-0.5,6.0,6.879046,10.9,16.47096721864669,2.076545,5.5,
2017-01,,,-0.10000000000000142,0.29999999999999716,2.93725,,,,2.549055,6.9,
2017-02,,,0.30000000000000426,-0.29999999999999716,10.322581,17.212391,9.5,-23.94873300017415,0.8,7.8,
2017-03,7.0,6.81,0.19999999999999574,1.0,7.6,7.892457,10.9,37.864258682839505,0.9,7.6,
2017-04,,,-0.5999999999999943,-1.6000000000000014,6.5,6.023428,10.7,5.67523389613224,1.2,6.4,
2017-05,,,0.0,0.8999999999999986,6.5,5.054293,10.7,27.042873511416072,1.5,5.5,
2017-06,7.0,6.74,0.5,0.29999999999999716,7.6,6.513623,11.0,39.593168394515736,1.5,5.5,
2017-07,,,-0.30000000000000426,-0.6999999999999957,6.4,9.936585,10.4,-19.64141878963234,1.4,5.5,
2017-08,,,0.30000000000000426,-0.5,6.0,6.430298,10.1,6.38662605763615,1.8,6.3,
2017-09,6.9,6.77,0.6999999999999957,1.7999999999999972,6.6,7.199605,10.3,17.72023190538789,1.6,6.9,
2017-10,,,-0.7999999999999972,-0.8999999999999986,6.2,4.96278,10.0,-2.02659641123365,1.9,6.9,
2017-11,,,0.19999999999999574,0.10000000000000142,6.1,4.641953,10.2,-0.49285970181508,1.7,5.8,
2017-12,6.8,6.73,-0.19999999999999574,-0.20000000000000284,6.2,7.37,9.4,4.634145396390861,1.8,4.9,
2018-01,,,-0.30000000000000426,1.0,15.434501,,,,1.5,4.3,
2018-02,,,-1.0,-0.6000000000000014,-2.119883,2.03,9.7,-22.99591812450316,2.9,3.7,0.040000000000000036
2018-03,6.9,6.76,1.2000000000000028,-0.19999999999999574,6.0,3.64,10.1,35.669078753665914,2.1,3.1,0.05999999999999961
2018-04,,,-0.10000000000000142,0.19999999999999574,7.0,7.82,9.4,2.28215973958809,1.8,3.4,-0.15999999999999925
2018-05,,,0.5,0.20000000000000284,6.8,11.4,8.5,22.02821050089261,1.8,4.1,-0.10000000000000053
2018-06,6.9,6.76,-0.3999999999999986,0.0,6.0,7.98,9.0,36.84298816574094,1.9,4.7,0.0
2018-07,,,-0.29999999999999716,-1.0,6.0,6.82,8.8,-23.93729388530963,2.1,4.6,0.2999999999999998
2018-08,,,0.09999999999999432,0.3999999999999986,6.1,8.82,9.0,4.49847466643178,2.3,4.1,-0.09999999999999964
2018-09,6.7,6.61,-0.5,0.0,5.8,8.0,9.2,20.3440696237851,2.5,3.6,-0.09999999999999964
2018-10,,,-0.5999999999999943,-1.2999999999999972,5.9,6.73,8.6,-0.31564535958210005,2.5,3.3,0.0
2018-11,,,-0.20000000000000284,0.29999999999999716,5.4,6.32,8.1,3.9774309722821104,2.2,2.7,-0.10000000000000053
2018-12,6.5,6.42,-0.6000000000000014,-0.10000000000000142,5.7,8.78,8.160814,-53.93181703816998,1.9,0.9,0.10000000000000053
2019-01,,,0.10000000000000142,1.3000000000000043,6.797753,,,,1.7,0.1,0.1999999999999993
2019-02,,,-0.29999999999999716,-0.10000000000000142,3.360717,7.18,8.2,-20.79914466537479,1.5,0.1,0.20000000000000018
2019-03,6.4,6.32,1.2999999999999972,0.10000000000000142,8.5,7.5,8.7,27.777528794872943,2.3,0.4,-0.09999999999999964
2019-04,,,-0.3999999999999986,-0.30000000000000426,5.4,5.84,7.2,-4.02764665015943,2.5,0.9,-0.20000000000000018
2019-05,,,-0.7000000000000028,0.20000000000000284,5.0,2.35,8.6,15.324190689429981,2.7,0.6,0.0
2019-06,6.1,6.25,0.0,-0.10000000000000142,6.3,5.51,9.8,32.19583367107077,2.7,0.0,0.09999999999999964
2019-07,,,0.30000000000000426,-0.5,4.8,2.69,7.6,-38.73488120285949,2.8,-0.3,0.20000000000000018
2019-08,,,-0.20000000000000284,-0.3999999999999986,4.4,3.59,7.5,-11.53517321569029,2.8,-0.8,-0.09999999999999964
2019-09,6.0,6.08,0.29999999999999716,0.5,5.8,4.41,7.8,2.0485175202156403,3.0,-1.2,0.0
2019-10,,,-0.5,-1.6000000000000014,4.7,5.03,7.2,-27.25089332786597,3.8,-1.6,-0.10000000000000053
2019-11,,,0.9000000000000057,2.1000000000000014,6.2,4.71,8.0,-64.3851851851852,4.5,-1.4,0.0
2019-12,5.9,6.05,0.0,-0.5,6.9,13.77,8.0,-71.21555915721231,4.5,-0.5,0.10000000000000053
2020-01,,,-0.20000000000000284,0.10000000000000142,-4.313519,,,,5.4,0.1,0.09999999999999964
2020-02,,,-14.299999999999997,-23.0,-25.867052,-10.09,-20.5,26.37187606659334,5.2,-0.4,0.9000000000000004
2020-03,-6.8,-4.77,16.299999999999997,21.699999999999996,-1.1,-4.17,-15.8,13.31802269838793,4.3,-1.5,-0.2999999999999998
2020-04,,,-1.2000000000000028,0.30000000000000426,3.9,0.69,-7.5,-7.616358598435689,3.3,-3.1,0.09999999999999964
2020-05,,,-0.19999999999999574,0.19999999999999574,4.4,4.61,-2.8,15.76583265275819,2.4,-3.7,-0.09999999999999964
2020-06,3.2,2.87,0.29999999999999716,1.1000000000000014,4.8,6.07,-1.8,33.33063681076884,2.5,-3.0,-0.20000000000000018
2020-07,,,0.20000000000000284,-0.29999999999999716,4.8,2.29,-1.1,-41.613832853025926,2.7,-2.4,0.0
2020-08,,,-0.10000000000000142,1.1999999999999957,5.6,7.73,0.5,-0.34543701799485,2.4,-2.0,-0.10000000000000053
2020-09,4.9,5.24,0.5,0.9000000000000057,6.9,7.22,3.3,11.52002474099274,1.7,-2.1,-0.1999999999999993
2020-10,,,-0.10000000000000142,0.29999999999999716,6.9,6.59,4.3,-22.80441098784997,0.5,-2.1,-0.10000000000000053
2020-11,,,0.7000000000000028,0.20000000000000284,7.0,9.38,5.0,-67.2517916096304,-0.5,-1.5,-0.09999999999999964
2020-12,6.5,6.23,-0.20000000000000284,-0.9000000000000057,7.3,17.25,4.6,-15.2859269638322,0.2,-0.4,0.0
2021-01,,,-0.6000000000000014,-3.6999999999999957,25.398571,26.16,,,-0.3,0.3,0.20000000000000018
2021-02,,,-0.6999999999999957,-0.30000000000000426,52.339181,18.53,33.8,154.7072072072072,-0.2,1.7,0.09999999999999964
2021-03,18.9,18.85,1.2999999999999972,4.400000000000006,14.1,20.73,34.2,52.32121957806921,0.4,4.4,-0.20000000000000018
2021-04,,,-0.7999999999999972,-0.8000000000000043,9.8,14.17,17.7,-5.92656723466215,0.9,6.8,-0.20000000000000018
2021-05,,,-0.10000000000000142,-0.10000000000000142,8.8,13.47,12.4,-4.87101121889177,1.3,9.0,-0.09999999999999964
2021-06,8.1,8.43,-0.10000000000000142,-2.0,8.3,10.75,12.1,-0.62049062049062,1.1,8.8,0.0
2021-07,,,-0.5,0.20000000000000284,6.4,13.68,8.5,-43.41273404603866,1.0,9.0,0.09999999999999964
2021-08,,,-0.29999999999999716,-7.299999999999997,5.3,4.3,2.5,-6.786246875722,0.8,9.5,0.0
2021-09,5.5,5.34,-0.5,7.199999999999996,3.1,7.63,4.4,2.60781942765013,0.7,10.7,-0.1999999999999993
2021-10,,,-0.3999999999999986,-0.7999999999999972,3.5,6.11,4.9,-16.812257348863,1.5,13.5,0.0
2021-11,,,0.8999999999999986,-0.5,3.8,3.1,3.9,3.20131730892605,2.3,12.9,0.09999999999999964
2021-12,4.5,3.97,0.19999999999999574,0.8999999999999986,4.3,-2.18,1.7,210.2102286697812,1.5,10.3,0.09999999999999964
2022-01,,,-0.19999999999999574,-1.7000000000000028,3.857957,-1.27,,,0.9,9.1,0.20000000000000018
2022-02,,,0.10000000000000142,0.20000000000000284,12.795905,16.94,6.7,162.38176461466892,0.9,8.8,0.20000000000000018
2022-03,4.8,4.77,-0.7000000000000028,-3.799999999999997,5.0,3.5,-3.525412,19.61490847997169,1.5,8.3,0.2999999999999998
2022-04,,,-2.1000000000000014,-6.700000000000003,-2.9,-1.3,-11.1,-4.10969699357737,2.1,8.0,0.2999999999999998
2022-05,,,2.200000000000003,7.100000000000001,0.7,-1.3,-6.7,9.6423342396988,2.1,6.4,-0.1999999999999993
2022-06,0.8,1.16,0.6000000000000014,7.199999999999996,3.9,4.7,3.1,30.63676092032008,2.5,6.1,-0.40000000000000036
2022-07,,,-1.2000000000000028,-1.5,3.8,6.3,2.7,-21.943113434328758,2.7,4.2,-0.09999999999999964
2022-08,,,0.3999999999999986,-0.8999999999999986,4.2,10.7,5.4,1.4174511611948701,2.5,2.3,-0.10000000000000053
2022-09,4.0,3.68,0.7000000000000028,-3.0,6.3,0.89,2.5,22.36593059936908,2.8,0.9,0.20000000000000018
2022-10,,,-0.8999999999999986,-1.8999999999999986,5.0,2.24,-0.5,-1.7028715088187902,2.1,-1.3,0.0
2022-11,,,-1.2000000000000028,-1.8999999999999986,2.2,0.43,-5.9,1.22510209184099,1.6,-1.3,0.20000000000000018
2022-12,3.0,1.85,-1.0,-5.700000000000003,1.3,-4.55,-1.8,7.94877639404048,1.8,-0.7,-0.20000000000000018
2023-01,,,3.1000000000000014,14.600000000000001,-9.793162,-4.8,,,2.1,-0.8,0.0
2023-02,,,2.5,1.6000000000000014,18.774816,11.0,3.5,6.16665015357178,1.0,-1.4,0.09999999999999964
2023-03,4.7,4.04,-0.7000000000000028,1.2999999999999972,3.9,5.92,10.6,5.7955597580915095,0.7,-2.5,-0.2999999999999998
2023-04,,,-2.6999999999999957,-1.7999999999999972,5.6,8.33,18.4,-25.705520338575838,0.1,-3.6,-0.09999999999999964
2023-05,,,-0.4000000000000057,-1.3000000000000043,3.5,7.4,12.7,-15.078484549638391,0.2,-4.6,0.0
2023-06,6.5,6.84,0.20000000000000284,-1.0,4.4,3.87,3.1,3.58260206028233,0.0,-5.4,0.0
2023-07,,,0.29999999999999716,-1.2999999999999972,3.7,6.46,2.5,-34.64546482143402,-0.3,-4.4,0.09999999999999964
2023-08,,,0.4000000000000057,-1.0,4.5,3.89,4.6,-14.96010913149518,0.1,-3.0,-0.09999999999999964
2023-09,5.0,4.46,0.5,0.3999999999999986,4.5,9.89,5.5,1.4779887512158,0.0,-2.5,-0.20000000000000018
2023-10,,,-0.7000000000000028,-0.7999999999999972,4.6,8.39,7.6,-18.28895517990645,-0.2,-2.6,0.0
2023-11,,,-0.10000000000000142,-0.8000000000000043,6.6,11.597037,10.1,-17.26776829780006,-0.5,-3.0,0.0
2023-12,5.3,5.42,-0.3999999999999986,0.0,6.8,10.0,7.4,-13.094846039848502,-0.3,-2.7,0.09999999999999964
2024-01,,,0.20000000000000284,0.8000000000000043,26.3,,,,-0.8,-2.5,0.10000000000000053
2024-02,,,-0.10000000000000142,0.8999999999999986,-12.7,,5.5,-2.39562338036279,0.7,-2.7,0.09999999999999964
2024-03,5.3,4.91,1.6999999999999957,1.3999999999999986,4.5,7.36,3.1,-8.17888272952945,0.1,-2.8,-0.09999999999999964
2024-04,,,-0.3999999999999986,-2.1000000000000014,6.7,6.96,2.3,-19.2645005120566,0.3,-2.5,-0.20000000000000018
2024-05,,,-0.8999999999999986,0.20000000000000284,5.6,7.22,3.7,10.957711442786069,0.3,-1.4,0.0
2024-06,4.7,5.08,0.0,-0.29999999999999716,5.3,5.83,2.0,38.83579706287954,0.2,-0.8,0.0
2024-07,,,-0.10000000000000142,-0.20000000000000284,5.1,5.69,2.7,-22.24391321963976,0.5,-0.8,0.20000000000000018
2024-08,,,-0.29999999999999716,0.20000000000000284,4.5,8.87,2.1,-2.36297767909313,0.6,-1.8,0.09999999999999964
2024-09,4.6,4.58,0.6999999999999957,-0.30000000000000426,5.4,8.52,3.2,20.53519346684813,0.4,-2.8,-0.20000000000000018
2024-10,,,0.30000000000000426,0.20000000000000284,5.3,4.33,4.8,-7.8115558518950605,0.3,-2.9,-0.09999999999999964
2024-11,,,0.19999999999999574,0.0,5.4,2.79,3.0,-3.95952584846982,0.2,-2.5,0.0
2024-12,5.4,5.07,-0.19999999999999574,1.8999999999999986,6.2,3.18,3.7,17.22014249486776,0.1,-2.3,0.09999999999999964
2025-01,,,-1.0,-1.7000000000000028,-11.11,,,,0.5,-2.3,0.10000000000000053
2025-02,,,1.1000000000000014,-0.29999999999999716,31.02,8.6,4.0,24.62460328738571,-0.7,-2.2,0.20000000000000018
2025-03,5.4,5.16,0.29999999999999716,0.29999999999999716,7.7,4.8041,5.9,-0.57427183511318,-0.1,-2.5,-0.20000000000000018
2025-04,,,-1.5,-0.19999999999999574,6.1,4.6813,5.1,-10.864925297286309,-0.1,-2.7,-0.10000000000000053
2025-05,,,0.5,0.10000000000000142,5.8,4.4315,6.4,3.6070942595539597,-0.1,-3.3,-0.09999999999999964
2025-06,5.2,5.16,0.20000000000000284,-0.10000000000000142,6.8,5.421237,4.8,27.131487501401192,0.1,-3.6,0.0
2025-07,,,-0.4000000000000057,-0.10000000000000142,5.7,8.582166,3.7,-31.035985013505268,0.0,-3.6,0.20000000000000018
2025-08,,,0.10000000000000142,0.5,5.2,4.990763,3.4,-10.27475130270014,-0.4,-2.9,0.09999999999999964
2025-09,4.8,4.76,0.3999999999999986,-0.3999999999999986,6.5,4.5367,3.0,8.73749222004116,-0.3,-2.3,-0.09999999999999964
2025-10,,,-0.7999999999999972,0.10000000000000142,4.9,10.356738,2.9,-24.62847579295465,0.2,-2.1,-0.10000000000000053
2025-11,,,0.20000000000000284,-0.7000000000000028,4.8,6.171445,1.3,-20.61974505017629,0.7,-2.2,0.0
2025-12,4.5,4.48,0.8999999999999986,0.20000000000000284,5.2,2.770855,0.9,-3.43994180726001,0.8,-1.9,0.0
2026-01,,,-0.8000000000000043,-0.20000000000000284,6.3,,,,0.2,-1.4,0.10000000000000053
2026-02,,,-0.29999999999999716,0.20000000000000284,6.3,,2.8,8.62470382198412,1.3,-0.9,0.09999999999999964
2026-03,5.0,4.89,1.3999999999999986,0.5,5.7,3.515013,1.7,-5.00199547691898,1.0,0.5,0.10000000000000053
2026-04,,,-0.10000000000000142,-0.6000000000000014,,,,,,,
