month,中国:GDP:现价:当季值,中国:GDP:不变价:当季值,万得一致预测:中国:GDP:不变价:当季同比,中国:制造业PMI,中国:非制造业PMI:服务业,中国:工业增加值:规模以上工业企业:当月同比(1-2月拆分),中国:全社会用电量:当月同比,中国:社会消费品零售总额:当月同比(1-2月合并),中国:固定资产投资完成额:累计同比,中国:固定资产投资完成额:固投当月同比,中国:CPI:当月同比,中国:PPI:当月同比,中国:城镇调查失业率,中国:GDP:现价:当季值同比,中国:GDP:不变价:当季值同比
1980-01,,,,,,,,,,,,,,,
1980-02,,,,,,,,,,,,,,,
1980-03,,,,,,,,,,,,,,,
1980-04,,,,,,,,,,,,,,,
1980-05,,,,,,,,,,,,,,,
1980-06,,,,,,,,,,,,,,,
1980-07,,,,,,,,,,,,,,,
1980-08,,,,,,,,,,,,,,,
1980-09,,,,,,,,,,,,,,,
1980-10,,,,,,,,,,,,,,,
1980-11,,,,,,,,,,,,,,,
1980-12,,,,,,,,,,,,,,,
1981-01,,,,,,,,,,,,,,,
1981-02,,,,,,,,,,,,,,,
1981-03,,,,,,,,,,,,,,,
1981-04,,,,,,,,,,,,,,,
1981-05,,,,,,,,,,,,,,,
1981-06,,,,,,,,,,,,,,,
1981-07,,,,,,,,,,,,,,,
1981-08,,,,,,,,,,,,,,,
1981-09,,,,,,,,,,,,,,,
1981-10,,,,,,,,,,,,,,,
1981-11,,,,,,,,,,,,,,,
1981-12,,,,,,,,,,,,,,,
1982-01,,,,,,,,,,,,,,,
1982-02,,,,,,,,,,,,,,,
1982-03,,,,,,,,,,,,,,,
1982-04,,,,,,,,,,,,,,,
1982-05,,,,,,,,,,,,,,,
1982-06,,,,,,,,,,,,,,,
1982-07,,,,,,,,,,,,,,,
1982-08,,,,,,,,,,,,,,,
1982-09,,,,,,,,,,,,,,,
1982-10,,,,,,,,,,,,,,,
1982-11,,,,,,,,,,,,,,,
1982-12,,,,,,,,,,,,,,,
1983-01,,,,,,,,,,,,,,,
1983-02,,,,,,,,,,,,,,,
1983-03,,,,,,,,,,,,,,,
1983-04,,,,,,,,,,,,,,,
1983-05,,,,,,,,,,,,,,,
1983-06,,,,,,,,,,,,,,,
1983-07,,,,,,,,,,,,,,,
1983-08,,,,,,,,,,,,,,,
1983-09,,,,,,,,,,,,,,,
1983-10,,,,,,,,,,,,,,,
1983-11,,,,,,,,,,,,,,,
1983-12,,,,,,,,,,,,,,,
1984-01,,,,,,,,,,,,,,,
1984-02,,,,,,,,,,,,,,,
1984-03,,,,,,,,,,,,,,,
1984-04,,,,,,,,,,,,,,,
1984-05,,,,,,,,,,,,,,,
1984-06,,,,,,,,,,,,,,,
1984-07,,,,,,,,,,,,,,,
1984-08,,,,,,,,,,,,,,,
1984-09,,,,,,,,,,,,,,,
1984-10,,,,,,,,,,,,,,,
1984-11,,,,,,,,,,,,,,,
1984-12,,,,,,,,,,,,,,,
1985-01,,,,,,,,,,,,,,,
1985-02,,,,,,,,,,,,,,,
1985-03,,,,,,,,,,,,,,,
1985-04,,,,,,,,,,,,,,,
1985-05,,,,,,,,,,,,,,,
1985-06,,,,,,,,,,,,,,,
1985-07,,,,,,,,,,,,,,,
1985-08,,,,,,,,,,,,,,,
1985-09,,,,,,,,,,,,,,,
1985-10,,,,,,,,,,,,,,,
1985-11,,,,,,,,,,,,,,,
1985-12,,,,,,,,,,,,,,,
1986-01,,,,,,,,,,,,,,,
1986-02,,,,,,,,,,,,,,,
1986-03,,,,,,,,,,,,,,,
1986-04,,,,,,,,,,,,,,,
1986-05,,,,,,,,,,,,,,,
1986-06,,,,,,,,,,,,,,,
1986-07,,,,,,,,,,,,,,,
1986-08,,,,,,,,,,,,,,,
1986-09,,,,,,,,,,,,,,,
1986-10,,,,,,,,,,,,,,,
1986-11,,,,,,,,,,,,,,,
1986-12,,,,,,,,,,,,,,,
1987-01,,,,,,,,,,,5.1,,,,
1987-02,,,,,,,,,,,5.4,,,,
1987-03,,,,,,,,,,,5.8,,,,
1987-04,,,,,,,,,,,6.7,,,,
1987-05,,,,,,,,,,,7.6,,,,
1987-06,,,,,,,,,,,7.8,,,,
1987-07,,,,,,,,,,,7.8,,,,
1987-08,,,,,,,,,,,8.2,,,,
1987-09,,,,,,,,,,,7.7,,,,
1987-10,,,,,,,,,,,7.5,,,,
1987-11,,,,,,,,,,,8.3,,,,
1987-12,,,,,,,,,,,8.9,,,,
1988-01,,,,,,,,,,,9.4,,,,
1988-02,,,,,,,,,,,10.4,,,,
1988-03,,,,,,,,,,,11.3,,,,
1988-04,,,,,,,,,,,12.2,,,,
1988-05,,,,,,,,,,,14.2,,,,
1988-06,,,,,,,,,,,16.3,,,,
1988-07,,,,,,,,,,,19.2,,,,
1988-08,,,,,,,,,,,23.6,,,,
1988-09,,,,,,,,,,,26.4,,,,
1988-10,,,,,,,,,,,27.1,,,,
1988-11,,,,,,,,,,,26.8,,,,
1988-12,,,,,,,,,,,27.9,,,,
1989-01,,,,,,,,,,,27.4,,,,
1989-02,,,,,,,,,,,28.4,,,,
1989-03,,,,,,,,,,,27.1,,,,
1989-04,,,,,,,,,,,26.6,,,,
1989-05,,,,,,,,,,,24.8,,,,
1989-06,,,,,,,,,,,22.8,,,,
1989-07,,,,,,,,,,,19.4,,,,
1989-08,,,,,,,,,,,15.3,,,,
1989-09,,,,,,,,,,,11.5,,,,
1989-10,,,,,,,,,,,8.6,,,,
1989-11,,,,,,,,,,,7.4,,,,
1989-12,,,,,,,,,,,6.6,,,,
1990-01,,,,,,-21.1,,,,,4.3,,,,
1990-02,,,,,,5.0,,,,,4.4,,,,
1990-03,,,,,,0.8,,,,,3.4,,,,
1990-04,,,,,,1.7,,,,,3.2,,,,
1990-05,,,,,,3.3,,,,,2.7,,,,
1990-06,,,,,,5.0,,,,,1.1,,,,
1990-07,,,,,,2.5,,,,,1.1,,,,
1990-08,,,,,,4.2,,,,,2.5,,,,
1990-09,,,,,,6.7,,,,,2.9,,,,
1990-10,,,,,,10.9,,,,,3.1,,,,
1990-11,,,,,,12.6,,,,,3.7,,,,
1990-12,,,,,,12.6,,,,,4.3,,,,
1991-01,,,,,,23.5,,,,,2.2,,,,
1991-02,,,,,,9.2,,,,,1.0,,,,
1991-03,,,,,,10.9,,,,,1.6,,,,
1991-04,,,,,,10.9,,,,,1.3,,,,
1991-05,,,,,,10.9,,,,,3.6,,,,
1991-06,,,,,,9.2,,,,,4.4,,,,
1991-07,,,,,,10.9,,,,,4.7,,,,
1991-08,,,,,,11.8,,,,,4.9,,,,
1991-09,,,,,,12.6,,,,,4.5,,,,
1991-10,,,,,,11.8,,,,,4.8,,,,
1991-11,,,,,,7.6,,,,,4.4,,,,
1991-12,,,,,,5.0,,,,,4.5,,,,
1992-01,,,,,,10.9,,,,,5.5,,,,
1992-02,,,,,,18.5,,0.0,56.7,,5.3,,,,
1992-03,5284.9,,,,,16.8,,0.0,,,5.3,,,,
1992-04,,,,,,15.1,,0.0,,,7.1,,,,
1992-05,,,,,,14.3,,0.0,,,4.7,,,,
1992-06,6507.9,,,,,16.8,,0.0,31.0,,4.8,,,,
1992-07,,,,,,19.3,,0.0,32.0,,5.2,,,,
1992-08,,,,,,17.6,,0.0,33.0,,5.8,,,,
1992-09,7218.4,,,,,17.6,,0.0,33.0,,7.5,,,,
1992-10,,,,,,18.5,,0.0,33.6,,7.9,,,,
1992-11,,,,,,21.8,,0.0,33.9,,8.2,,,,
1992-12,8284.4,,,,,26.9,,0.0,36.8,,8.8,,,,
1993-01,,,,,,8.4,,,,,10.3,,,,
1993-02,,,,,,27.7,,0.0,64.1,,10.5,,,,
1993-03,6866.3,,,,,21.8,,0.0,63.7,1.29168653632173,12.2,,,0.29922988136010154,
1993-04,,,,,,21.0,,0.0,62.5,0.7678062678062674,12.6,,,,
1993-05,,,,,,22.7,,0.0,64.2,1.2119453106260503,14.0,,,,
1993-06,8390.4,,,,,25.2,,0.0,63.6,1.1929531420268793,15.1,,,0.2892638178214171,
1993-07,,,,,,21.0,,0.0,63.9,0.3887917820743809,16.2,,,,
1993-08,,,,,,19.3,,0.0,61.6,0.59404864640266,16.0,,,,
1993-09,9423.1,,,,,16.0,,0.0,59.6,0.7085099939430648,15.7,,,0.3054277956333815,
1993-10,,,,,,13.4,,0.0,58.2,0.6678747156235116,15.9,,,,
1993-11,,,,,,16.0,,0.0,57.3,0.6652847009202449,16.7,,,,
1993-12,11139.9,,,,,25.2,,0.0,65.5,9.704663778696451,18.8,,,0.34468398435613934,
1994-01,,,,,,27.7,,,,,21.1,,,,
1994-02,,,,,,3.4,,0.0,39.3,-0.9000607275857119,23.2,,,,
1994-03,9424.1,,,,,16.0,,0.0,30.9,0.7422693977806045,22.4,,,0.3725150372107249,
1994-04,,,,,,16.8,,0.0,35.4,0.6531525282652422,21.7,,,,
1994-05,,,,,,17.6,,0.0,31.5,0.712597367714209,21.3,,,,
1994-06,11532.7,,,,,15.1,,0.0,36.6,0.9305760388652733,22.6,,,0.37451134630053406,
1994-07,,,,,,15.1,,0.0,43.4,0.44422911283376365,24.0,,,,
1994-08,,,,,,29.4,,0.0,41.8,0.2916836092554944,25.8,,,,
1994-09,12925.4,,,,,21.8,,0.0,41.8,0.6048362841617712,27.3,,,0.3716717428447114,
1994-10,,,,,,24.4,,0.0,38.4,0.33710892493131217,27.7,,,,
1994-11,,,,,,23.5,,0.0,36.1,0.3522498374280316,27.5,,,,
1994-12,14980.1,,,,,18.5,,0.0,32.8,8.065420426254523,25.5,,,0.34472481799657095,
1995-01,,,,,,11.4,,34.3,,,24.1,,,,
1995-02,,,,,,15.5,,28.3,31.3,0.5908993115318417,22.4,,,,
1995-03,12182.3,,,,,16.4,,31.3,37.2,0.6972458587180903,21.3,,,0.2926751626149975,
1995-04,,,,,,15.4,,32.3,31.5,0.4306123733400469,20.7,,,,
1995-05,,,,,,13.1,,30.6,28.1,0.42837724801338384,20.3,,,,
1995-06,14685.2,,,,,13.9,,28.0,25.5,0.28552491153176374,18.2,,,0.2733531610117319,
1995-07,,,,,,13.6,,29.7,14.0,0.09687926506176137,16.7,,,,
1995-08,,,,,,11.8,,27.3,16.8,0.5451588241466669,14.5,,,,
1995-09,16241.8,,,,,11.4,,25.8,17.6,0.42549788850296033,13.2,,,0.2565800671545948,
1995-10,,,,,,12.9,,25.9,18.0,0.4212082245171218,12.1,,,,
1995-11,,,,,,12.1,,24.5,17.5,0.3215885899270443,11.2,,,,
1995-12,18540.1,,,,,14.9,,23.7,21.6,0.040254180113565186,10.1,,,0.23764861382767788,
1996-01,,,,,,16.9,,19.1,,,9.0,,,,
1996-02,,,,,,12.2,,28.1,7.0,0.07048031194356152,9.3,,,,
1996-03,14720.6,,,,,12.2,,21.3,16.2,0.22188436322643823,9.8,,,0.2083596693563614,
1996-04,,,,,,13.7,,18.6,16.3,0.16497294443711197,9.7,,,,
1996-05,,,,,,13.1,,19.3,16.5,0.26065685772149405,8.9,,,,
1996-06,17239.7,,,,,13.8,,19.5,18.6,0.345815382195384,8.6,,,0.17395064418598305,
1996-07,,,,,,12.2,,16.1,20.9,0.24898053075137483,8.3,,,,
1996-08,,,,,,10.6,,16.7,20.2,0.06993868601808395,8.1,,,,
1996-09,18705.5,,,,,13.7,,18.3,19.3,0.14433712552807454,7.4,,,0.15168885222081308,
1996-10,,,,,,13.3,,18.0,18.6,0.1448426394045106,7.0,0.34,,,
1996-11,,,,,,13.4,,17.6,19.2,0.23521424260712132,6.9,0.04,,,
1996-12,21544.7,,,,,14.0,,20.1,12.3,0.019162069570657803,7.0,0.43,,0.16205953581695898,
1997-01,,,,,,10.3,,19.8,,,5.9,0.12,,,
1997-02,,,,,,10.4,,12.4,18.1,0.2392933844275067,5.6,0.44,,,
1997-03,16808.1,,,,,13.5,,14.3,13.9,0.07988880391371378,4.0,0.47,,0.14180807847506194,
1997-04,,,,,,11.9,,13.6,15.0,0.1913195624535835,3.2,0.06,,,
1997-05,,,,,,11.9,,13.0,14.0,0.10208940201875505,2.8,0.07,,,
1997-06,19280.8,,,,,12.1,,13.0,13.8,0.12207554398290976,2.8,-0.37,,0.11839533170530792,
1997-07,,,,,,8.4,,13.0,10.5,-0.0786688991209713,2.7,-0.65,,,
1997-08,,,,,,10.9,,11.8,10.8,0.1358298952713426,1.9,-0.89,,,
1997-09,20629.8,,,,,11.1,,9.9,11.2,0.10059588547969422,1.8,-0.95,,0.10287348640774097,
1997-10,,,,,,11.8,,11.6,12.1,0.2473642185539462,1.5,-0.92,,,
1997-11,,,,,,11.6,,10.8,12.3,0.14116353760265654,1.1,-0.61,,,
1997-12,23506.4,,,,,9.2,,8.9,9.3,0.04713848070409754,0.4,-0.92,,0.09105255584900229,
1998-01,,,,,,1.8,,12.9,,,0.3,-1.32,,,
1998-02,,,,,,9.5,,6.0,10.2,0.11070524473742327,-0.1,-2.65,,,
1998-03,18205.4,,,,,9.0,,6.4,10.3,0.08411834798444207,0.7,-3.2,,0.0831325372885694,
1998-04,,,,,,7.2,,6.6,12.2,0.15722406542549816,-0.3,-3.69,,,
1998-05,,,,,,8.0,,6.8,12.7,0.13480857042500882,-1.0,-4.47,,,
1998-06,20449.7,,,,,7.9,,6.8,13.8,0.05447243392765144,-1.3,-4.88,,0.060625077797601845,
1998-07,,,,,,7.6,,8.1,15.6,0.3938556877141022,-1.4,-4.96,,,
1998-08,,,,,,7.9,,9.3,17.4,0.26231589031253666,-1.4,-5.54,,,
1998-09,21945.6,,,,,10.2,,7.0,20.0,0.3365229373121046,-1.5,-4.19,,0.06378151993717829,
1998-10,,,,,,10.6,,7.6,21.2,0.27490953270539586,-1.1,-5.38,,,
1998-11,,,,,,11.0,,7.4,22.3,0.3975545565587497,-1.2,-5.68,,,
1998-12,25263.2,,,,,11.5,,8.7,19.5,-0.13244125923722816,-1.0,-5.38,,0.07473709287683361,
1999-01,,,,,,17.9,,5.9,,,-1.2,-4.92,,,
1999-02,,,,,,2.1,,10.6,28.3,0.2928336520076482,-1.3,-4.89,,,
1999-03,19551.1,,,,,9.0,,5.8,22.7,0.2210989102145351,-1.8,-4.62,,0.07391762883540043,
1999-04,,,,,,9.1,,5.7,18.1,0.13873011814977798,-2.2,-3.86,,,
1999-05,,,,,,8.9,,5.3,17.6,0.14542837687260168,-2.2,-3.42,,,
1999-06,21751.3,,,,,9.1,,5.4,15.1,0.06265091978750492,-2.1,-3.6,,0.06364885548443255,
1999-07,,,,,,9.3,,5.6,12.7,0.05025489250185733,-1.4,-2.51,,,
1999-08,,,,,,9.5,,6.0,10.4,0.01851078900103742,-1.3,-2.3,,,
1999-09,23255.8,,,,,8.2,,6.6,8.1,-0.03358968618037739,-0.8,-2.1,,0.05970217264508615,
1999-10,,,,,,7.0,,8.2,7.0,0.015790471408589912,-0.6,-0.74,,,
1999-11,,,,,,7.6,,7.8,6.8,0.06390110286167383,-0.9,-1.04,,,
1999-12,26820.7,,,,,7.4,,8.0,6.3,0.040133702090908496,-1.0,-0.83,,0.06165093891510187,
2000-01,,,,,,8.9,,11.3,,,-0.2,0.03,,,
2000-02,,,,,,12.0,,10.5,8.6,0.12976963759628002,0.7,1.2,,,
2000-03,21569.1,,,,,11.9,,9.3,8.5,0.08733568832580452,-0.2,1.87,,0.10321669880467077,
2000-04,,,,,,11.4,,9.1,9.3,0.10317040315597037,-0.3,2.59,,,
2000-05,,,,,,11.5,,11.5,9.5,0.0953683812303241,0.1,0.67,,,
2000-06,24277.1,,,,,12.2,,8.9,12.1,0.1903972483886962,0.5,2.95,,0.11612179501914821,
2000-07,,,,,,12.8,,9.1,12.6,0.14514577268523476,0.5,4.5,,,
2000-08,,,,,,12.8,,9.3,12.7,0.1252087847948784,0.3,3.92,,,
2000-09,25973.8,,,,,12.0,,9.6,12.9,0.22617213176582074,0.0,3.7,,0.11687407012444218,
2000-10,,,,,,11.4,,10.4,12.6,0.1180351351487674,0.0,3.6,,,
2000-11,,,,,,10.6,,8.7,11.7,0.06028320742572535,1.3,3.5,,,
2000-12,29488.6,,,,,10.4,,8.8,9.7,-0.041027014350185076,1.5,2.8,,0.09947167672730384,
2001-01,,,,,,2.3,,12.5,,,1.2,1.43,,,
2001-02,,,,,,19.0,,8.6,16.7,0.18417166734738766,0.0,0.9,,,
2001-03,24390.6,,,,,12.1,,9.5,15.1,0.11633827675343023,0.8,0.2,,0.13081213402506364,
2001-04,,,,,,11.5,,9.7,16.5,0.217839413299608,1.6,-0.1,,,
2001-05,,,,,,10.2,,11.1,17.6,0.21091258950432712,1.7,-0.2,,,
2001-06,27017.8,,,,,10.1,,10.0,17.9,0.1839053531685606,1.4,-0.6,,0.11289239653830152,
2001-07,,,,,,8.1,,9.8,18.4,0.18330975494739454,1.5,-1.3,,,
2001-08,,,,,,8.1,,9.6,18.9,0.21407601977750335,1.0,-2.0,,,
2001-09,28662.0,,,,,9.5,,9.9,18.2,0.14606292292820178,-0.1,-2.9,,0.10349660042042363,
2001-10,,,,,,8.8,,10.5,17.4,0.1297904495522526,0.2,-3.1,,,
2001-11,,,,,,7.9,,10.1,16.3,0.09427368723740792,-0.3,-3.7,,,
2001-12,32086.9,,,,,8.7,,9.6,13.7,0.10097640210118897,-0.3,-4.0,,0.08811201616896036,
2002-01,,,,,,18.6,,7.9,,,-1.0,-4.2,,,
2002-02,,,,,,2.7,,9.1,24.5,0.24520442545965881,0.0,-4.2,,,
2002-03,26666.0,,,,,10.9,,8.3,26.1,0.29818253046605014,-0.8,-4.0,,0.09329003796544577,
2002-04,,,,,,12.1,,8.2,27.1,0.2847977368490162,-1.3,-3.06,,,
2002-05,,,,,,12.9,,9.3,25.8,0.22807768117713545,-1.1,-2.63,,,
2002-06,29550.7,,,,,12.4,,8.6,24.4,0.20044413662698002,-0.8,-2.5,,0.09374930601307296,
2002-07,,,,,,12.8,,8.6,24.1,0.23226146305712136,-0.9,-2.3,,,
2002-08,,,,,,12.7,,8.8,24.2,0.24600245443388924,-0.7,-1.7,,,
2002-09,31664.4,,,,,13.8,,9.1,24.3,0.24726536590228543,-0.7,-1.4,,0.1047519363617333,
2002-10,,,,,,14.2,,9.4,24.1,0.2302713278894717,-0.8,-1.0,,,
2002-11,,,,,,14.5,,9.1,23.4,0.18593540710894096,-0.7,-0.4,,,
2002-12,35430.7,,,,,14.9,,9.2,17.4,0.02406159480106318,-0.4,0.4,,0.10421075267476754,
2003-01,,,,,,14.8,,10.0,,,0.4,2.4,,,
2003-02,,,,,,19.8,,8.5,32.8,0.3753222679138346,0.2,4.0,,,
2003-03,30282.0,,,,,16.9,,9.3,31.6,0.36990892924502883,0.9,4.6,,0.1356033900847522,
2003-04,,,,,,14.9,,7.7,30.5,0.29431466091892644,1.0,3.6,,,
2003-05,,,,,,13.7,,4.3,31.7,0.373955922727913,0.7,2.0,,,
2003-06,32978.2,,,,,16.9,,8.3,32.8,0.3721015421810323,0.3,1.3,,0.1159871001363757,
2003-07,,,,,,16.5,,9.8,32.7,0.3682099511179684,0.5,1.4,,,
2003-08,,,,,,17.1,,9.9,32.4,0.3174882265177845,0.9,1.4,,,
2003-09,35778.3,,,,,16.3,,9.5,31.4,0.27495058605097267,1.1,1.4,,0.12992193125402673,
2003-10,,,,,,17.2,,10.2,30.2,0.28331759184428584,1.8,1.2,,,
2003-11,,,,,,17.9,,9.7,29.6,0.277631425071859,3.0,1.9,,,
2003-12,40338.8,,,,,18.1,,10.9,28.4,0.17618807542479908,3.2,3.0,,0.1385267578681766,
2004-01,,,,,,7.2,,11.8,,,3.2,3.5,,,
2004-02,,,,,,23.2,,9.2,53.0,0.6974602879510856,2.1,3.5,,,
2004-03,35107.8,,,,,19.4,,11.1,47.8,0.48357289527720715,3.0,4.0,,0.15936199722607491,
2004-04,,,,,,19.1,,13.2,42.8,0.4316282107877445,3.8,5.0,,,
2004-05,,,,,,17.5,,17.8,34.8,0.3250465602748043,4.4,5.7,,,
2004-06,39251.8,,,,,16.2,,13.9,31.0,0.4253610807058761,5.0,6.4,,0.19023476114524152,
2004-07,,,,,,15.5,,13.2,31.1,0.4322939448853327,5.3,6.4,,,
2004-08,,,,,,15.9,,13.1,30.3,0.40382426965918916,5.3,6.8,,,
2004-09,42448.0,,,,,16.1,,14.0,29.9,0.40862623505755,5.2,7.9,,0.18641746533513315,
2004-10,,,,,,15.7,,14.2,29.5,0.398083936529134,4.3,8.4,,,
2004-11,,,,,,14.8,,13.9,28.9,0.37733981129757677,2.8,8.1,,,
2004-12,47420.3,,,,,14.4,,14.5,27.6,0.16454901257135157,2.4,7.1,,0.17555058653207323,
2005-01,,,,54.7,,20.9,,11.5,,,1.9,5.8,,,
2005-02,,,,54.5,,7.6,,15.8,24.5,0.2843752566906903,3.9,5.38,,,
2005-03,41079.2,,,57.9,,15.1,,13.9,25.3,0.2766707764918006,2.7,5.6,,0.170087558890047,
2005-04,,,,56.7,,16.0,,12.2,25.7,0.2504487385183103,1.8,5.78,,,
2005-05,,,,52.9,,16.6,,12.8,26.4,0.2972577088496864,1.8,5.9,,,
2005-06,45399.8,,,51.7,,16.8,,12.9,27.1,0.2873382375206226,1.6,5.2,,0.15662975965433423,
2005-07,,,,51.1,,16.1,,12.7,27.2,0.26524565473469486,1.8,5.2,,,
2005-08,,,,52.6,,16.0,,12.5,27.4,0.2847233316568536,1.3,5.3,,,
2005-09,48681.7,,,55.1,,16.5,,12.7,27.7,0.29922685750181044,0.9,4.5,,0.1468549754994346,
2005-10,,,,54.1,,16.1,,12.8,27.6,0.2754534238794202,1.2,4.0,,,
2005-11,,,,54.1,,16.6,,12.4,27.8,0.30599471147456025,1.3,3.2,,,
2005-12,54746.8,,,54.3,,16.5,,12.5,27.2,0.26649696767373277,1.6,3.2,,0.15450134225215773,
2006-01,,,,52.1,,12.6,,15.5,,,1.9,3.05,,,
2006-02,,,,52.1,,20.1,,9.4,26.6,0.253997129173003,0.9,3.01,,,
2006-03,47831.7,,,55.3,,17.8,,13.5,29.8,0.3114083366217364,0.8,2.49,,0.16437759255292228,
2006-04,,,,58.1,,16.6,,13.554756,29.6,0.2825326434094697,1.2,1.87,,,
2006-05,,,,54.8,,17.9,,14.2,30.3,0.30610485280043576,1.4,2.43,,,
2006-06,53415.3,,,54.1,,19.5,,13.9,31.3,0.3246003724683786,1.5,3.52,,0.1765536412054678,
2006-07,,,,52.4,,16.7,,13.7,30.5,0.25973889681806717,1.0,3.58,,,
2006-08,,,,53.1,,15.7,,13.8,29.1,0.20094600030090293,1.3,3.4,,,
2006-09,56820.5,,,57.0,,16.1,,13.9,28.2,0.22341741551052063,1.5,3.5,,0.16718397262215579,
2006-10,,,,54.7,,14.7,,14.348977,26.8,0.16165505777497846,1.4,2.9,,,
2006-11,,,,55.3,,14.9,,14.1,26.6,0.23753536884702675,1.9,2.78,,,
2006-12,64510.8,,,54.8,,14.7,,14.6,24.3,0.19630840872782174,2.8,3.1,,0.1783483235549841,
2007-01,,,,55.1,,24.71,,12.748329,,,2.2,3.3,,,
2007-02,,,,53.1,,12.6,,16.857995,23.4,0.23439489242741907,2.7,2.6,,,
2007-03,58080.6,54213.0,,56.1,,17.6,,15.338037,25.3,0.2683274472229702,3.3,2.7,,0.21427003430779168,
2007-04,,,,58.6,,17.4,,15.5,25.5,0.2584762851595839,3.0,2.9,,,
2007-05,,,,55.7,,18.1,,15.9,25.9,0.270585024355287,3.4,2.8,,,
2007-06,65751.0,59956.2,,54.5,,19.4,,15.9827,26.7,0.28450289614165136,4.4,2.49,,0.2309394499328843,
2007-07,,,,53.3,,18.0,,16.4,26.6,0.2638866739818102,5.6,2.4,,,
2007-08,,,,54.0,,17.5,,17.1,26.7,0.2733753906924119,6.5,2.6,,,
2007-09,70494.1,61840.5,,56.1,,18.9,,17.010498,26.4,0.24781456012301772,6.2,2.7,,0.24064554166190022,
2007-10,,,,53.2,,17.9,,18.1,26.9,0.30720599726509157,6.5,3.2,,,
2007-11,,,,55.4,,17.3,,18.8,26.8,0.2607465390117265,6.9,4.55,,,
2007-12,79854.0,68248.8,,55.3,,17.4,,20.2,25.8,0.18707566104012274,6.5,5.43,,0.23783924552168,
2008-01,,,,53.0,,15.4,,21.2,,,7.1,6.1,,,
2008-02,,,,53.4,,15.4,,19.1,24.3,0.24273566528589852,8.7,6.62,,,
2008-03,70609.6,60500.8,,58.4,,17.8,,21.5,25.9,0.2730876807432008,8.3,7.95,,0.2157174684834524,0.11598325124970033
2008-04,,,,59.2,,15.7,,22.0,25.7,0.2536803795896063,8.5,8.12,,,
2008-05,,,,53.3,,16.0,,21.6,25.6,0.25435617864697346,7.7,8.22,,,
2008-06,79965.0,66552.3,,52.0,,16.0,,23.0,26.8,0.2949282550324095,7.1,8.84,,0.21617922160879677,0.11001531117715935
2008-07,,,,48.4,,14.7,,23.3,27.3,0.292286918750547,6.3,10.03,,,
2008-08,,,,48.4,,12.8,,23.2,27.4,0.2809348701006009,4.9,10.06,,,
2008-09,83668.3,67718.5,,51.2,,11.4,,23.2,27.6,0.290240235834647,4.6,9.13,,0.18688372502095918,0.09505097791900141
2008-10,,,,44.6,,8.2,,22.0,27.2,0.2439462235231915,4.0,6.59,,,
2008-11,,,,38.8,,5.4,,20.8,26.8,0.23806634286847217,2.4,1.99,,,
2008-12,90075.0,73103.7,,41.2,,5.7,,19.0,26.6,0.22272254049841433,1.2,-1.14,,0.12799609286948677,0.07113531666490824
2009-01,,,,45.3,,-2.93,,18.5,,,1.0,-3.35,,,
2009-02,,,,49.0,,11.0,,11.6,26.5,0.26529036643193393,-1.6,-4.47,,,
2009-03,75341.3,64349.4,,52.4,,8.3,,14.7,28.6,0.3031253524787534,-1.2,-6.0,,0.06701213432734354,0.06361238198503161
2009-04,,,,53.5,,7.3,,14.8,30.5,0.3395547268290413,-1.5,-6.6,,,
2009-05,,,,53.1,,8.9,,15.2,32.9,0.386691389414491,-1.4,-7.2,,,
2009-06,85355.6,72031.5,,53.2,,10.7,,15.0,33.6,0.35253838644315505,-1.7,-7.8,,0.06741199274682685,0.08232923580402174
2009-07,,,,53.3,,10.8,6.0,15.2,32.9,0.2994411291086476,-1.8,-8.2,,,
2009-08,,,,54.0,,12.3,8.22,15.4,33.0,0.336465612977199,-1.2,-7.86,,,
2009-09,91330.0,74923.3,,54.3,,13.9,10.24,15.522151,33.3,0.3505305992500851,-0.8,-6.99,,0.09157231591893211,0.10639337847117125
2009-10,,,,55.2,,16.1,15.87,16.214903,33.1,0.31646539063368184,-0.5,-5.85,,,
2009-11,,,,55.2,,19.2,27.63,15.812804,32.1,0.24258946403726367,0.6,-2.08,,,
2009-12,102494.7,81767.9,,56.6,,18.5,,17.5374,30.4,0.24090320151062206,1.9,1.7,,0.1378817651956703,0.1185193088721912
2010-01,,,,55.8,,29.2,,14.0,,,1.5,4.32,,,
2010-02,,,,52.0,,12.8,10.54,22.1,26.6,0.2664748890352955,2.7,5.39,,,
2010-03,89125.0,72173.5,11.49,55.1,,18.1,21.036924,18.0,26.4,0.2628620200945193,2.4,5.91,,0.18295012164642754,0.12158776927212989
2010-04,,,,55.7,,17.8,23.08,18.5,26.1,0.2536755841216538,2.8,6.81,,,
2010-05,,,,53.9,,16.5,20.8,18.65733,25.9,0.2541382721276655,3.1,7.13,,,
2010-06,101075.0,79733.2,10.32,52.1,,13.7,14.14,18.3,25.5,0.2486387232825411,2.9,6.41,,0.1841636635440438,0.10692127749665081
2010-07,,,,51.2,,13.4,13.94,17.948076,24.9,0.2234656262371273,3.3,4.84,,,
2010-08,,,,51.7,,13.9,14.69,18.4,24.8,0.23918152934594783,3.5,4.32,,,
2010-09,107792.9,82315.2,9.36,53.8,,13.3,8.58,18.84,24.5,0.23177862707701702,3.6,4.33,,0.18025730866090006,0.09865956251259611
2010-10,,,,54.7,,13.1,8.37,18.64,24.4,0.23688599202881933,4.4,5.04,,,
2010-11,,,,55.2,,13.3,3.925325,18.7,24.9,0.2910729707594757,5.1,6.06,,,
2010-12,121260.4,89891.3,9.17,53.9,,13.5,,19.1,24.5,0.2043822208072179,4.6,5.93,,0.1830894670651262,0.09934705428413859
2011-01,,,,52.9,,13.3,,19.899985,,,4.9,6.6,,,
2011-02,,,,52.2,,14.9,15.82,11.633507,24.9,0.34041184782884315,4.944,7.23,,,
2011-03,106218.9,100490.0,8.25,53.4,,14.8,13.41,17.437599,25.0,0.3124268043018956,5.383,7.31,,0.19179691444600278,0.392339293508005
2011-04,,,,52.9,,13.4,11.23,17.121601,25.4,0.37175362697617187,5.344,6.82,,,
2011-05,,,,52.0,,13.3,10.79,16.89981,25.8,0.3358013732352514,5.515,6.79,,,
2011-06,120776.8,112089.8,8.5,50.9,,15.1,13.0,17.686683,25.6,0.11805795416480369,6.355,7.12,,0.1949225822409102,0.4058108792824069
2011-07,,,,50.7,,14.0,11.81,17.2,25.4,0.2765638183828951,6.451,7.54,,,
2011-08,,,,50.9,,13.5,9.09,17.0,25.0,0.3339220282147648,6.151,7.25,,,
2011-09,128561.5,117167.9,9.1,51.2,,13.8,12.17,17.7,24.9,0.27318163835084164,6.067,6.52,,0.1926713169420251,0.4234053977880148
2011-10,,,,50.4,,13.2,11.35,17.249736,24.9,0.34143698481821794,5.495,5.0,,,
2011-11,,,,49.0,,12.4,9.91,17.3,24.5,0.213694636881552,4.225,2.72,,,
2011-12,140150.3,129175.6,8.58,50.3,,12.8,,18.1,23.8,0.057416283519228006,4.07,1.69,,0.15577962797417788,0.4370200453214048
2012-01,,,,50.5,,2.8,,13.1,,,4.5,0.73,,,
2012-02,,,,51.0,56.0,21.3,22.9,16.4,21.5,0.2146658365894374,3.2,0.03,,,
2012-03,119377.5,108621.0,8.39,53.1,57.4,11.9,7.01,15.2,20.9,0.21142887957948742,3.6,-0.32,,0.12388190802201882,0.08091352373370486
2012-04,,,,53.3,55.0,9.3,3.74,14.078876,20.2,0.19245714651899304,3.4,-0.7,,,
2012-05,,,,50.4,54.3,9.6,5.21,13.793596,20.1,0.21041003650191725,3.0,-1.4,,,
2012-06,133491.2,120674.3,7.59,50.2,56.4,9.5,4.253966,13.7,20.4,0.21781433817796958,2.2,-2.08,,0.10527187340615085,0.0765859159352591
2012-07,,,,50.1,54.4,9.2,4.514594,13.1,20.4,0.20638724195944702,1.8,-2.87,,,
2012-08,,,,49.2,55.1,8.9,3.58,13.2,20.2,0.19364885326113135,2.0,-3.48,,,
2012-09,140384.0,126004.9,7.43,49.8,52.6,9.2,2.92,14.2,20.5,0.23079541482020227,1.9,-3.55,,0.09195987912399906,0.07542168119425208
2012-10,,,,50.2,54.4,9.6,6.05,14.5,20.7,0.22405478651546273,1.7,-2.76,,,
2012-11,,,,50.6,54.2,10.1,7.58,14.9,20.7,0.19963478516596544,2.0,-2.2,,,
2012-12,154258.0,139684.4,7.77,50.6,54.7,10.3,,15.2,20.6,0.1883629678273857,2.5,-1.94,,0.10066121870591793,0.08135282514654452
2013-01,,,,50.4,54.9,17.7,,,,,2.0305,-1.64,,,
2013-02,,,,50.1,53.6,2.2,-12.49,12.2999,21.2,,3.2198,-1.63,,,
2013-03,131879.7,117211.9,7.95,50.9,53.9,8.9,1.94,12.60029,20.9,0.5298798963144027,2.0696,-1.92,,0.10472827794182327,0.07909059942368413
2013-04,,,,50.6,52.5,9.3,6.78,12.8,20.6,0.24554612103934992,2.3861,-2.62,,,
2013-05,,,,50.8,52.3,9.2,5.022142,12.892196,20.4,0.43876435701020156,2.0981,-2.87,,,
2013-06,146113.9,129822.0,7.56,50.1,52.6,8.9,6.295814,13.31247,20.1,0.5032411127835306,2.6684,-2.7,,0.09455829298111018,0.07580487311714257
2013-07,,,,50.3,53.0,9.7,8.832639,13.212343,20.1,-0.033054742551788974,2.6741,-2.27,,,
2013-08,,,,51.0,52.5,10.4,13.67,13.370123,20.3,0.21588561788248906,2.5666,-1.62,,,
2013-09,154972.1,136015.8,7.74,51.1,53.9,10.2,10.4,13.3,20.2,0.3858733370981071,3.0519,-1.34,,0.10391568839753829,0.07944849763779027
2013-10,,,,51.4,54.8,10.3,9.53,13.320159,20.1,0.08946422412232624,3.2058,-1.51,,,
2013-11,,,,51.4,54.1,10.0,8.45,13.721251,19.9,0.11244815447484968,3.018,-1.42,,,
2013-12,170694.7,150436.9,7.64,51.0,52.5,9.7,,13.6,19.6,0.34281871281846477,2.4987,-1.36,,0.1065533067977027,0.07697709980498901
2014-01,,,,50.5,51.5,8.5,,,,,2.4861,-1.64,,,
2014-02,,,,50.2,53.8,8.8,13.736301,11.8246,17.9,-0.21544313467384646,1.9511,-2.0,,,
2014-03,143539.4,126096.9,7.32,50.3,52.8,8.8,7.2,12.2404,17.6,0.48149268913000354,2.3848,-2.3019,,0.08841163575591993,0.0758028834956177
2014-04,,,,50.4,53.4,8.7,4.61,11.93653,17.3,0.19557289436005942,1.8014,-2.0042,,,
2014-05,,,,50.8,54.4,8.8,5.3,12.514318,17.2,0.40364135790284705,2.4773,-1.4464,,,
2014-06,159462.4,139762.7,7.4,51.0,53.5,9.2,5.86,12.42793,17.3,0.48036558299796184,2.3361,-1.1092,,0.09135681136428508,0.07657176749703454
2014-07,,,,51.7,53.2,9.0,2.98,12.22174,17.0,-0.06754524005606777,2.2852,-0.8688,,,
2014-08,,,,51.1,53.6,6.9,-1.49,11.901354,16.5,0.14574903936756578,1.9909,-1.2038,,,
2014-09,168601.7,145915.4,7.24,51.1,52.5,8.0,2.73,11.567603,16.1,0.27278477356239894,1.6275,-1.7996,,0.08794873399792613,0.07278272083096238
2014-10,,,,50.8,52.6,7.7,3.052641,11.520769,15.9,0.037399658515691714,1.6011,-2.2428,,,
2014-11,,,,50.3,52.6,7.2,3.282558,11.720801,15.8,0.05758837075370837,1.4393,-2.6928,,,
2014-12,184179.4,161515.0,7.25,50.1,53.3,7.9,4.153247,11.889118,15.7,0.2858648622104194,1.5056,-3.3152,,0.07899893786977552,0.07363951264616597
2015-01,,,,49.8,52.9,9.6,,,,,0.7638,-4.3202,,,
2015-02,,,,49.9,53.2,3.6,-6.3,10.7142,13.9,-0.23798693619759181,1.4311,-4.7976,,,
2015-03,154171.4,134991.8,7.02,50.1,52.3,5.6,-2.177386,10.244532,13.5,0.4210546815372438,1.3758,-4.5603,,0.07407025527485844,0.07054019567491343
2015-04,,,,50.1,52.4,5.9,1.287186,10.002445,12.0,0.11642267308551113,1.5091,-4.5725,,,
2015-05,,,,50.2,52.0,6.1,1.578521,10.130209,11.4,0.32280788045684217,1.2308,-4.607,,,
2015-06,171887.0,149632.2,6.91,50.2,52.3,6.8,1.760122,10.631952,11.4,0.4127008106344754,1.3909,-4.8135,,0.07791554623535091,0.07061612289974373
2015-07,,,,50.0,52.8,6.0,-1.317016,10.512323,11.2,-0.13068257866692734,1.6473,-5.3692,,,
2015-08,,,,49.7,52.6,6.1,1.903499,10.792317,10.9,0.08104008083734549,1.9554,-5.9227,,,
2015-09,180118.7,156060.3,6.79,49.8,53.0,5.7,-0.15279,10.9,10.3,0.20003012383903918,1.5956,-5.945,,0.0683089197795752,0.06952590336592301
2015-10,,,,49.8,52.3,5.6,-0.242482,11.023401,10.2,0.01717555052510633,1.2674,-5.9,,,
2015-11,,,,49.6,52.8,6.2,0.581849,11.172228,10.2,0.02860763015272294,1.4856,-5.9,,,
2015-12,196334.4,172630.8,6.85,49.7,53.7,5.9,-2.153065,11.1,10.0,0.2115687933014594,1.6,-5.9,,0.06599543705756461,0.06882209082747726
2016-01,,,,49.4,52.7,5.865724,,,,,1.8,-5.3,,,
2016-02,,,,49.0,52.2,4.906937,4.020384,10.2,10.2,-0.2538320565812242,2.3,-4.9,,,
2016-03,165735.3,165118.1,6.7,50.2,53.1,6.8,5.640467,10.5,10.7,0.3874311433616875,2.301391,-4.3,,0.07500677817027013,0.22317133336987882
2016-04,,,,50.1,52.5,6.0,1.885077,10.1,10.5,0.08633388374280115,2.327865,-3.4,,,
2016-05,,,,50.1,52.0,6.0,2.053089,10.0,9.6,0.29697658434468144,2.038999,-2.8,,,
2016-06,185002.2,183371.5,6.62,50.0,52.2,6.2,2.640878,10.6,9.0,0.37884240398694247,1.879503,-2.6,,0.07630129096441274,0.22548154742094262
2016-07,,,,49.9,52.6,6.0,8.168144,10.2,8.1,-0.19051085226795528,1.765113,-1.7,,,
2016-08,,,,50.4,52.7,6.3,8.279983,10.6,8.1,0.06444160356241935,1.339773,-0.8,,,
2016-09,194837.5,192174.4,6.67,50.4,52.3,6.1,6.871408,10.7,8.2,0.19914126031060664,1.920226,0.1,,0.08171722314229446,0.23141119169961866
2016-10,,,,51.2,52.6,6.1,6.986335,10.0,8.3,0.03544140233455173,2.095947,1.2,,,
2016-11,,,,51.7,53.7,6.2,6.966866,10.8,8.3,0.023161839197481493,2.252258,3.3,,,
2016-12,215617.9,209433.4,6.7,51.4,53.2,6.0,6.879046,10.9,8.1,0.16470967218646693,2.076545,5.5,,0.09821763277347229,0.21318675462316117
2017-01,,,,51.3,53.5,2.93725,,,,,2.549055,6.9,,,
2017-02,,,,51.6,53.2,10.322581,17.212391,9.5,8.9,-0.2394873300017415,0.8,7.8,,,
2017-03,185274.4,176649.8,6.81,51.8,54.2,7.6,7.892457,10.9,9.2,0.37864258682839513,0.9,7.6,,0.11789341196474146,0.06983910304200447
2017-04,,,,51.2,52.6,6.5,6.023428,10.7,8.9,0.05675233896132248,1.2,6.4,,,
2017-05,,,,51.2,53.5,6.5,5.054293,10.7,8.6,0.27042873511416077,1.5,5.5,,,
2017-06,205665.6,196116.2,6.74,51.7,53.8,7.6,6.513623,11.0,8.6,0.39593168394515743,1.5,5.5,,0.11169272581623346,0.06950207638591599
2017-07,,,,51.4,53.1,6.4,9.936585,10.4,8.3,-0.19641418789632348,1.4,5.5,,,
2017-08,,,,51.7,52.6,6.0,6.430298,10.1,7.8,0.06386626057636158,1.8,6.3,,,
2017-09,216755.3,205362.6,6.77,52.4,54.4,6.6,7.199605,10.3,7.5,0.17720231905387895,1.6,6.9,,0.11249271829088348,0.06862620619603876
2017-10,,,,51.6,53.5,6.2,4.96278,10.0,7.3,-0.0202659641123365,1.9,6.9,,,
2017-11,,,,51.8,53.6,6.1,4.641953,10.2,7.2,-0.004928597018150849,1.7,5.8,,,
2017-12,239687.6,223659.8,6.73,51.6,53.4,6.2,7.37,9.4,7.2,0.04634145396390865,1.8,4.9,,0.11163126994558437,0.06792803822121973
2018-01,,,,51.3,54.4,15.434501,,,,,1.5,4.3,4.96,,
2018-02,,,,50.3,53.8,-2.119883,2.03,9.7,7.9,-0.22995918124503167,2.9,3.7,5.0,,
2018-03,205735.3,188926.3,6.76,51.5,53.6,6.0,3.64,10.1,7.5,0.35669078753665917,2.1,3.1,5.06,0.11043565651811571,0.06949625756723199
2018-04,,,,51.4,53.8,7.0,7.82,9.4,7.0,0.022821597395880966,1.8,3.4,4.9,,
2018-05,,,,51.9,54.0,6.8,11.4,8.5,6.1,0.2202821050089261,1.8,4.1,4.8,,
2018-06,228042.4,209673.7,6.76,51.5,54.0,6.0,7.98,9.0,6.0,0.3684298816574094,1.9,4.7,4.8,0.10880186088485377,0.06912993419207591
2018-07,,,,51.2,53.0,6.0,6.82,8.8,5.5,-0.2393729388530963,2.1,4.6,5.1,,
2018-08,,,,51.3,53.4,6.1,8.82,9.0,5.3,0.04498474666431784,2.3,4.1,5.0,,
2018-09,238796.8,219079.5,6.61,50.8,53.4,5.8,8.0,9.2,5.4,0.203440696237851,2.5,3.6,4.9,0.10168840162155202,0.0667935641640689
2018-10,,,,50.2,52.1,5.9,6.73,8.6,5.7,-0.0031564535958210627,2.5,3.3,4.9,,
2018-11,,,,50.0,52.4,5.4,6.32,8.1,5.9,0.039774309722821144,2.2,2.7,4.8,,
2018-12,263435.6,238292.3,6.42,49.4,52.3,5.7,8.78,8.160814,5.9,-0.5393181703816998,1.9,0.9,4.9,0.09907896778973946,0.06542302192884009
2019-01,,,,49.5,53.6,6.797753,,,,,1.7,0.1,5.1,,
2019-02,,,,49.2,53.5,3.360717,7.18,8.2,6.1,-0.2079914466537479,1.5,0.1,5.3,,
2019-03,221453.9,201017.6,6.32,50.5,53.6,8.5,7.5,8.7,6.3,0.2777752879487294,2.3,0.4,5.2,0.07640205642881903,0.06400008892356457
2019-04,,,,50.1,53.3,5.4,5.84,7.2,6.1,-0.04027646650159433,2.5,0.9,5.0,,
2019-05,,,,49.4,53.5,5.0,2.35,8.6,5.6,0.15324190689429984,2.7,0.6,5.0,,
2019-06,246193.9,222389.6,6.25,49.4,53.4,6.3,5.51,9.8,5.8,0.3219583367107077,2.7,0.0,5.1,0.07959703984872979,0.060646137307635684
2019-07,,,,49.7,52.9,4.8,2.69,7.6,5.7,-0.38734881202859495,2.8,-0.3,5.3,,
2019-08,,,,49.5,52.5,4.4,3.59,7.5,5.5,-0.11535173215690298,2.8,-0.8,5.2,,
2019-09,256023.2,232153.3,6.08,49.8,53.0,5.8,4.41,7.8,5.4,0.020485175202156425,3.0,-1.2,5.2,0.07213832011149246,0.05967605367001472
2019-10,,,,49.3,51.4,4.7,5.03,7.2,5.2,-0.27250893327865977,3.8,-1.6,5.1,,
2019-11,,,,50.2,53.5,6.2,4.71,8.0,5.2,-0.6438518518518519,4.5,-1.4,5.1,,
2019-12,282201.4,252346.2,6.05,50.2,53.0,6.9,13.77,8.0,5.4,-0.7121555915721232,4.5,-0.5,5.2,0.0712348672692682,0.058977566627205436
2020-01,,,,50.0,53.1,-4.313519,,,,,5.4,0.1,5.3,,
2020-02,,,,35.7,30.1,-25.867052,-10.09,-20.5,-24.5,0.26371876066593347,5.2,-0.4,6.2,,
2020-03,209671.1,187417.1,-4.77,52.0,51.8,-1.1,-4.17,-15.8,-16.1,0.13318022698387932,4.3,-1.5,5.9,-0.05320655901747495,-0.06765825479957976
2020-04,,,,50.8,52.1,3.9,0.69,-7.5,-10.3,-0.07616358598435691,3.3,-3.1,6.0,,
2020-05,,,,50.6,52.3,4.4,4.61,-2.8,-6.3,0.15765832652758194,2.4,-3.7,5.9,,
2020-06,253450.0,229396.0,2.87,50.9,53.4,4.8,6.07,-1.8,-3.1,0.33330636810768843,2.5,-3.0,5.7,0.029473110422313598,0.03150507038098893
2020-07,,,,51.1,53.1,4.8,2.29,-1.1,-1.6,-0.41613832853025934,2.7,-2.4,5.7,,
2020-08,,,,51.0,54.3,5.6,7.73,0.5,-0.3,-0.0034543701799485405,2.4,-2.0,5.6,,
2020-09,269910.2,243567.3,5.24,51.5,55.2,6.9,7.22,3.3,0.8,0.1152002474099274,1.7,-2.1,5.4,0.05424117814323082,0.04916578829592333
2020-10,,,,51.4,55.5,6.9,6.59,4.3,1.8,-0.22804410987849977,0.5,-2.1,5.3,,
2020-11,,,,52.1,55.7,7.0,9.38,5.0,2.6,-0.6725179160963041,-0.5,-1.5,5.2,,
2020-12,301836.2,268766.9,6.23,51.9,54.8,7.3,17.25,4.6,2.9,-0.15285926963832208,0.2,-0.4,5.2,0.06957725936157644,0.06507211125033785
2021-01,,,,51.3,51.1,25.398571,26.16,,,,-0.3,0.3,5.4,,
2021-02,,,,50.6,50.8,52.339181,18.53,33.8,35.0,1.5470720720720719,-0.2,1.7,5.5,,
2021-03,255055.2,251564.0,18.85,51.9,55.2,14.1,20.73,34.2,25.6,0.5232121957806921,0.4,4.4,5.3,0.21645376973746022,0.3422681281483919
2021-04,,,,51.1,54.4,9.8,14.17,17.7,19.9,-0.0592656723466215,0.9,6.8,5.1,,
2021-05,,,,51.0,54.3,8.8,13.47,12.4,15.4,-0.04871011218891774,1.3,9.0,5.0,,
2021-06,287979.2,273519.5,8.43,50.9,52.3,8.3,10.75,12.1,12.6,-0.006204906204906213,1.1,8.8,5.0,0.1362367330834484,0.19234642277982172
2021-07,,,,50.4,52.5,6.4,13.68,8.5,10.3,-0.4341273404603866,1.0,9.0,5.1,,
2021-08,,,,50.1,45.2,5.3,4.3,2.5,8.9,-0.06786246875722002,0.8,9.5,5.1,,
2021-09,297961.9,285059.2,5.34,49.6,52.4,3.1,7.63,4.4,7.3,0.026078194276501376,0.7,10.7,4.9,0.10392975145066763,0.17035086401171262
2021-10,,,,49.2,51.6,3.5,6.11,4.9,6.1,-0.16812257348863002,1.5,13.5,4.9,,
2021-11,,,,50.1,51.1,3.8,3.1,3.9,5.2,0.03201317308926055,2.3,12.9,5.0,,
2021-12,332826.7,313417.0,3.97,50.3,52.0,4.3,-2.18,1.7,4.9,2.1021022866978116,1.5,10.3,5.1,0.10267323800127359,0.16612946013813445
2022-01,,,,50.1,50.3,3.857957,-1.27,,,,0.9,9.1,5.3,,
2022-02,,,,50.2,50.5,12.795905,16.94,6.7,12.2,1.6238176461466893,0.9,8.8,5.5,,
2022-03,277175.8,263762.9,4.77,49.5,46.7,5.0,3.5,-3.525412,9.3,0.19614908479971693,1.5,8.3,5.8,0.08672867677271423,0.04849223259289892
2022-04,,,,47.4,40.0,-2.9,-1.3,-11.1,6.8,-0.04109696993577372,2.1,8.0,6.1,,
2022-05,,,,49.6,47.1,0.7,-1.3,-6.7,6.2,0.09642334239698802,2.1,6.4,5.9,,
2022-06,299111.5,275704.6,1.16,50.2,54.3,3.9,4.7,3.1,6.1,0.30636760920320083,2.5,6.1,5.5,0.03865661131081688,0.007988827122014985
2022-07,,,,49.0,52.8,3.8,6.3,2.7,5.7,-0.21943113434328765,2.7,4.2,5.4,,
2022-08,,,,49.4,51.9,4.2,10.7,5.4,5.8,0.014174511611948715,2.5,2.3,5.3,,
2022-09,315399.6,296333.6,3.68,50.1,48.9,6.3,0.89,2.5,5.9,0.22365930599369088,2.8,0.9,5.5,0.05852325414759396,0.03955108272246588
2022-10,,,,49.2,47.0,5.0,2.24,-0.5,5.8,-0.01702871508818793,2.1,-1.3,5.5,,
2022-11,,,,48.0,45.1,2.2,0.43,-5.9,5.3,0.012251020918409905,1.6,-1.3,5.7,,
2022-12,342342.4,322969.4,1.85,47.0,39.4,1.3,-4.55,-1.8,5.1,0.0794877639404048,1.8,-0.7,5.5,0.02859055478421646,0.030478244638931562
2023-01,,,,50.1,54.0,-9.793162,-4.8,,,,2.1,-0.8,5.5,,
2023-02,,,,52.6,55.6,18.774816,11.0,3.5,5.5,0.061666501535717844,1.0,-1.4,5.6,,
2023-03,292368.8,276286.8,4.04,51.9,56.9,3.9,5.92,10.6,5.1,0.057955597580915175,0.7,-2.5,5.3,0.0548135876220075,0.047481658716976405
2023-04,,,,49.2,55.1,5.6,8.33,18.4,4.7,-0.2570552033857584,0.1,-3.6,5.2,,
2023-05,,,,48.8,53.8,3.5,7.4,12.7,4.0,-0.15078484549638393,0.2,-4.6,5.2,,
2023-06,316237.5,293711.1,6.84,49.0,52.8,4.4,3.87,3.1,3.8,0.03582602060282336,0.0,-5.4,5.2,0.057256240565809025,0.06531084356227645
2023-07,,,,49.3,51.5,3.7,6.46,2.5,3.4,-0.34645464821434024,-0.3,-4.4,5.3,,
2023-08,,,,49.7,50.5,4.5,3.89,4.6,3.2,-0.1496010913149518,0.1,-3.0,5.2,,
2023-09,328440.7,311288.6,4.46,50.2,50.9,4.5,9.89,5.5,3.1,0.014779887512158085,0.0,-2.5,5.0,0.04134786474047547,0.05046677123350163
2023-10,,,,49.5,50.1,4.6,8.39,7.6,2.9,-0.18288955179906452,-0.2,-2.6,5.0,,
2023-11,,,,49.4,49.3,6.6,11.597037,10.1,2.9,-0.17267768297800068,-0.5,-3.0,5.0,,
2023-12,357224.8,340242.9,5.42,49.0,49.3,6.8,10.0,7.4,3.0,-0.13094846039848507,-0.3,-2.7,5.1,0.043472266362565515,0.05348339502132404
2024-01,,,,49.2,50.1,26.3,,,,,-0.8,-2.5,5.2,,
2024-02,,,,49.1,51.0,-12.7,,5.5,4.2,-0.02395623380362799,0.7,-2.7,5.3,,
2024-03,304525.2,290792.0,4.91,50.8,52.4,4.5,7.36,3.1,4.5,-0.08178882729529457,0.1,-2.8,5.2,0.041578992012827776,0.052500517578110806
2024-04,,,,50.4,50.3,6.7,6.96,2.3,4.2,-0.19264500512056604,0.3,-2.5,5.0,,
2024-05,,,,49.5,50.5,5.6,7.22,3.7,4.0,0.10957711442786078,0.3,-1.4,5.0,,
2024-06,328585.4,307369.0,5.08,49.5,50.2,5.3,5.83,2.0,3.9,0.3883579706287954,0.2,-0.8,5.0,0.039046286414482934,0.0465011366611614
2024-07,,,,49.4,50.0,5.1,5.69,2.7,3.6,-0.22243913219639766,0.5,-0.8,5.2,,
2024-08,,,,49.1,50.2,4.5,8.87,2.1,3.4,-0.023629776790931367,0.6,-1.8,5.3,,
2024-09,341443.2,325479.2,4.58,49.8,49.9,5.4,8.52,3.2,3.4,0.20535193466848134,0.4,-2.8,5.1,0.03958857717694553,0.04558663568148669
2024-10,,,,50.1,50.1,5.3,4.33,4.8,3.4,-0.07811555851895069,0.3,-2.9,5.0,,
2024-11,,,,50.3,50.1,5.4,2.79,3.0,3.3,-0.03959525848469825,0.2,-2.5,5.0,,
2024-12,373512.4,358465.4,5.07,50.1,52.0,6.2,3.18,3.7,3.2,0.17220142494867763,0.1,-2.3,5.1,0.045594818724791875,0.053557326251334025
2025-01,,,,49.1,50.3,-11.11,,,,,0.5,-2.3,5.2,,
2025-02,,,,50.2,50.0,31.02,8.6,4.0,4.1,0.24624603287385716,-0.7,-2.2,5.4,,
2025-03,318466.4,306571.0,5.16,50.5,50.3,7.7,4.8041,5.9,4.2,-0.005742718351131826,-0.1,-2.5,5.2,0.04578011934644488,0.05426215301658921
2025-04,,,,49.0,50.1,6.1,4.6813,5.1,4.0,-0.1086492529728631,-0.1,-2.7,5.1,,
2025-05,,,,49.5,50.2,5.8,4.4315,6.4,3.7,0.03607094259553967,-0.1,-3.3,5.0,,
2025-06,341395.3,323458.2,5.16,49.7,50.1,6.8,5.421237,4.8,2.8,0.27131487501401197,0.1,-3.6,5.0,0.03898499446414827,0.05234490140515158
2025-07,,,,49.3,50.0,5.7,8.582166,3.7,1.6,-0.31035985013505274,0.0,-3.6,5.2,,
2025-08,,,,49.4,50.5,5.2,4.990763,3.4,0.5,-0.10274751302700147,-0.4,-2.9,5.3,,
2025-09,354106.2,341216.5,4.76,49.8,50.1,6.5,4.5367,3.0,-0.5,0.08737492220041165,-0.3,-2.3,5.2,0.037086695532375424,0.04835116959854879
2025-10,,,,49.0,50.2,4.9,10.356738,2.9,-1.7,-0.24628475792954652,0.2,-2.1,5.1,,
2025-11,,,,49.2,49.5,4.8,6.171445,1.3,-2.6,-0.20619745050176297,0.7,-2.2,5.1,,
2025-12,387911.3,374444.5,4.48,50.1,49.7,5.2,2.770855,0.9,-3.8,-0.03439941807260016,0.8,-1.9,5.1,0.03854999191459241,0.04457640821122477
2026-01,,,,49.3,49.5,6.3,,,,,0.2,-1.4,5.2,,
2026-02,,,,49.0,49.7,6.3,,2.8,1.8,0.08624703821984125,1.3,-0.9,5.3,,
2026-03,334192.9,335748.7,4.89,50.4,50.2,5.7,3.515013,1.7,1.7,-0.050019954769189856,1.0,0.5,5.4,0.04938197561814994,0.0951743641766507
2026-04,,,,50.3,49.6,,,,,,,,,,
